2026-09-06 11:39:19.969 [info] [main] Log level: Info
2026-09-06 11:39:19.970 [info] [main] Validating found git in: "C:\Program Files\Git\cmd\git.exe"
2026-09-06 11:39:29.890 [info] [main] Using git "2.54.0.windows.1" from "C:\Program Files\Git\cmd\git.exe"
2026-09-06 11:39:29.890 [info] [Model][doInitialScan] Initial repository scan started
2026-09-06 11:39:37.447 [info] > git rev-parse --show-toplevel [4208ms]
2026-09-06 11:39:38.693 [info] > git rev-parse --git-dir --git-common-dir --show-superproject-working-tree [1118ms]
2026-09-06 11:39:38.980 [info] [Model][openRepository] Opened repository (path): c:\Users\gabri\OneDrive\Documentos\ProjetoDashboardFord
2026-09-06 11:39:38.980 [info] [Model][openRepository] Opened repository (real path): c:\Users\gabri\OneDrive\Documentos\ProjetoDashboardFord
2026-09-06 11:39:38.989 [info] [Model][openRepository] Opened repository (kind): repository
2026-09-06 11:39:40.482 [info] > git config --get commit.template [1269ms]
2026-09-06 11:39:40.534 [info] > git rev-parse --show-toplevel [1289ms]
2026-09-06 11:39:40.655 [info] > git config --get --local core.virtualfilesystem [1623ms]
2026-09-06 11:39:40.655 [warning] [Git][config] git config failed: Failed to execute git
2026-09-06 11:39:40.813 [info] > git for-each-ref --format=%(refname)%00%(upstream:short)%00%(objectname)%00%(upstream:track)%00%(upstream:remotename)%00%(upstream:remoteref) --ignore-case refs/heads/main refs/remotes/main [1547ms]
2026-09-06 11:39:40.830 [warning] [Git][revParse] Unable to read file: ENOENT: no such file or directory, open 'c:\Users\gabri\OneDrive\Documentos\ProjetoDashboardFord\.git\refs\remotes\origin\main'
2026-09-06 11:39:41.303 [info] > git check-ignore -v -z --stdin [1535ms]
2026-09-06 11:39:41.326 [info] > git rev-parse --show-toplevel [781ms]
2026-09-06 11:39:41.730 [info] > git rev-parse refs/remotes/origin/main [900ms]
2026-09-06 11:39:41.978 [info] > git rev-parse --show-toplevel [641ms]
2026-09-06 11:39:41.988 [info] [Model][doInitialScan] Initial repository scan completed - repositories (1), closed repositories (0), parent repositories (0), unsafe repositories (0)
2026-09-06 11:39:42.575 [info] > git for-each-ref --sort -committerdate --format %(refname)%00%(objectname)%00%(*objectname) [745ms]
2026-09-06 11:39:43.143 [info] > git status -z -uall [1393ms]
2026-09-06 11:39:44.603 [info] > git for-each-ref --format=%(refname)%00%(upstream:short)%00%(objectname)%00%(upstream:track)%00%(upstream:remotename)%00%(upstream:remoteref) --ignore-case refs/heads/main refs/remotes/main [1078ms]
2026-09-06 11:39:44.604 [info] > git for-each-ref --format=%(refname)%00%(upstream:short)%00%(objectname)%00%(upstream:track)%00%(upstream:remotename)%00%(upstream:remoteref) --ignore-case refs/heads/main refs/remotes/main [1155ms]
2026-09-06 11:39:44.621 [info] > git config --get commit.template [1143ms]
2026-09-06 11:39:44.632 [warning] [Git][revParse] Unable to read file: ENOENT: no such file or directory, open 'c:\Users\gabri\OneDrive\Documentos\ProjetoDashboardFord\.git\refs\remotes\origin\main'
2026-09-06 11:39:45.352 [info] > git config --get --local branch.main.vscode-merge-base [731ms]
2026-09-06 11:39:45.382 [info] > git rev-parse refs/remotes/origin/main [750ms]
2026-09-06 11:39:45.787 [info] > git for-each-ref --format=%(refname)%00%(upstream:short)%00%(objectname)%00%(upstream:track)%00%(upstream:remotename)%00%(upstream:remoteref) --ignore-case refs/heads/origin/main refs/remotes/origin/main [413ms]
2026-09-06 11:39:45.924 [info] > git status -z -uall [534ms]
2026-09-06 11:39:45.984 [info] > git for-each-ref --sort -committerdate --format %(refname)%00%(objectname)%00%(*objectname) [476ms]
2026-09-06 11:39:46.275 [info] > git merge-base refs/heads/main refs/remotes/origin/main [471ms]
2026-09-06 11:39:46.343 [info] > git merge-base refs/heads/main refs/remotes/origin/main [327ms]
2026-09-06 11:39:46.582 [info] > git diff --raw --numstat --diff-filter=ADMR -z --find-renames=50% b4faea50508b498a0d2fa9707e71bf12fe40f30f...refs/remotes/origin/main -- [289ms]
2026-09-06 11:39:46.630 [info] > git diff --raw --numstat --diff-filter=ADMR -z --find-renames=50% b4faea50508b498a0d2fa9707e71bf12fe40f30f...refs/remotes/origin/main -- [277ms]
2026-09-06 11:47:09.564 [info] > git for-each-ref --format=%(refname)%00%(upstream:short)%00%(objectname)%00%(upstream:track)%00%(upstream:remotename)%00%(upstream:remoteref) --ignore-case refs/heads/main refs/remotes/main [5972ms]
2026-09-06 11:47:09.568 [info] > git config --get commit.template [6073ms]
2026-09-06 11:47:09.581 [warning] [Git][revParse] Unable to read file: ENOENT: no such file or directory, open 'c:\Users\gabri\OneDrive\Documentos\ProjetoDashboardFord\.git\refs\remotes\origin\main'
2026-09-06 11:47:09.690 [info] > git check-ignore -v -z --stdin [6931ms]
2026-09-06 11:47:09.894 [info] > git rev-parse refs/remotes/origin/main [313ms]
2026-09-06 11:47:10.484 [info] > git for-each-ref --sort -committerdate --format %(refname)%00%(objectname)%00%(*objectname) [574ms]
2026-09-06 11:47:10.776 [info] > git status -z -uall [875ms]
2026-09-06 11:47:45.822 [info] > git config --get commit.template [1726ms]
2026-09-06 11:47:46.356 [info] > git for-each-ref --format=%(refname)%00%(upstream:short)%00%(objectname)%00%(upstream:track)%00%(upstream:remotename)%00%(upstream:remoteref) --ignore-case refs/heads/main refs/remotes/main [2275ms]
2026-09-06 11:47:46.372 [warning] [Git][revParse] Unable to read file: ENOENT: no such file or directory, open 'c:\Users\gabri\OneDrive\Documentos\ProjetoDashboardFord\.git\refs\remotes\origin\main'
2026-09-06 11:47:46.616 [info] > git rev-parse refs/remotes/origin/main [244ms]
2026-09-06 11:47:46.910 [info] > git for-each-ref --sort -committerdate --format %(refname)%00%(objectname)%00%(*objectname) [278ms]
2026-09-06 11:47:48.435 [info] > git status -z -uall [1812ms]
2026-09-06 11:47:58.131 [info] > git config --get commit.template [1142ms]
2026-09-06 11:47:58.516 [info] > git for-each-ref --format=%(refname)%00%(upstream:short)%00%(objectname)%00%(upstream:track)%00%(upstream:remotename)%00%(upstream:remoteref) --ignore-case refs/heads/main refs/remotes/main [1489ms]
2026-09-06 11:47:58.525 [warning] [Git][revParse] Unable to read file: ENOENT: no such file or directory, open 'c:\Users\gabri\OneDrive\Documentos\ProjetoDashboardFord\.git\refs\remotes\origin\main'
2026-09-06 11:47:59.100 [info] > git rev-parse refs/remotes/origin/main [575ms]
2026-09-06 11:48:00.877 [info] > git for-each-ref --sort -committerdate --format %(refname)%00%(objectname)%00%(*objectname) [1667ms]
2026-09-06 11:48:01.067 [info] > git status -z -uall [1874ms]
2026-09-06 11:48:15.824 [info] > git config --get commit.template [693ms]
2026-09-06 11:48:15.835 [info] > git for-each-ref --format=%(refname)%00%(upstream:short)%00%(objectname)%00%(upstream:track)%00%(upstream:remotename)%00%(upstream:remoteref) --ignore-case refs/heads/main refs/remotes/main [697ms]
2026-09-06 11:48:15.844 [warning] [Git][revParse] Unable to read file: ENOENT: no such file or directory, open 'c:\Users\gabri\OneDrive\Documentos\ProjetoDashboardFord\.git\refs\remotes\origin\main'
2026-09-06 11:48:16.141 [info] > git rev-parse refs/remotes/origin/main [297ms]
2026-09-06 11:48:17.335 [info] > git status -z -uall [775ms]
2026-09-06 11:48:24.566 [info] > git for-each-ref --sort -committerdate --format %(refname)%00%(objectname)%00%(*objectname) [7973ms]
2026-09-06 11:48:31.103 [info] > git for-each-ref --format=%(refname)%00%(upstream:short)%00%(objectname)%00%(upstream:track)%00%(upstream:remotename)%00%(upstream:remoteref) --ignore-case refs/heads/main refs/remotes/main [341ms]
2026-09-06 11:48:31.111 [warning] [Git][revParse] Unable to read file: ENOENT: no such file or directory, open 'c:\Users\gabri\OneDrive\Documentos\ProjetoDashboardFord\.git\refs\remotes\origin\main'
2026-09-06 11:48:31.151 [info] > git config --get commit.template [397ms]
2026-09-06 11:48:31.357 [info] > git rev-parse refs/remotes/origin/main [247ms]
2026-09-06 11:48:31.847 [info] > git for-each-ref --sort -committerdate --format %(refname)%00%(objectname)%00%(*objectname) [424ms]
2026-09-06 11:48:32.068 [info] > git status -z -uall [696ms]
2026-09-06 11:48:37.475 [info] > git config --get commit.template [285ms]
2026-09-06 11:48:37.486 [info] > git for-each-ref --format=%(refname)%00%(upstream:short)%00%(objectname)%00%(upstream:track)%00%(upstream:remotename)%00%(upstream:remoteref) --ignore-case refs/heads/main refs/remotes/main [317ms]
2026-09-06 11:48:37.502 [warning] [Git][revParse] Unable to read file: ENOENT: no such file or directory, open 'c:\Users\gabri\OneDrive\Documentos\ProjetoDashboardFord\.git\refs\remotes\origin\main'
2026-09-06 11:48:37.699 [info] > git rev-parse refs/remotes/origin/main [200ms]
2026-09-06 11:48:38.229 [info] > git for-each-ref --sort -committerdate --format %(refname)%00%(objectname)%00%(*objectname) [508ms]
2026-09-06 11:48:38.605 [info] > git status -z -uall [898ms]
2026-09-06 11:49:17.225 [info] > git config --get commit.template [1698ms]
2026-09-06 11:49:17.493 [info] > git for-each-ref --format=%(refname)%00%(upstream:short)%00%(objectname)%00%(upstream:track)%00%(upstream:remotename)%00%(upstream:remoteref) --ignore-case refs/heads/main refs/remotes/main [1649ms]
2026-09-06 11:49:17.555 [warning] [Git][revParse] Unable to read file: ENOENT: no such file or directory, open 'c:\Users\gabri\OneDrive\Documentos\ProjetoDashboardFord\.git\refs\remotes\origin\main'
2026-09-06 11:49:18.063 [info] > git rev-parse refs/remotes/origin/main [508ms]
2026-09-06 11:49:19.019 [info] > git for-each-ref --sort -committerdate --format %(refname)%00%(objectname)%00%(*objectname) [933ms]
2026-09-06 11:49:19.553 [info] > git status -z -uall [1477ms]
2026-09-06 11:49:32.938 [info] > git config --get commit.template [795ms]
2026-09-06 11:49:32.938 [info] > git for-each-ref --format=%(refname)%00%(upstream:short)%00%(objectname)%00%(upstream:track)%00%(upstream:remotename)%00%(upstream:remoteref) --ignore-case refs/heads/main refs/remotes/main [710ms]
2026-09-06 11:49:33.250 [warning] [Git][revParse] Unable to read file: ENOENT: no such file or directory, open 'c:\Users\gabri\OneDrive\Documentos\ProjetoDashboardFord\.git\refs\remotes\origin\main'
2026-09-06 11:49:33.762 [info] > git rev-parse refs/remotes/origin/main [512ms]
2026-09-06 11:49:34.503 [info] > git for-each-ref --sort -committerdate --format %(refname)%00%(objectname)%00%(*objectname) [708ms]
2026-09-06 11:49:34.517 [info] > git status -z -uall [735ms]
2026-09-06 11:49:45.585 [info] > git config --get commit.template [2904ms]
2026-09-06 11:49:45.952 [info] > git for-each-ref --format=%(refname)%00%(upstream:short)%00%(objectname)%00%(upstream:track)%00%(upstream:remotename)%00%(upstream:remoteref) --ignore-case refs/heads/main refs/remotes/main [3258ms]
2026-09-06 11:49:45.963 [warning] [Git][revParse] Unable to read file: ENOENT: no such file or directory, open 'c:\Users\gabri\OneDrive\Documentos\ProjetoDashboardFord\.git\refs\remotes\origin\main'
2026-09-06 11:49:46.596 [info] > git rev-parse refs/remotes/origin/main [633ms]
2026-09-06 11:49:47.582 [info] > git for-each-ref --sort -committerdate --format %(refname)%00%(objectname)%00%(*objectname) [915ms]
2026-09-06 11:49:48.979 [info] > git status -z -uall [2355ms]
2026-09-06 11:49:59.940 [info] > git config --get commit.template [426ms]
2026-09-06 11:49:59.959 [info] > git for-each-ref --format=%(refname)%00%(upstream:short)%00%(objectname)%00%(upstream:track)%00%(upstream:remotename)%00%(upstream:remoteref) --ignore-case refs/heads/main refs/remotes/main [417ms]
2026-09-06 11:49:59.966 [warning] [Git][revParse] Unable to read file: ENOENT: no such file or directory, open 'c:\Users\gabri\OneDrive\Documentos\ProjetoDashboardFord\.git\refs\remotes\origin\main'
2026-09-06 11:50:00.894 [info] > git rev-parse refs/remotes/origin/main [928ms]
2026-09-06 11:50:01.422 [info] > git for-each-ref --sort -committerdate --format %(refname)%00%(objectname)%00%(*objectname) [511ms]
2026-09-06 11:50:01.476 [info] > git status -z -uall [575ms]
2026-09-06 11:50:11.937 [info] > git config --get commit.template [2151ms]
2026-09-06 11:50:12.643 [info] > git for-each-ref --format=%(refname)%00%(upstream:short)%00%(objectname)%00%(upstream:track)%00%(upstream:remotename)%00%(upstream:remoteref) --ignore-case refs/heads/main refs/remotes/main [2845ms]
2026-09-06 11:50:12.719 [warning] [Git][revParse] Unable to read file: ENOENT: no such file or directory, open 'c:\Users\gabri\OneDrive\Documentos\ProjetoDashboardFord\.git\refs\remotes\origin\main'
2026-09-06 11:50:13.169 [info] > git rev-parse refs/remotes/origin/main [450ms]
2026-09-06 11:50:13.863 [info] > git for-each-ref --sort -committerdate --format %(refname)%00%(objectname)%00%(*objectname) [642ms]
2026-09-06 11:50:14.377 [info] > git status -z -uall [1167ms]
2026-09-06 11:51:42.641 [info] > git config --get commit.template [8274ms]
2026-09-06 11:51:42.994 [info] > git for-each-ref --format=%(refname)%00%(upstream:short)%00%(objectname)%00%(upstream:track)%00%(upstream:remotename)%00%(upstream:remoteref) --ignore-case refs/heads/main refs/remotes/main [8618ms]
2026-09-06 11:51:43.002 [warning] [Git][revParse] Unable to read file: ENOENT: no such file or directory, open 'c:\Users\gabri\OneDrive\Documentos\ProjetoDashboardFord\.git\refs\remotes\origin\main'
2026-09-06 11:51:43.706 [info] > git rev-parse refs/remotes/origin/main [704ms]
2026-09-06 11:51:44.207 [info] > git for-each-ref --sort -committerdate --format %(refname)%00%(objectname)%00%(*objectname) [482ms]
2026-09-06 11:51:44.806 [info] > git status -z -uall [1093ms]
2026-09-06 11:52:33.174 [info] > git for-each-ref --format=%(refname)%00%(upstream:short)%00%(objectname)%00%(upstream:track)%00%(upstream:remotename)%00%(upstream:remoteref) --ignore-case refs/heads/main refs/remotes/main [388ms]
2026-09-06 11:52:33.186 [warning] [Git][revParse] Unable to read file: ENOENT: no such file or directory, open 'c:\Users\gabri\OneDrive\Documentos\ProjetoDashboardFord\.git\refs\remotes\origin\main'
2026-09-06 11:52:33.452 [info] > git config --get commit.template [742ms]
2026-09-06 11:52:33.827 [info] > git rev-parse refs/remotes/origin/main [640ms]
2026-09-06 11:52:37.703 [info] > git for-each-ref --sort -committerdate --format %(refname)%00%(objectname)%00%(*objectname) [1042ms]
2026-09-06 11:52:37.709 [info] > git status -z -uall [1096ms]
2026-09-06 11:56:11.668 [info] > git config --get commit.template [876ms]
2026-09-06 11:56:11.668 [info] > git for-each-ref --format=%(refname)%00%(upstream:short)%00%(objectname)%00%(upstream:track)%00%(upstream:remotename)%00%(upstream:remoteref) --ignore-case refs/heads/main refs/remotes/main [752ms]
2026-09-06 11:56:11.676 [warning] [Git][revParse] Unable to read file: ENOENT: no such file or directory, open 'c:\Users\gabri\OneDrive\Documentos\ProjetoDashboardFord\.git\refs\remotes\origin\main'
2026-09-06 11:56:12.076 [info] > git rev-parse refs/remotes/origin/main [401ms]
2026-09-06 11:56:12.605 [info] > git for-each-ref --sort -committerdate --format %(refname)%00%(objectname)%00%(*objectname) [508ms]
2026-09-06 11:56:12.808 [info] > git status -z -uall [722ms]
2026-09-06 11:59:39.191 [info] > git config --get commit.template [4044ms]
2026-09-06 11:59:39.211 [info] > git for-each-ref --format=%(refname)%00%(upstream:short)%00%(objectname)%00%(upstream:track)%00%(upstream:remotename)%00%(upstream:remoteref) --ignore-case refs/heads/main refs/remotes/main [4058ms]
2026-09-06 11:59:39.219 [warning] [Git][revParse] Unable to read file: ENOENT: no such file or directory, open 'c:\Users\gabri\OneDrive\Documentos\ProjetoDashboardFord\.git\refs\remotes\origin\main'
2026-09-06 11:59:39.558 [info] > git rev-parse refs/remotes/origin/main [339ms]
2026-09-06 11:59:40.057 [info] > git for-each-ref --sort -committerdate --format %(refname)%00%(objectname)%00%(*objectname) [479ms]
2026-09-06 11:59:40.108 [info] > git status -z -uall [538ms]
2026-09-06 12:00:37.567 [info] > git config --get commit.template [211ms]
2026-09-06 12:00:37.574 [info] > git for-each-ref --format=%(refname)%00%(upstream:short)%00%(objectname)%00%(upstream:track)%00%(upstream:remotename)%00%(upstream:remoteref) --ignore-case refs/heads/main refs/remotes/main [211ms]
2026-09-06 12:00:37.581 [warning] [Git][revParse] Unable to read file: ENOENT: no such file or directory, open 'c:\Users\gabri\OneDrive\Documentos\ProjetoDashboardFord\.git\refs\remotes\origin\main'
2026-09-06 12:00:37.695 [info] > git rev-parse refs/remotes/origin/main [114ms]
2026-09-06 12:00:37.890 [info] > git for-each-ref --sort -committerdate --format %(refname)%00%(objectname)%00%(*objectname) [181ms]
2026-09-06 12:00:37.948 [info] > git status -z -uall [247ms]
2026-09-06 12:00:44.546 [info] > git for-each-ref --format=%(refname)%00%(upstream:short)%00%(objectname)%00%(upstream:track)%00%(upstream:remotename)%00%(upstream:remoteref) --ignore-case refs/heads/main refs/remotes/main [348ms]
2026-09-06 12:00:44.546 [info] > git config --get commit.template [377ms]
2026-09-06 12:00:44.556 [warning] [Git][revParse] Unable to read file: ENOENT: no such file or directory, open 'c:\Users\gabri\OneDrive\Documentos\ProjetoDashboardFord\.git\refs\remotes\origin\main'
2026-09-06 12:00:44.795 [info] > git rev-parse refs/remotes/origin/main [239ms]
2026-09-06 12:00:45.145 [info] > git for-each-ref --sort -committerdate --format %(refname)%00%(objectname)%00%(*objectname) [318ms]
2026-09-06 12:00:45.361 [info] > git status -z -uall [553ms]
2026-09-06 12:02:39.111 [info] > git config --get commit.template [843ms]
2026-09-06 12:02:39.172 [info] > git for-each-ref --format=%(refname)%00%(upstream:short)%00%(objectname)%00%(upstream:track)%00%(upstream:remotename)%00%(upstream:remoteref) --ignore-case refs/heads/main refs/remotes/main [897ms]
2026-09-06 12:02:39.181 [warning] [Git][revParse] Unable to read file: ENOENT: no such file or directory, open 'c:\Users\gabri\OneDrive\Documentos\ProjetoDashboardFord\.git\refs\remotes\origin\main'
2026-09-06 12:02:39.757 [info] > git rev-parse refs/remotes/origin/main [577ms]
2026-09-06 12:02:40.474 [info] > git for-each-ref --sort -committerdate --format %(refname)%00%(objectname)%00%(*objectname) [696ms]
2026-09-06 12:02:40.697 [info] > git status -z -uall [931ms]
2026-09-06 12:02:47.039 [info] > git for-each-ref --format=%(refname)%00%(upstream:short)%00%(objectname)%00%(upstream:track)%00%(upstream:remotename)%00%(upstream:remoteref) --ignore-case refs/heads/main refs/remotes/main [1228ms]
2026-09-06 12:02:47.048 [warning] [Git][revParse] Unable to read file: ENOENT: no such file or directory, open 'c:\Users\gabri\OneDrive\Documentos\ProjetoDashboardFord\.git\refs\remotes\origin\main'
2026-09-06 12:02:47.150 [info] > git config --get commit.template [1369ms]
2026-09-06 12:02:47.722 [info] > git rev-parse refs/remotes/origin/main [673ms]
2026-09-06 12:02:48.372 [info] > git for-each-ref --sort -committerdate --format %(refname)%00%(objectname)%00%(*objectname) [593ms]
2026-09-06 12:02:48.577 [info] > git status -z -uall [838ms]
2026-09-06 12:02:55.105 [info] > git config --get commit.template [1485ms]
2026-09-06 12:02:55.221 [info] > git for-each-ref --format=%(refname)%00%(upstream:short)%00%(objectname)%00%(upstream:track)%00%(upstream:remotename)%00%(upstream:remoteref) --ignore-case refs/heads/main refs/remotes/main [1312ms]
2026-09-06 12:02:55.230 [warning] [Git][revParse] Unable to read file: ENOENT: no such file or directory, open 'c:\Users\gabri\OneDrive\Documentos\ProjetoDashboardFord\.git\refs\remotes\origin\main'
2026-09-06 12:02:55.822 [info] > git rev-parse refs/remotes/origin/main [592ms]
2026-09-06 12:02:56.591 [info] > git for-each-ref --sort -committerdate --format %(refname)%00%(objectname)%00%(*objectname) [722ms]
2026-09-06 12:02:56.656 [info] > git status -z -uall [826ms]
2026-09-06 12:03:02.056 [info] > git for-each-ref --format=%(refname)%00%(upstream:short)%00%(objectname)%00%(upstream:track)%00%(upstream:remotename)%00%(upstream:remoteref) --ignore-case refs/heads/main refs/remotes/main [342ms]
2026-09-06 12:03:02.056 [info] > git config --get commit.template [355ms]
2026-09-06 12:03:02.064 [warning] [Git][revParse] Unable to read file: ENOENT: no such file or directory, open 'c:\Users\gabri\OneDrive\Documentos\ProjetoDashboardFord\.git\refs\remotes\origin\main'
2026-09-06 12:03:02.263 [info] > git rev-parse refs/remotes/origin/main [199ms]
2026-09-06 12:03:02.610 [info] > git for-each-ref --sort -committerdate --format %(refname)%00%(objectname)%00%(*objectname) [330ms]
2026-09-06 12:03:02.665 [info] > git status -z -uall [396ms]
2026-09-06 12:11:54.868 [info] > git config --get commit.template [2178ms]
2026-09-06 12:11:55.013 [info] > git for-each-ref --format=%(refname)%00%(upstream:short)%00%(objectname)%00%(upstream:track)%00%(upstream:remotename)%00%(upstream:remoteref) --ignore-case refs/heads/main refs/remotes/main [2308ms]
2026-09-06 12:11:55.021 [warning] [Git][revParse] Unable to read file: ENOENT: no such file or directory, open 'c:\Users\gabri\OneDrive\Documentos\ProjetoDashboardFord\.git\refs\remotes\origin\main'
2026-09-06 12:11:55.594 [info] > git rev-parse refs/remotes/origin/main [573ms]
2026-09-06 12:11:55.911 [info] > git for-each-ref --sort -committerdate --format %(refname)%00%(objectname)%00%(*objectname) [291ms]
2026-09-06 12:11:56.062 [info] > git status -z -uall [461ms]
2026-09-06 12:12:01.663 [info] > git config --get commit.template [571ms]
2026-09-06 12:12:01.704 [info] > git for-each-ref --format=%(refname)%00%(upstream:short)%00%(objectname)%00%(upstream:track)%00%(upstream:remotename)%00%(upstream:remoteref) --ignore-case refs/heads/main refs/remotes/main [605ms]
2026-09-06 12:12:01.712 [warning] [Git][revParse] Unable to read file: ENOENT: no such file or directory, open 'c:\Users\gabri\OneDrive\Documentos\ProjetoDashboardFord\.git\refs\remotes\origin\main'
2026-09-06 12:12:02.169 [info] > git rev-parse refs/remotes/origin/main [457ms]
2026-09-06 12:12:03.022 [info] > git for-each-ref --sort -committerdate --format %(refname)%00%(objectname)%00%(*objectname) [836ms]
2026-09-06 12:12:03.115 [info] > git status -z -uall [939ms]
2026-09-06 12:12:08.492 [info] > git config --get commit.template [345ms]
2026-09-06 12:12:08.500 [info] > git for-each-ref --format=%(refname)%00%(upstream:short)%00%(objectname)%00%(upstream:track)%00%(upstream:remotename)%00%(upstream:remoteref) --ignore-case refs/heads/main refs/remotes/main [344ms]
2026-09-06 12:12:08.508 [warning] [Git][revParse] Unable to read file: ENOENT: no such file or directory, open 'c:\Users\gabri\OneDrive\Documentos\ProjetoDashboardFord\.git\refs\remotes\origin\main'
2026-09-06 12:12:08.801 [info] > git rev-parse refs/remotes/origin/main [292ms]
2026-09-06 12:12:09.121 [info] > git for-each-ref --sort -committerdate --format %(refname)%00%(objectname)%00%(*objectname) [302ms]
2026-09-06 12:12:09.188 [info] > git status -z -uall [377ms]
2026-09-06 12:12:15.097 [info] > git config --get commit.template [863ms]
2026-09-06 12:12:15.126 [info] > git for-each-ref --format=%(refname)%00%(upstream:short)%00%(objectname)%00%(upstream:track)%00%(upstream:remotename)%00%(upstream:remoteref) --ignore-case refs/heads/main refs/remotes/main [883ms]
2026-09-06 12:12:15.133 [warning] [Git][revParse] Unable to read file: ENOENT: no such file or directory, open 'c:\Users\gabri\OneDrive\Documentos\ProjetoDashboardFord\.git\refs\remotes\origin\main'
2026-09-06 12:12:15.881 [info] > git rev-parse refs/remotes/origin/main [748ms]
2026-09-06 12:12:16.410 [info] > git for-each-ref --sort -committerdate --format %(refname)%00%(objectname)%00%(*objectname) [491ms]
2026-09-06 12:12:16.429 [info] > git status -z -uall [540ms]
2026-09-06 12:12:21.980 [info] > git config --get commit.template [480ms]
2026-09-06 12:12:22.015 [info] > git for-each-ref --format=%(refname)%00%(upstream:short)%00%(objectname)%00%(upstream:track)%00%(upstream:remotename)%00%(upstream:remoteref) --ignore-case refs/heads/main refs/remotes/main [507ms]
2026-09-06 12:12:22.023 [warning] [Git][revParse] Unable to read file: ENOENT: no such file or directory, open 'c:\Users\gabri\OneDrive\Documentos\ProjetoDashboardFord\.git\refs\remotes\origin\main'
2026-09-06 12:12:22.442 [info] > git rev-parse refs/remotes/origin/main [419ms]
2026-09-06 12:12:23.308 [info] > git for-each-ref --sort -committerdate --format %(refname)%00%(objectname)%00%(*objectname) [851ms]
2026-09-06 12:12:23.639 [info] > git status -z -uall [1190ms]
2026-09-06 12:12:29.721 [info] > git config --get commit.template [1041ms]
2026-09-06 12:12:29.771 [info] > git for-each-ref --format=%(refname)%00%(upstream:short)%00%(objectname)%00%(upstream:track)%00%(upstream:remotename)%00%(upstream:remoteref) --ignore-case refs/heads/main refs/remotes/main [1082ms]
2026-09-06 12:12:29.779 [warning] [Git][revParse] Unable to read file: ENOENT: no such file or directory, open 'c:\Users\gabri\OneDrive\Documentos\ProjetoDashboardFord\.git\refs\remotes\origin\main'
2026-09-06 12:12:30.304 [info] > git rev-parse refs/remotes/origin/main [524ms]
2026-09-06 12:12:31.033 [info] > git status -z -uall [721ms]
2026-09-06 12:12:31.120 [info] > git for-each-ref --sort -committerdate --format %(refname)%00%(objectname)%00%(*objectname) [799ms]
2026-09-06 12:12:36.973 [info] > git for-each-ref --format=%(refname)%00%(upstream:short)%00%(objectname)%00%(upstream:track)%00%(upstream:remotename)%00%(upstream:remoteref) --ignore-case refs/heads/main refs/remotes/main [823ms]
2026-09-06 12:12:36.982 [warning] [Git][revParse] Unable to read file: ENOENT: no such file or directory, open 'c:\Users\gabri\OneDrive\Documentos\ProjetoDashboardFord\.git\refs\remotes\origin\main'
2026-09-06 12:12:37.064 [info] > git config --get commit.template [922ms]
2026-09-06 12:12:37.344 [info] > git rev-parse refs/remotes/origin/main [362ms]
2026-09-06 12:12:37.922 [info] > git status -z -uall [570ms]
2026-09-06 12:12:37.963 [info] > git for-each-ref --sort -committerdate --format %(refname)%00%(objectname)%00%(*objectname) [601ms]
2026-09-06 12:12:43.512 [info] > git for-each-ref --format=%(refname)%00%(upstream:short)%00%(objectname)%00%(upstream:track)%00%(upstream:remotename)%00%(upstream:remoteref) --ignore-case refs/heads/main refs/remotes/main [385ms]
2026-09-06 12:12:43.523 [warning] [Git][revParse] Unable to read file: ENOENT: no such file or directory, open 'c:\Users\gabri\OneDrive\Documentos\ProjetoDashboardFord\.git\refs\remotes\origin\main'
2026-09-06 12:12:43.539 [info] > git config --get commit.template [419ms]
2026-09-06 12:12:44.037 [info] > git rev-parse refs/remotes/origin/main [514ms]
2026-09-06 12:12:45.096 [info] > git status -z -uall [1051ms]
2026-09-06 12:12:45.139 [info] > git for-each-ref --sort -committerdate --format %(refname)%00%(objectname)%00%(*objectname) [1085ms]
2026-09-06 12:12:51.099 [info] > git for-each-ref --format=%(refname)%00%(upstream:short)%00%(objectname)%00%(upstream:track)%00%(upstream:remotename)%00%(upstream:remoteref) --ignore-case refs/heads/main refs/remotes/main [816ms]
2026-09-06 12:12:51.107 [warning] [Git][revParse] Unable to read file: ENOENT: no such file or directory, open 'c:\Users\gabri\OneDrive\Documentos\ProjetoDashboardFord\.git\refs\remotes\origin\main'
2026-09-06 12:12:51.356 [info] > git config --get commit.template [1118ms]
2026-09-06 12:12:52.145 [info] > git rev-parse refs/remotes/origin/main [1039ms]
2026-09-06 12:12:52.665 [info] > git for-each-ref --sort -committerdate --format %(refname)%00%(objectname)%00%(*objectname) [503ms]
2026-09-06 12:12:52.748 [info] > git status -z -uall [596ms]
2026-09-06 12:12:58.390 [info] > git config --get commit.template [560ms]
2026-09-06 12:12:58.410 [info] > git for-each-ref --format=%(refname)%00%(upstream:short)%00%(objectname)%00%(upstream:track)%00%(upstream:remotename)%00%(upstream:remoteref) --ignore-case refs/heads/main refs/remotes/main [571ms]
2026-09-06 12:12:58.418 [warning] [Git][revParse] Unable to read file: ENOENT: no such file or directory, open 'c:\Users\gabri\OneDrive\Documentos\ProjetoDashboardFord\.git\refs\remotes\origin\main'
2026-09-06 12:12:58.807 [info] > git rev-parse refs/remotes/origin/main [390ms]
2026-09-06 12:12:59.309 [info] > git for-each-ref --sort -committerdate --format %(refname)%00%(objectname)%00%(*objectname) [485ms]
2026-09-06 12:13:00.005 [info] > git status -z -uall [1190ms]
2026-09-06 12:13:05.439 [info] > git config --get commit.template [396ms]
2026-09-06 12:13:05.466 [info] > git for-each-ref --format=%(refname)%00%(upstream:short)%00%(objectname)%00%(upstream:track)%00%(upstream:remotename)%00%(upstream:remoteref) --ignore-case refs/heads/main refs/remotes/main [415ms]
2026-09-06 12:13:05.474 [warning] [Git][revParse] Unable to read file: ENOENT: no such file or directory, open 'c:\Users\gabri\OneDrive\Documentos\ProjetoDashboardFord\.git\refs\remotes\origin\main'
2026-09-06 12:13:05.630 [info] > git rev-parse refs/remotes/origin/main [156ms]
2026-09-06 12:13:05.918 [info] > git status -z -uall [282ms]
2026-09-06 12:13:05.919 [info] > git for-each-ref --sort -committerdate --format %(refname)%00%(objectname)%00%(*objectname) [271ms]
2026-09-06 12:13:11.560 [info] > git for-each-ref --format=%(refname)%00%(upstream:short)%00%(objectname)%00%(upstream:track)%00%(upstream:remotename)%00%(upstream:remoteref) --ignore-case refs/heads/main refs/remotes/main [543ms]
2026-09-06 12:13:11.561 [info] > git config --get commit.template [591ms]
2026-09-06 12:13:11.567 [warning] [Git][revParse] Unable to read file: ENOENT: no such file or directory, open 'c:\Users\gabri\OneDrive\Documentos\ProjetoDashboardFord\.git\refs\remotes\origin\main'
2026-09-06 12:13:12.366 [info] > git rev-parse refs/remotes/origin/main [799ms]
2026-09-06 12:13:12.888 [info] > git for-each-ref --sort -committerdate --format %(refname)%00%(objectname)%00%(*objectname) [505ms]
2026-09-06 12:13:13.039 [info] > git status -z -uall [664ms]
2026-09-06 12:13:19.252 [info] > git config --get commit.template [1153ms]
2026-09-06 12:13:19.272 [info] > git for-each-ref --format=%(refname)%00%(upstream:short)%00%(objectname)%00%(upstream:track)%00%(upstream:remotename)%00%(upstream:remoteref) --ignore-case refs/heads/main refs/remotes/main [1156ms]
2026-09-06 12:13:19.279 [warning] [Git][revParse] Unable to read file: ENOENT: no such file or directory, open 'c:\Users\gabri\OneDrive\Documentos\ProjetoDashboardFord\.git\refs\remotes\origin\main'
2026-09-06 12:13:19.394 [info] > git rev-parse refs/remotes/origin/main [115ms]
2026-09-06 12:13:19.944 [info] > git for-each-ref --sort -committerdate --format %(refname)%00%(objectname)%00%(*objectname) [534ms]
2026-09-06 12:13:20.117 [info] > git status -z -uall [716ms]
2026-09-06 12:13:25.631 [info] > git config --get commit.template [484ms]
2026-09-06 12:13:25.671 [info] > git for-each-ref --format=%(refname)%00%(upstream:short)%00%(objectname)%00%(upstream:track)%00%(upstream:remotename)%00%(upstream:remoteref) --ignore-case refs/heads/main refs/remotes/main [516ms]
2026-09-06 12:13:25.680 [warning] [Git][revParse] Unable to read file: ENOENT: no such file or directory, open 'c:\Users\gabri\OneDrive\Documentos\ProjetoDashboardFord\.git\refs\remotes\origin\main'
2026-09-06 12:13:26.130 [info] > git rev-parse refs/remotes/origin/main [450ms]
2026-09-06 12:13:26.840 [info] > git for-each-ref --sort -committerdate --format %(refname)%00%(objectname)%00%(*objectname) [694ms]
2026-09-06 12:13:26.952 [info] > git status -z -uall [815ms]
2026-09-06 12:13:32.369 [info] > git config --get commit.template [376ms]
2026-09-06 12:13:32.394 [info] > git for-each-ref --format=%(refname)%00%(upstream:short)%00%(objectname)%00%(upstream:track)%00%(upstream:remotename)%00%(upstream:remoteref) --ignore-case refs/heads/main refs/remotes/main [394ms]
2026-09-06 12:13:32.402 [warning] [Git][revParse] Unable to read file: ENOENT: no such file or directory, open 'c:\Users\gabri\OneDrive\Documentos\ProjetoDashboardFord\.git\refs\remotes\origin\main'
2026-09-06 12:13:32.863 [info] > git rev-parse refs/remotes/origin/main [461ms]
2026-09-06 12:13:33.942 [info] > git for-each-ref --sort -committerdate --format %(refname)%00%(objectname)%00%(*objectname) [1062ms]
2026-09-06 12:13:34.032 [info] > git status -z -uall [1162ms]
2026-09-06 12:13:40.029 [info] > git for-each-ref --format=%(refname)%00%(upstream:short)%00%(objectname)%00%(upstream:track)%00%(upstream:remotename)%00%(upstream:remoteref) --ignore-case refs/heads/main refs/remotes/main [498ms]
2026-09-06 12:13:40.064 [info] > git config --get commit.template [982ms]
2026-09-06 12:13:40.075 [warning] [Git][revParse] Unable to read file: ENOENT: no such file or directory, open 'c:\Users\gabri\OneDrive\Documentos\ProjetoDashboardFord\.git\refs\remotes\origin\main'
2026-09-06 12:13:40.453 [info] > git rev-parse refs/remotes/origin/main [379ms]
2026-09-06 12:13:40.719 [info] > git for-each-ref --sort -committerdate --format %(refname)%00%(objectname)%00%(*objectname) [250ms]
2026-09-06 12:13:40.905 [info] > git status -z -uall [445ms]
2026-09-06 12:13:46.250 [info] > git config --get commit.template [286ms]
2026-09-06 12:13:46.258 [info] > git for-each-ref --format=%(refname)%00%(upstream:short)%00%(objectname)%00%(upstream:track)%00%(upstream:remotename)%00%(upstream:remoteref) --ignore-case refs/heads/main refs/remotes/main [286ms]
2026-09-06 12:13:46.265 [warning] [Git][revParse] Unable to read file: ENOENT: no such file or directory, open 'c:\Users\gabri\OneDrive\Documentos\ProjetoDashboardFord\.git\refs\remotes\origin\main'
2026-09-06 12:13:46.480 [info] > git rev-parse refs/remotes/origin/main [215ms]
2026-09-06 12:13:46.824 [info] > git status -z -uall [336ms]
2026-09-06 12:13:46.825 [info] > git for-each-ref --sort -committerdate --format %(refname)%00%(objectname)%00%(*objectname) [326ms]
2026-09-06 12:13:52.941 [info] > git for-each-ref --format=%(refname)%00%(upstream:short)%00%(objectname)%00%(upstream:track)%00%(upstream:remotename)%00%(upstream:remoteref) --ignore-case refs/heads/main refs/remotes/main [1008ms]
2026-09-06 12:13:52.948 [warning] [Git][revParse] Unable to read file: ENOENT: no such file or directory, open 'c:\Users\gabri\OneDrive\Documentos\ProjetoDashboardFord\.git\refs\remotes\origin\main'
2026-09-06 12:13:53.044 [info] > git config --get commit.template [1121ms]
2026-09-06 12:13:53.193 [info] > git rev-parse refs/remotes/origin/main [245ms]
2026-09-06 12:13:53.946 [info] > git for-each-ref --sort -committerdate --format %(refname)%00%(objectname)%00%(*objectname) [692ms]
2026-09-06 12:13:54.021 [info] > git status -z -uall [776ms]
2026-09-06 12:13:59.652 [info] > git for-each-ref --format=%(refname)%00%(upstream:short)%00%(objectname)%00%(upstream:track)%00%(upstream:remotename)%00%(upstream:remoteref) --ignore-case refs/heads/main refs/remotes/main [537ms]
2026-09-06 12:13:59.653 [info] > git config --get commit.template [562ms]
2026-09-06 12:13:59.659 [warning] [Git][revParse] Unable to read file: ENOENT: no such file or directory, open 'c:\Users\gabri\OneDrive\Documentos\ProjetoDashboardFord\.git\refs\remotes\origin\main'
2026-09-06 12:13:59.872 [info] > git rev-parse refs/remotes/origin/main [212ms]
2026-09-06 12:14:00.387 [info] > git for-each-ref --sort -committerdate --format %(refname)%00%(objectname)%00%(*objectname) [460ms]
2026-09-06 12:14:00.390 [info] > git status -z -uall [511ms]
2026-09-06 12:14:06.150 [info] > git for-each-ref --format=%(refname)%00%(upstream:short)%00%(objectname)%00%(upstream:track)%00%(upstream:remotename)%00%(upstream:remoteref) --ignore-case refs/heads/main refs/remotes/main [700ms]
2026-09-06 12:14:06.158 [warning] [Git][revParse] Unable to read file: ENOENT: no such file or directory, open 'c:\Users\gabri\OneDrive\Documentos\ProjetoDashboardFord\.git\refs\remotes\origin\main'
2026-09-06 12:14:06.355 [info] > git config --get commit.template [922ms]
2026-09-06 12:14:06.974 [info] > git rev-parse refs/remotes/origin/main [817ms]
2026-09-06 12:14:07.296 [info] > git for-each-ref --sort -committerdate --format %(refname)%00%(objectname)%00%(*objectname) [195ms]
2026-09-06 12:14:07.390 [info] > git status -z -uall [296ms]
2026-09-06 12:14:13.406 [info] > git config --get commit.template [362ms]
2026-09-06 12:14:13.431 [info] > git for-each-ref --format=%(refname)%00%(upstream:short)%00%(objectname)%00%(upstream:track)%00%(upstream:remotename)%00%(upstream:remoteref) --ignore-case refs/heads/main refs/remotes/main [377ms]
2026-09-06 12:14:13.469 [warning] [Git][revParse] Unable to read file: ENOENT: no such file or directory, open 'c:\Users\gabri\OneDrive\Documentos\ProjetoDashboardFord\.git\refs\remotes\origin\main'
2026-09-06 12:14:13.592 [info] > git rev-parse refs/remotes/origin/main [123ms]
2026-09-06 12:14:13.879 [info] > git for-each-ref --sort -committerdate --format %(refname)%00%(objectname)%00%(*objectname) [272ms]
2026-09-06 12:14:13.907 [info] > git status -z -uall [308ms]
2026-09-06 12:14:19.447 [info] > git config --get commit.template [383ms]
2026-09-06 12:14:19.621 [info] > git for-each-ref --format=%(refname)%00%(upstream:short)%00%(objectname)%00%(upstream:track)%00%(upstream:remotename)%00%(upstream:remoteref) --ignore-case refs/heads/main refs/remotes/main [547ms]
2026-09-06 12:14:19.629 [warning] [Git][revParse] Unable to read file: ENOENT: no such file or directory, open 'c:\Users\gabri\OneDrive\Documentos\ProjetoDashboardFord\.git\refs\remotes\origin\main'
2026-09-06 12:14:20.154 [info] > git rev-parse refs/remotes/origin/main [525ms]
2026-09-06 12:14:20.733 [info] > git for-each-ref --sort -committerdate --format %(refname)%00%(objectname)%00%(*objectname) [560ms]
2026-09-06 12:14:20.783 [info] > git status -z -uall [621ms]
2026-09-06 12:14:26.529 [info] > git for-each-ref --format=%(refname)%00%(upstream:short)%00%(objectname)%00%(upstream:track)%00%(upstream:remotename)%00%(upstream:remoteref) --ignore-case refs/heads/main refs/remotes/main [655ms]
2026-09-06 12:14:26.536 [warning] [Git][revParse] Unable to read file: ENOENT: no such file or directory, open 'c:\Users\gabri\OneDrive\Documentos\ProjetoDashboardFord\.git\refs\remotes\origin\main'
2026-09-06 12:14:26.595 [info] > git config --get commit.template [743ms]
2026-09-06 12:14:26.980 [info] > git rev-parse refs/remotes/origin/main [443ms]
2026-09-06 12:14:27.505 [info] > git for-each-ref --sort -committerdate --format %(refname)%00%(objectname)%00%(*objectname) [511ms]
2026-09-06 12:14:27.606 [info] > git status -z -uall [620ms]
2026-09-06 12:14:33.130 [info] > git for-each-ref --format=%(refname)%00%(upstream:short)%00%(objectname)%00%(upstream:track)%00%(upstream:remotename)%00%(upstream:remoteref) --ignore-case refs/heads/main refs/remotes/main [464ms]
2026-09-06 12:14:33.139 [warning] [Git][revParse] Unable to read file: ENOENT: no such file or directory, open 'c:\Users\gabri\OneDrive\Documentos\ProjetoDashboardFord\.git\refs\remotes\origin\main'
2026-09-06 12:14:33.139 [info] > git config --get commit.template [485ms]
2026-09-06 12:14:33.588 [info] > git rev-parse refs/remotes/origin/main [450ms]
2026-09-06 12:14:34.129 [info] > git for-each-ref --sort -committerdate --format %(refname)%00%(objectname)%00%(*objectname) [526ms]
2026-09-06 12:14:34.218 [info] > git status -z -uall [622ms]
2026-09-06 12:14:39.741 [info] > git config --get commit.template [199ms]
2026-09-06 12:14:39.766 [info] > git for-each-ref --format=%(refname)%00%(upstream:short)%00%(objectname)%00%(upstream:track)%00%(upstream:remotename)%00%(upstream:remoteref) --ignore-case refs/heads/main refs/remotes/main [212ms]
2026-09-06 12:14:39.773 [warning] [Git][revParse] Unable to read file: ENOENT: no such file or directory, open 'c:\Users\gabri\OneDrive\Documentos\ProjetoDashboardFord\.git\refs\remotes\origin\main'
2026-09-06 12:14:39.960 [info] > git rev-parse refs/remotes/origin/main [186ms]
2026-09-06 12:14:40.402 [info] > git for-each-ref --sort -committerdate --format %(refname)%00%(objectname)%00%(*objectname) [420ms]
2026-09-06 12:14:40.664 [info] > git status -z -uall [697ms]
2026-09-06 12:14:46.071 [info] > git config --get commit.template [371ms]
2026-09-06 12:14:46.105 [info] > git for-each-ref --format=%(refname)%00%(upstream:short)%00%(objectname)%00%(upstream:track)%00%(upstream:remotename)%00%(upstream:remoteref) --ignore-case refs/heads/main refs/remotes/main [373ms]
2026-09-06 12:14:46.112 [warning] [Git][revParse] Unable to read file: ENOENT: no such file or directory, open 'c:\Users\gabri\OneDrive\Documentos\ProjetoDashboardFord\.git\refs\remotes\origin\main'
2026-09-06 12:14:46.379 [info] > git rev-parse refs/remotes/origin/main [266ms]
2026-09-06 12:14:46.844 [info] > git status -z -uall [459ms]
2026-09-06 12:14:46.860 [info] > git for-each-ref --sort -committerdate --format %(refname)%00%(objectname)%00%(*objectname) [466ms]
2026-09-06 12:14:52.728 [info] > git config --get commit.template [832ms]
2026-09-06 12:14:52.746 [info] > git for-each-ref --format=%(refname)%00%(upstream:short)%00%(objectname)%00%(upstream:track)%00%(upstream:remotename)%00%(upstream:remoteref) --ignore-case refs/heads/main refs/remotes/main [842ms]
2026-09-06 12:14:52.754 [warning] [Git][revParse] Unable to read file: ENOENT: no such file or directory, open 'c:\Users\gabri\OneDrive\Documentos\ProjetoDashboardFord\.git\refs\remotes\origin\main'
2026-09-06 12:14:52.910 [info] > git rev-parse refs/remotes/origin/main [156ms]
2026-09-06 12:14:53.327 [info] > git for-each-ref --sort -committerdate --format %(refname)%00%(objectname)%00%(*objectname) [399ms]
2026-09-06 12:14:53.429 [info] > git status -z -uall [510ms]
2026-09-06 12:14:59.760 [info] > git config --get commit.template [1147ms]
2026-09-06 12:14:59.760 [info] > git for-each-ref --format=%(refname)%00%(upstream:short)%00%(objectname)%00%(upstream:track)%00%(upstream:remotename)%00%(upstream:remoteref) --ignore-case refs/heads/main refs/remotes/main [1138ms]
2026-09-06 12:14:59.767 [warning] [Git][revParse] Unable to read file: ENOENT: no such file or directory, open 'c:\Users\gabri\OneDrive\Documentos\ProjetoDashboardFord\.git\refs\remotes\origin\main'
2026-09-06 12:15:00.177 [info] > git rev-parse refs/remotes/origin/main [410ms]
2026-09-06 12:15:00.693 [info] > git for-each-ref --sort -committerdate --format %(refname)%00%(objectname)%00%(*objectname) [499ms]
2026-09-06 12:15:00.792 [info] > git status -z -uall [608ms]
2026-09-06 12:15:06.227 [info] > git config --get commit.template [389ms]
2026-09-06 12:15:06.295 [info] > git for-each-ref --format=%(refname)%00%(upstream:short)%00%(objectname)%00%(upstream:track)%00%(upstream:remotename)%00%(upstream:remoteref) --ignore-case refs/heads/main refs/remotes/main [446ms]
2026-09-06 12:15:06.304 [warning] [Git][revParse] Unable to read file: ENOENT: no such file or directory, open 'c:\Users\gabri\OneDrive\Documentos\ProjetoDashboardFord\.git\refs\remotes\origin\main'
2026-09-06 12:15:06.542 [info] > git rev-parse refs/remotes/origin/main [238ms]
2026-09-06 12:15:06.988 [info] > git for-each-ref --sort -committerdate --format %(refname)%00%(objectname)%00%(*objectname) [409ms]
2026-09-06 12:15:07.011 [info] > git status -z -uall [458ms]
2026-09-06 12:15:12.438 [info] > git config --get commit.template [393ms]
2026-09-06 12:15:12.481 [info] > git for-each-ref --format=%(refname)%00%(upstream:short)%00%(objectname)%00%(upstream:track)%00%(upstream:remotename)%00%(upstream:remoteref) --ignore-case refs/heads/main refs/remotes/main [428ms]
2026-09-06 12:15:12.489 [warning] [Git][revParse] Unable to read file: ENOENT: no such file or directory, open 'c:\Users\gabri\OneDrive\Documentos\ProjetoDashboardFord\.git\refs\remotes\origin\main'
2026-09-06 12:15:12.717 [info] > git rev-parse refs/remotes/origin/main [228ms]
2026-09-06 12:15:13.208 [info] > git for-each-ref --sort -committerdate --format %(refname)%00%(objectname)%00%(*objectname) [475ms]
2026-09-06 12:15:13.533 [info] > git status -z -uall [808ms]
2026-09-06 12:15:19.239 [info] > git for-each-ref --format=%(refname)%00%(upstream:short)%00%(objectname)%00%(upstream:track)%00%(upstream:remotename)%00%(upstream:remoteref) --ignore-case refs/heads/main refs/remotes/main [652ms]
2026-09-06 12:15:19.246 [warning] [Git][revParse] Unable to read file: ENOENT: no such file or directory, open 'c:\Users\gabri\OneDrive\Documentos\ProjetoDashboardFord\.git\refs\remotes\origin\main'
2026-09-06 12:15:19.247 [info] > git config --get commit.template [669ms]
2026-09-06 12:15:20.048 [info] > git rev-parse refs/remotes/origin/main [802ms]
2026-09-06 12:15:20.584 [info] > git for-each-ref --sort -committerdate --format %(refname)%00%(objectname)%00%(*objectname) [518ms]
2026-09-06 12:15:20.717 [info] > git status -z -uall [661ms]
2026-09-06 12:15:26.972 [info] > git config --get commit.template [167ms]
2026-09-06 12:15:27.073 [info] > git for-each-ref --format=%(refname)%00%(upstream:short)%00%(objectname)%00%(upstream:track)%00%(upstream:remotename)%00%(upstream:remoteref) --ignore-case refs/heads/main refs/remotes/main [194ms]
2026-09-06 12:15:27.080 [warning] [Git][revParse] Unable to read file: ENOENT: no such file or directory, open 'c:\Users\gabri\OneDrive\Documentos\ProjetoDashboardFord\.git\refs\remotes\origin\main'
2026-09-06 12:15:27.246 [info] > git rev-parse refs/remotes/origin/main [166ms]
2026-09-06 12:15:27.476 [info] > git for-each-ref --sort -committerdate --format %(refname)%00%(objectname)%00%(*objectname) [214ms]
2026-09-06 12:15:27.590 [info] > git status -z -uall [338ms]
2026-09-06 12:15:33.585 [info] > git config --get commit.template [945ms]
2026-09-06 12:15:33.761 [info] > git for-each-ref --format=%(refname)%00%(upstream:short)%00%(objectname)%00%(upstream:track)%00%(upstream:remotename)%00%(upstream:remoteref) --ignore-case refs/heads/main refs/remotes/main [1114ms]
2026-09-06 12:15:33.769 [warning] [Git][revParse] Unable to read file: ENOENT: no such file or directory, open 'c:\Users\gabri\OneDrive\Documentos\ProjetoDashboardFord\.git\refs\remotes\origin\main'
2026-09-06 12:15:34.126 [info] > git rev-parse refs/remotes/origin/main [359ms]
2026-09-06 12:15:34.529 [info] > git for-each-ref --sort -committerdate --format %(refname)%00%(objectname)%00%(*objectname) [387ms]
2026-09-06 12:15:34.672 [info] > git status -z -uall [539ms]
2026-09-06 12:15:40.409 [info] > git config --get commit.template [524ms]
2026-09-06 12:15:40.437 [info] > git for-each-ref --format=%(refname)%00%(upstream:short)%00%(objectname)%00%(upstream:track)%00%(upstream:remotename)%00%(upstream:remoteref) --ignore-case refs/heads/main refs/remotes/main [524ms]
2026-09-06 12:15:40.445 [warning] [Git][revParse] Unable to read file: ENOENT: no such file or directory, open 'c:\Users\gabri\OneDrive\Documentos\ProjetoDashboardFord\.git\refs\remotes\origin\main'
2026-09-06 12:15:40.690 [info] > git rev-parse refs/remotes/origin/main [245ms]
2026-09-06 12:15:40.976 [info] > git for-each-ref --sort -committerdate --format %(refname)%00%(objectname)%00%(*objectname) [265ms]
2026-09-06 12:15:41.009 [info] > git status -z -uall [309ms]
2026-09-06 12:15:46.576 [info] > git for-each-ref --format=%(refname)%00%(upstream:short)%00%(objectname)%00%(upstream:track)%00%(upstream:remotename)%00%(upstream:remoteref) --ignore-case refs/heads/main refs/remotes/main [513ms]
2026-09-06 12:15:46.585 [warning] [Git][revParse] Unable to read file: ENOENT: no such file or directory, open 'c:\Users\gabri\OneDrive\Documentos\ProjetoDashboardFord\.git\refs\remotes\origin\main'
2026-09-06 12:15:46.586 [info] > git config --get commit.template [532ms]
2026-09-06 12:15:46.830 [info] > git rev-parse refs/remotes/origin/main [245ms]
2026-09-06 12:15:47.120 [info] > git for-each-ref --sort -committerdate --format %(refname)%00%(objectname)%00%(*objectname) [274ms]
2026-09-06 12:15:47.260 [info] > git status -z -uall [423ms]
2026-09-06 12:15:52.653 [info] > git config --get commit.template [341ms]
2026-09-06 12:15:52.703 [info] > git for-each-ref --format=%(refname)%00%(upstream:short)%00%(objectname)%00%(upstream:track)%00%(upstream:remotename)%00%(upstream:remoteref) --ignore-case refs/heads/main refs/remotes/main [381ms]
2026-09-06 12:15:52.710 [warning] [Git][revParse] Unable to read file: ENOENT: no such file or directory, open 'c:\Users\gabri\OneDrive\Documentos\ProjetoDashboardFord\.git\refs\remotes\origin\main'
2026-09-06 12:15:53.113 [info] > git rev-parse refs/remotes/origin/main [403ms]
2026-09-06 12:15:53.434 [info] > git for-each-ref --sort -committerdate --format %(refname)%00%(objectname)%00%(*objectname) [279ms]
2026-09-06 12:15:53.460 [info] > git status -z -uall [313ms]
2026-09-06 12:15:58.762 [info] > git config --get commit.template [251ms]
2026-09-06 12:15:58.811 [info] > git for-each-ref --format=%(refname)%00%(upstream:short)%00%(objectname)%00%(upstream:track)%00%(upstream:remotename)%00%(upstream:remoteref) --ignore-case refs/heads/main refs/remotes/main [290ms]
2026-09-06 12:15:58.819 [warning] [Git][revParse] Unable to read file: ENOENT: no such file or directory, open 'c:\Users\gabri\OneDrive\Documentos\ProjetoDashboardFord\.git\refs\remotes\origin\main'
2026-09-06 12:15:59.065 [info] > git rev-parse refs/remotes/origin/main [246ms]
2026-09-06 12:15:59.422 [info] > git for-each-ref --sort -committerdate --format %(refname)%00%(objectname)%00%(*objectname) [340ms]
2026-09-06 12:15:59.469 [info] > git status -z -uall [397ms]
2026-09-06 12:16:04.683 [info] > git config --get commit.template [171ms]
2026-09-06 12:16:04.698 [info] > git for-each-ref --format=%(refname)%00%(upstream:short)%00%(objectname)%00%(upstream:track)%00%(upstream:remotename)%00%(upstream:remoteref) --ignore-case refs/heads/main refs/remotes/main [168ms]
2026-09-06 12:16:04.704 [warning] [Git][revParse] Unable to read file: ENOENT: no such file or directory, open 'c:\Users\gabri\OneDrive\Documentos\ProjetoDashboardFord\.git\refs\remotes\origin\main'
2026-09-06 12:16:04.816 [info] > git rev-parse refs/remotes/origin/main [112ms]
2026-09-06 12:16:05.008 [info] > git for-each-ref --sort -committerdate --format %(refname)%00%(objectname)%00%(*objectname) [175ms]
2026-09-06 12:16:05.077 [info] > git status -z -uall [254ms]
2026-09-06 12:16:12.160 [info] > git config --get commit.template [1854ms]
2026-09-06 12:16:12.376 [info] > git for-each-ref --format=%(refname)%00%(upstream:short)%00%(objectname)%00%(upstream:track)%00%(upstream:remotename)%00%(upstream:remoteref) --ignore-case refs/heads/main refs/remotes/main [2048ms]
2026-09-06 12:16:12.383 [warning] [Git][revParse] Unable to read file: ENOENT: no such file or directory, open 'c:\Users\gabri\OneDrive\Documentos\ProjetoDashboardFord\.git\refs\remotes\origin\main'
2026-09-06 12:16:18.167 [info] > git rev-parse refs/remotes/origin/main [5784ms]
2026-09-06 12:16:24.609 [info] > git status -z -uall [6237ms]
2026-09-06 12:16:25.673 [info] > git for-each-ref --sort -committerdate --format %(refname)%00%(objectname)%00%(*objectname) [7259ms]
2026-09-07 06:59:19.551 [info] > git config --get commit.template [33372ms]
2026-09-07 06:59:19.737 [info] > git for-each-ref --format=%(refname)%00%(upstream:short)%00%(objectname)%00%(upstream:track)%00%(upstream:remotename)%00%(upstream:remoteref) --ignore-case refs/heads/main refs/remotes/main [32148ms]
2026-09-07 06:59:19.932 [warning] [Git][revParse] Unable to read file: ENOENT: no such file or directory, open 'c:\Users\gabri\OneDrive\Documentos\ProjetoDashboardFord\.git\refs\remotes\origin\main'
2026-09-07 06:59:21.147 [info] > git rev-parse refs/remotes/origin/main [1214ms]
2026-09-07 06:59:22.524 [info] > git for-each-ref --sort -committerdate --format %(refname)%00%(objectname)%00%(*objectname) [1011ms]
2026-09-07 06:59:25.656 [info] > git status -z -uall [4283ms]
2026-09-07 07:04:20.800 [info] > git for-each-ref --format=%(refname)%00%(upstream:short)%00%(objectname)%00%(upstream:track)%00%(upstream:remotename)%00%(upstream:remoteref) --ignore-case refs/heads/main refs/remotes/main [3094ms]
2026-09-07 07:04:20.893 [info] > git config --get commit.template [3413ms]
2026-09-07 07:04:20.910 [warning] [Git][revParse] Unable to read file: ENOENT: no such file or directory, open 'c:\Users\gabri\OneDrive\Documentos\ProjetoDashboardFord\.git\refs\remotes\origin\main'
2026-09-07 07:04:23.543 [info] > git rev-parse refs/remotes/origin/main [2633ms]
2026-09-07 07:04:24.214 [info] > git for-each-ref --sort -committerdate --format %(refname)%00%(objectname)%00%(*objectname) [464ms]
2026-09-07 07:04:27.247 [info] > git status -z -uall [3690ms]
2026-09-07 07:04:32.813 [info] > git config --get commit.template [339ms]
2026-09-07 07:04:32.816 [info] > git for-each-ref --format=%(refname)%00%(upstream:short)%00%(objectname)%00%(upstream:track)%00%(upstream:remotename)%00%(upstream:remoteref) --ignore-case refs/heads/main refs/remotes/main [417ms]
2026-09-07 07:04:32.907 [warning] [Git][revParse] Unable to read file: ENOENT: no such file or directory, open 'c:\Users\gabri\OneDrive\Documentos\ProjetoDashboardFord\.git\refs\remotes\origin\main'
2026-09-07 07:04:33.043 [info] > git rev-parse refs/remotes/origin/main [135ms]
2026-09-07 07:04:33.495 [info] > git for-each-ref --sort -committerdate --format %(refname)%00%(objectname)%00%(*objectname) [413ms]
2026-09-07 07:04:33.586 [info] > git status -z -uall [514ms]
2026-09-07 07:04:39.269 [info] > git config --get commit.template [647ms]
2026-09-07 07:04:39.407 [info] > git for-each-ref --format=%(refname)%00%(upstream:short)%00%(objectname)%00%(upstream:track)%00%(upstream:remotename)%00%(upstream:remoteref) --ignore-case refs/heads/main refs/remotes/main [761ms]
2026-09-07 07:04:39.416 [warning] [Git][revParse] Unable to read file: ENOENT: no such file or directory, open 'c:\Users\gabri\OneDrive\Documentos\ProjetoDashboardFord\.git\refs\remotes\origin\main'
2026-09-07 07:04:39.728 [info] > git rev-parse refs/remotes/origin/main [312ms]
2026-09-07 07:04:40.281 [info] > git for-each-ref --sort -committerdate --format %(refname)%00%(objectname)%00%(*objectname) [520ms]
2026-09-07 07:04:40.301 [info] > git status -z -uall [565ms]
2026-09-07 07:04:45.927 [info] > git for-each-ref --format=%(refname)%00%(upstream:short)%00%(objectname)%00%(upstream:track)%00%(upstream:remotename)%00%(upstream:remoteref) --ignore-case refs/heads/main refs/remotes/main [563ms]
2026-09-07 07:04:45.937 [warning] [Git][revParse] Unable to read file: ENOENT: no such file or directory, open 'c:\Users\gabri\OneDrive\Documentos\ProjetoDashboardFord\.git\refs\remotes\origin\main'
2026-09-07 07:04:46.102 [info] > git config --get commit.template [757ms]
2026-09-07 07:04:46.494 [info] > git rev-parse refs/remotes/origin/main [557ms]
2026-09-07 07:04:47.714 [info] > git for-each-ref --sort -committerdate --format %(refname)%00%(objectname)%00%(*objectname) [590ms]
2026-09-07 07:04:48.038 [info] > git status -z -uall [1519ms]
2026-09-07 07:04:53.661 [info] > git config --get commit.template [551ms]
2026-09-07 07:04:53.678 [info] > git for-each-ref --format=%(refname)%00%(upstream:short)%00%(objectname)%00%(upstream:track)%00%(upstream:remotename)%00%(upstream:remoteref) --ignore-case refs/heads/main refs/remotes/main [432ms]
2026-09-07 07:04:53.686 [warning] [Git][revParse] Unable to read file: ENOENT: no such file or directory, open 'c:\Users\gabri\OneDrive\Documentos\ProjetoDashboardFord\.git\refs\remotes\origin\main'
2026-09-07 07:04:53.893 [info] > git rev-parse refs/remotes/origin/main [208ms]
2026-09-07 07:04:54.234 [info] > git for-each-ref --sort -committerdate --format %(refname)%00%(objectname)%00%(*objectname) [323ms]
2026-09-07 07:04:54.313 [info] > git status -z -uall [411ms]
2026-09-07 07:05:00.609 [info] > git config --get commit.template [1226ms]
2026-09-07 07:05:00.623 [info] > git for-each-ref --format=%(refname)%00%(upstream:short)%00%(objectname)%00%(upstream:track)%00%(upstream:remotename)%00%(upstream:remoteref) --ignore-case refs/heads/main refs/remotes/main [1228ms]
2026-09-07 07:05:00.632 [warning] [Git][revParse] Unable to read file: ENOENT: no such file or directory, open 'c:\Users\gabri\OneDrive\Documentos\ProjetoDashboardFord\.git\refs\remotes\origin\main'
2026-09-07 07:05:00.748 [info] > git rev-parse refs/remotes/origin/main [117ms]
2026-09-07 07:05:00.945 [info] > git for-each-ref --sort -committerdate --format %(refname)%00%(objectname)%00%(*objectname) [180ms]
2026-09-07 07:05:01.101 [info] > git status -z -uall [346ms]
2026-09-07 07:05:06.477 [info] > git config --get commit.template [272ms]
2026-09-07 07:05:06.486 [info] > git for-each-ref --format=%(refname)%00%(upstream:short)%00%(objectname)%00%(upstream:track)%00%(upstream:remotename)%00%(upstream:remoteref) --ignore-case refs/heads/main refs/remotes/main [266ms]
2026-09-07 07:05:06.494 [warning] [Git][revParse] Unable to read file: ENOENT: no such file or directory, open 'c:\Users\gabri\OneDrive\Documentos\ProjetoDashboardFord\.git\refs\remotes\origin\main'
2026-09-07 07:05:06.637 [info] > git rev-parse refs/remotes/origin/main [143ms]
2026-09-07 07:05:06.892 [info] > git for-each-ref --sort -committerdate --format %(refname)%00%(objectname)%00%(*objectname) [239ms]
2026-09-07 07:05:06.930 [info] > git status -z -uall [286ms]
2026-09-07 07:08:35.105 [info] > git config --get commit.template [1054ms]
2026-09-07 07:08:35.219 [info] > git for-each-ref --format=%(refname)%00%(upstream:short)%00%(objectname)%00%(upstream:track)%00%(upstream:remotename)%00%(upstream:remoteref) --ignore-case refs/heads/main refs/remotes/main [1118ms]
2026-09-07 07:08:35.231 [warning] [Git][revParse] Unable to read file: ENOENT: no such file or directory, open 'c:\Users\gabri\OneDrive\Documentos\ProjetoDashboardFord\.git\refs\remotes\origin\main'
2026-09-07 07:08:36.635 [info] > git rev-parse refs/remotes/origin/main [1405ms]
2026-09-07 07:08:37.273 [info] > git for-each-ref --sort -committerdate --format %(refname)%00%(objectname)%00%(*objectname) [504ms]
2026-09-07 07:08:37.869 [info] > git status -z -uall [1216ms]
2026-09-07 07:08:54.403 [info] > git for-each-ref --format=%(refname)%00%(upstream:short)%00%(objectname)%00%(upstream:track)%00%(upstream:remotename)%00%(upstream:remoteref) --ignore-case refs/heads/main refs/remotes/main [231ms]
2026-09-07 07:08:54.433 [info] > git config --get commit.template [2180ms]
2026-09-07 07:08:54.440 [warning] [Git][revParse] Unable to read file: ENOENT: no such file or directory, open 'c:\Users\gabri\OneDrive\Documentos\ProjetoDashboardFord\.git\refs\remotes\origin\main'
2026-09-07 07:08:55.474 [info] > git rev-parse refs/remotes/origin/main [1034ms]
2026-09-07 07:08:55.612 [info] > git check-ignore -v -z --stdin [145ms]
2026-09-07 07:08:55.844 [info] > git for-each-ref --sort -committerdate --format %(refname)%00%(objectname)%00%(*objectname) [347ms]
2026-09-07 07:08:56.269 [info] > git status -z -uall [780ms]
2026-09-07 07:09:01.831 [info] > git for-each-ref --format=%(refname)%00%(upstream:short)%00%(objectname)%00%(upstream:track)%00%(upstream:remotename)%00%(upstream:remoteref) --ignore-case refs/heads/main refs/remotes/main [484ms]
2026-09-07 07:09:01.839 [warning] [Git][revParse] Unable to read file: ENOENT: no such file or directory, open 'c:\Users\gabri\OneDrive\Documentos\ProjetoDashboardFord\.git\refs\remotes\origin\main'
2026-09-07 07:09:01.861 [info] > git config --get commit.template [549ms]
2026-09-07 07:09:02.164 [info] > git rev-parse refs/remotes/origin/main [325ms]
2026-09-07 07:09:02.490 [info] > git for-each-ref --sort -committerdate --format %(refname)%00%(objectname)%00%(*objectname) [311ms]
2026-09-07 07:09:02.503 [info] > git status -z -uall [332ms]
2026-09-07 07:10:11.244 [info] > git config --get commit.template [3679ms]
2026-09-07 07:10:11.256 [info] > git for-each-ref --format=%(refname)%00%(upstream:short)%00%(objectname)%00%(upstream:track)%00%(upstream:remotename)%00%(upstream:remoteref) --ignore-case refs/heads/main refs/remotes/main [3524ms]
2026-09-07 07:10:11.264 [warning] [Git][revParse] Unable to read file: ENOENT: no such file or directory, open 'c:\Users\gabri\OneDrive\Documentos\ProjetoDashboardFord\.git\refs\remotes\origin\main'
2026-09-07 07:10:11.878 [info] > git rev-parse refs/remotes/origin/main [539ms]
2026-09-07 07:10:12.443 [info] > git for-each-ref --sort -committerdate --format %(refname)%00%(objectname)%00%(*objectname) [533ms]
2026-09-07 07:10:15.644 [info] > git status -z -uall [3756ms]
2026-09-07 07:12:07.381 [info] > git config --get commit.template [4404ms]
2026-09-07 07:12:07.415 [info] > git for-each-ref --format=%(refname)%00%(upstream:short)%00%(objectname)%00%(upstream:track)%00%(upstream:remotename)%00%(upstream:remoteref) --ignore-case refs/heads/main refs/remotes/main [4372ms]
2026-09-07 07:12:07.423 [warning] [Git][revParse] Unable to read file: ENOENT: no such file or directory, open 'c:\Users\gabri\OneDrive\Documentos\ProjetoDashboardFord\.git\refs\remotes\origin\main'
2026-09-07 07:12:08.807 [info] > git rev-parse refs/remotes/origin/main [1385ms]
2026-09-07 07:12:10.272 [info] > git for-each-ref --sort -committerdate --format %(refname)%00%(objectname)%00%(*objectname) [1224ms]
2026-09-07 07:12:17.591 [info] > git status -z -uall [8768ms]
2026-09-07 07:17:29.708 [info] > git config --get commit.template [2033ms]
2026-09-07 07:17:29.760 [info] > git for-each-ref --format=%(refname)%00%(upstream:short)%00%(objectname)%00%(upstream:track)%00%(upstream:remotename)%00%(upstream:remoteref) --ignore-case refs/heads/main refs/remotes/main [2033ms]
2026-09-07 07:17:29.774 [warning] [Git][revParse] Unable to read file: ENOENT: no such file or directory, open 'c:\Users\gabri\OneDrive\Documentos\ProjetoDashboardFord\.git\refs\remotes\origin\main'
2026-09-07 07:17:30.522 [info] > git rev-parse refs/remotes/origin/main [741ms]
2026-09-07 07:17:31.006 [info] > git for-each-ref --sort -committerdate --format %(refname)%00%(objectname)%00%(*objectname) [459ms]
2026-09-07 07:17:31.008 [info] > git check-ignore -v -z --stdin [627ms]
2026-09-07 07:17:32.943 [info] > git status -z -uall [2389ms]
2026-09-07 07:17:42.581 [info] > git for-each-ref --format=%(refname)%00%(upstream:short)%00%(objectname)%00%(upstream:track)%00%(upstream:remotename)%00%(upstream:remoteref) --ignore-case refs/heads/main refs/remotes/main [4459ms]
2026-09-07 07:17:42.585 [info] > git config --get commit.template [4474ms]
2026-09-07 07:17:43.676 [warning] [Git][revParse] Unable to read file: ENOENT: no such file or directory, open 'c:\Users\gabri\OneDrive\Documentos\ProjetoDashboardFord\.git\refs\remotes\origin\main'
2026-09-07 07:17:44.819 [info] > git check-ignore -v -z --stdin [1104ms]
2026-09-07 07:17:44.832 [info] > git rev-parse refs/remotes/origin/main [1156ms]
2026-09-07 07:17:45.313 [info] > git for-each-ref --sort -committerdate --format %(refname)%00%(objectname)%00%(*objectname) [444ms]
2026-09-07 07:17:45.725 [info] > git status -z -uall [875ms]
2026-09-07 07:17:53.295 [info] > git check-ignore -v -z --stdin [274ms]
2026-09-07 07:18:03.384 [info] > git check-ignore -v -z --stdin [293ms]
2026-09-07 07:18:09.346 [info] > git check-ignore -v -z --stdin [496ms]
2026-09-07 07:18:09.785 [info] > git ls-files --stage -- src/app/pages/home/home.html [377ms]
2026-09-07 07:18:09.862 [info] > git show --textconv :src/app/pages/home/home.html [474ms]
2026-09-07 07:18:10.180 [info] > git cat-file -s dabecdcce8f73a6a0a5a25fd699bfea1abafd701 [379ms]
2026-09-07 07:18:29.432 [info] > git check-ignore -v -z --stdin [1725ms]
2026-09-07 07:18:30.753 [info] > git ls-files --stage -- src/app/pages/home/home.css [1095ms]
2026-09-07 07:18:30.842 [info] > git show --textconv :src/app/pages/home/home.css [1315ms]
2026-09-07 07:18:31.185 [info] > git cat-file -s a144600715a28dcd011be49d73c26b028502613b [416ms]
2026-09-07 07:18:38.437 [info] > git check-ignore -v -z --stdin [631ms]
2026-09-07 07:18:40.743 [info] > git check-ignore -v -z --stdin [695ms]
2026-09-07 07:18:41.115 [info] > git ls-files --stage -- src/app/pages/dashboard/dashboard.html [310ms]
2026-09-07 07:18:41.213 [info] > git show --textconv :src/app/pages/dashboard/dashboard.html [435ms]
2026-09-07 07:18:41.612 [info] > git cat-file -s b8cde2de1d6e32548ba88929ec204ad44ae8966b [480ms]
2026-09-07 07:18:44.685 [info] > git blame --root --incremental b4faea50508b498a0d2fa9707e71bf12fe40f30f -- src/app/pages/dashboard/dashboard.html [496ms]
2026-09-07 07:18:47.956 [info] > git check-ignore -v -z --stdin [285ms]
2026-09-07 07:18:49.853 [info] > git check-ignore -v -z --stdin [499ms]
2026-09-07 07:18:50.996 [info] > git config --get commit.template [1220ms]
2026-09-07 07:18:51.410 [info] > git for-each-ref --format=%(refname)%00%(upstream:short)%00%(objectname)%00%(upstream:track)%00%(upstream:remotename)%00%(upstream:remoteref) --ignore-case refs/heads/main refs/remotes/main [1597ms]
2026-09-07 07:18:51.441 [warning] [Git][revParse] Unable to read file: ENOENT: no such file or directory, open 'c:\Users\gabri\OneDrive\Documentos\ProjetoDashboardFord\.git\refs\remotes\origin\main'
2026-09-07 07:18:51.942 [info] > git rev-parse refs/remotes/origin/main [501ms]
2026-09-07 07:18:52.736 [info] > git for-each-ref --sort -committerdate --format %(refname)%00%(objectname)%00%(*objectname) [775ms]
2026-09-07 07:18:52.910 [info] > git status -z -uall [959ms]
2026-09-07 07:18:53.596 [info] > git check-ignore -v -z --stdin [288ms]
2026-09-07 07:18:58.465 [info] > git check-ignore -v -z --stdin [1913ms]
2026-09-07 07:18:59.136 [info] > git ls-files --stage -- src/app/pages/home/home.html [556ms]
2026-09-07 07:18:59.491 [info] > git show --textconv :src/app/pages/home/home.html [978ms]
2026-09-07 07:18:59.605 [info] > git cat-file -s dabecdcce8f73a6a0a5a25fd699bfea1abafd701 [461ms]
2026-09-07 07:19:05.586 [info] > git blame --root --incremental b4faea50508b498a0d2fa9707e71bf12fe40f30f -- src/app/pages/home/home.html [3653ms]
2026-09-07 07:19:09.578 [info] > git config --get commit.template [2257ms]
2026-09-07 07:19:10.026 [info] > git for-each-ref --format=%(refname)%00%(upstream:short)%00%(objectname)%00%(upstream:track)%00%(upstream:remotename)%00%(upstream:remoteref) --ignore-case refs/heads/main refs/remotes/main [2641ms]
2026-09-07 07:19:10.041 [warning] [Git][revParse] Unable to read file: ENOENT: no such file or directory, open 'c:\Users\gabri\OneDrive\Documentos\ProjetoDashboardFord\.git\refs\remotes\origin\main'
2026-09-07 07:19:10.700 [info] > git check-ignore -v -z --stdin [2527ms]
2026-09-07 07:19:11.369 [info] > git rev-parse refs/remotes/origin/main [1329ms]
2026-09-07 07:19:12.021 [info] > git show --textconv :src/app/pages/dashboard/dashboard.html [1297ms]
2026-09-07 07:19:12.058 [info] > git ls-files --stage -- src/app/pages/dashboard/dashboard.html [1320ms]
2026-09-07 07:19:12.612 [info] > git for-each-ref --sort -committerdate --format %(refname)%00%(objectname)%00%(*objectname) [1094ms]
2026-09-07 07:19:12.772 [info] > git cat-file -s b8cde2de1d6e32548ba88929ec204ad44ae8966b [706ms]
2026-09-07 07:19:12.777 [info] > git status -z -uall [1385ms]
2026-09-07 07:19:13.794 [info] > git check-ignore -v -z --stdin [766ms]
2026-09-07 07:19:27.802 [info] > git check-ignore -v -z --stdin [673ms]
2026-09-07 07:19:28.327 [info] > git check-ignore -v -z --stdin [470ms]
2026-09-07 07:19:28.977 [info] > git check-ignore -v -z --stdin [515ms]
2026-09-07 07:19:29.533 [info] > git check-ignore -v -z --stdin [500ms]
2026-09-07 07:19:30.053 [info] > git check-ignore -v -z --stdin [478ms]
2026-09-07 07:19:30.838 [info] > git check-ignore -v -z --stdin [727ms]
2026-09-07 07:19:31.468 [info] > git check-ignore -v -z --stdin [582ms]
2026-09-07 07:19:33.260 [info] > git for-each-ref --format=%(refname)%00%(upstream:short)%00%(objectname)%00%(upstream:track)%00%(upstream:remotename)%00%(upstream:remoteref) --ignore-case refs/heads/main refs/remotes/main [460ms]
2026-09-07 07:19:33.261 [info] > git config --get commit.template [473ms]
2026-09-07 07:19:33.271 [warning] [Git][revParse] Unable to read file: ENOENT: no such file or directory, open 'c:\Users\gabri\OneDrive\Documentos\ProjetoDashboardFord\.git\refs\remotes\origin\main'
2026-09-07 07:19:33.550 [info] > git rev-parse refs/remotes/origin/main [279ms]
2026-09-07 07:19:33.989 [info] > git for-each-ref --sort -committerdate --format %(refname)%00%(objectname)%00%(*objectname) [419ms]
2026-09-07 07:19:34.251 [info] > git status -z -uall [691ms]
2026-09-07 07:19:42.510 [info] > git check-ignore -v -z --stdin [347ms]
2026-09-07 07:19:46.856 [info] > git config --get commit.template [2646ms]
2026-09-07 07:19:46.874 [info] > git for-each-ref --format=%(refname)%00%(upstream:short)%00%(objectname)%00%(upstream:track)%00%(upstream:remotename)%00%(upstream:remoteref) --ignore-case refs/heads/main refs/remotes/main [2650ms]
2026-09-07 07:19:46.886 [warning] [Git][revParse] Unable to read file: ENOENT: no such file or directory, open 'c:\Users\gabri\OneDrive\Documentos\ProjetoDashboardFord\.git\refs\remotes\origin\main'
2026-09-07 07:19:47.361 [info] > git rev-parse refs/remotes/origin/main [474ms]
2026-09-07 07:19:47.668 [info] > git for-each-ref --sort -committerdate --format %(refname)%00%(objectname)%00%(*objectname) [288ms]
2026-09-07 07:19:47.798 [info] > git status -z -uall [428ms]
2026-09-07 07:20:22.457 [info] > git for-each-ref --format=%(refname)%00%(upstream:short)%00%(objectname)%00%(upstream:track)%00%(upstream:remotename)%00%(upstream:remoteref) --ignore-case refs/heads/main refs/remotes/main [1381ms]
2026-09-07 07:20:22.474 [warning] [Git][revParse] Unable to read file: ENOENT: no such file or directory, open 'c:\Users\gabri\OneDrive\Documentos\ProjetoDashboardFord\.git\refs\remotes\origin\main'
2026-09-07 07:20:22.501 [info] > git config --get commit.template [1603ms]
2026-09-07 07:20:22.964 [info] > git rev-parse refs/remotes/origin/main [491ms]
2026-09-07 07:20:23.437 [info] > git for-each-ref --sort -committerdate --format %(refname)%00%(objectname)%00%(*objectname) [449ms]
2026-09-07 07:20:23.774 [info] > git status -z -uall [802ms]
2026-09-07 07:20:26.382 [info] > git check-ignore -v -z --stdin [1301ms]
2026-09-07 07:20:26.982 [info] > git check-ignore -v -z --stdin [336ms]
2026-09-07 07:20:28.741 [info] > git check-ignore -v -z --stdin [1263ms]
2026-09-07 07:20:29.756 [info] > git for-each-ref --format=%(refname)%00%(upstream:short)%00%(objectname)%00%(upstream:track)%00%(upstream:remotename)%00%(upstream:remoteref) --ignore-case refs/heads/main refs/remotes/main [886ms]
2026-09-07 07:20:29.757 [info] > git config --get commit.template [901ms]
2026-09-07 07:20:29.768 [warning] [Git][revParse] Unable to read file: ENOENT: no such file or directory, open 'c:\Users\gabri\OneDrive\Documentos\ProjetoDashboardFord\.git\refs\remotes\origin\main'
2026-09-07 07:20:30.294 [info] > git rev-parse refs/remotes/origin/main [527ms]
2026-09-07 07:20:30.825 [info] > git for-each-ref --sort -committerdate --format %(refname)%00%(objectname)%00%(*objectname) [511ms]
2026-09-07 07:20:30.953 [info] > git status -z -uall [650ms]
2026-09-07 07:20:31.660 [info] > git check-ignore -v -z --stdin [476ms]
2026-09-07 07:20:32.047 [info] > git check-ignore -v -z --stdin [337ms]
2026-09-07 07:20:36.457 [info] > git config --get commit.template [450ms]
2026-09-07 07:20:36.487 [info] > git for-each-ref --format=%(refname)%00%(upstream:short)%00%(objectname)%00%(upstream:track)%00%(upstream:remotename)%00%(upstream:remoteref) --ignore-case refs/heads/main refs/remotes/main [452ms]
2026-09-07 07:20:36.496 [warning] [Git][revParse] Unable to read file: ENOENT: no such file or directory, open 'c:\Users\gabri\OneDrive\Documentos\ProjetoDashboardFord\.git\refs\remotes\origin\main'
2026-09-07 07:20:36.715 [info] > git rev-parse refs/remotes/origin/main [219ms]
2026-09-07 07:20:37.095 [info] > git for-each-ref --sort -committerdate --format %(refname)%00%(objectname)%00%(*objectname) [360ms]
2026-09-07 07:20:37.140 [info] > git status -z -uall [416ms]
2026-09-07 07:20:46.518 [info] > git check-ignore -v -z --stdin [531ms]
2026-09-07 07:20:47.091 [info] > git ls-files --stage -- src/app/pages/home/home.html [413ms]
2026-09-07 07:20:47.172 [info] > git show --textconv :src/app/pages/home/home.html [507ms]
2026-09-07 07:20:47.443 [info] > git cat-file -s dabecdcce8f73a6a0a5a25fd699bfea1abafd701 [272ms]
2026-09-07 07:21:10.882 [info] > git check-ignore -v -z --stdin [799ms]
2026-09-07 07:21:11.313 [info] > git ls-files --stage -- src/app/pages/dashboard/dashboard.html [394ms]
2026-09-07 07:21:11.365 [info] > git show --textconv :src/app/pages/dashboard/dashboard.html [461ms]
2026-09-07 07:21:11.671 [info] > git cat-file -s b8cde2de1d6e32548ba88929ec204ad44ae8966b [350ms]
2026-09-07 07:21:20.662 [info] > git check-ignore -v -z --stdin [5478ms]
2026-09-07 07:21:23.520 [info] > git ls-files --stage -- src/app/pages/dashboard/dashboard.ts [2520ms]
2026-09-07 07:21:24.073 [info] > git show --textconv :src/app/pages/dashboard/dashboard.ts [3318ms]
2026-09-07 07:21:24.456 [info] > git config --get commit.template [1533ms]
2026-09-07 07:21:24.528 [info] > git for-each-ref --format=%(refname)%00%(upstream:short)%00%(objectname)%00%(upstream:track)%00%(upstream:remotename)%00%(upstream:remoteref) --ignore-case refs/heads/main refs/remotes/main [1563ms]
2026-09-07 07:21:24.538 [warning] [Git][revParse] Unable to read file: ENOENT: no such file or directory, open 'c:\Users\gabri\OneDrive\Documentos\ProjetoDashboardFord\.git\refs\remotes\origin\main'
2026-09-07 07:21:26.698 [info] > git rev-parse refs/remotes/origin/main [2159ms]
2026-09-07 07:21:27.119 [info] > git cat-file -s ac30bc710a35be72f38981feb0f17561d74b5d97 [3568ms]
2026-09-07 07:21:29.564 [info] > git blame --root --incremental b4faea50508b498a0d2fa9707e71bf12fe40f30f -- src/app/pages/dashboard/dashboard.ts [2363ms]
2026-09-07 07:21:29.781 [info] > git for-each-ref --sort -committerdate --format %(refname)%00%(objectname)%00%(*objectname) [2661ms]
2026-09-07 07:21:29.861 [info] > git check-ignore -v -z --stdin [2247ms]
2026-09-07 07:21:30.088 [info] > git status -z -uall [3360ms]
2026-09-07 07:21:31.585 [info] > git check-ignore -v -z --stdin [1004ms]
2026-09-07 07:21:39.433 [info] > git check-ignore -v -z --stdin [959ms]
2026-09-07 07:21:40.988 [info] > git check-ignore -v -z --stdin [1487ms]
2026-09-07 07:21:41.421 [info] > git check-ignore -v -z --stdin [370ms]
2026-09-07 07:21:44.501 [info] > git for-each-ref --format=%(refname)%00%(upstream:short)%00%(objectname)%00%(upstream:track)%00%(upstream:remotename)%00%(upstream:remoteref) --ignore-case refs/heads/main refs/remotes/main [1211ms]
2026-09-07 07:21:44.513 [warning] [Git][revParse] Unable to read file: ENOENT: no such file or directory, open 'c:\Users\gabri\OneDrive\Documentos\ProjetoDashboardFord\.git\refs\remotes\origin\main'
2026-09-07 07:21:44.587 [info] > git config --get commit.template [1738ms]
2026-09-07 07:21:45.418 [info] > git rev-parse refs/remotes/origin/main [906ms]
2026-09-07 07:21:46.503 [info] > git for-each-ref --sort -committerdate --format %(refname)%00%(objectname)%00%(*objectname) [1043ms]
2026-09-07 07:21:46.588 [info] > git status -z -uall [1152ms]
2026-09-07 07:22:00.769 [info] > git check-ignore -v -z --stdin [967ms]
2026-09-07 07:22:01.282 [info] > git show --textconv :src/app/pages/home/home.ts [460ms]
2026-09-07 07:22:01.285 [info] > git ls-files --stage -- src/app/pages/home/home.ts [435ms]
2026-09-07 07:22:01.769 [info] > git cat-file -s 9e533794080c6ba2a0159b7731d71413b17e1f0c [460ms]
2026-09-07 07:22:03.631 [info] > git blame --root --incremental b4faea50508b498a0d2fa9707e71bf12fe40f30f -- src/app/pages/home/home.ts [854ms]
2026-09-07 07:22:10.395 [info] > git check-ignore -v -z --stdin [893ms]
2026-09-07 07:22:11.152 [info] > git show --textconv :src/app/pages/dashboard/dashboard.ts [555ms]
2026-09-07 07:22:11.154 [info] > git ls-files --stage -- src/app/pages/dashboard/dashboard.ts [542ms]
2026-09-07 07:22:11.706 [info] > git cat-file -s ac30bc710a35be72f38981feb0f17561d74b5d97 [541ms]
2026-09-07 07:22:13.231 [info] > git check-ignore -v -z --stdin [379ms]
2026-09-07 07:22:15.404 [info] > git config --get commit.template [551ms]
2026-09-07 07:22:15.619 [info] > git for-each-ref --format=%(refname)%00%(upstream:short)%00%(objectname)%00%(upstream:track)%00%(upstream:remotename)%00%(upstream:remoteref) --ignore-case refs/heads/main refs/remotes/main [607ms]
2026-09-07 07:22:15.628 [warning] [Git][revParse] Unable to read file: ENOENT: no such file or directory, open 'c:\Users\gabri\OneDrive\Documentos\ProjetoDashboardFord\.git\refs\remotes\origin\main'
2026-09-07 07:22:16.905 [info] > git rev-parse refs/remotes/origin/main [1277ms]
2026-09-07 07:22:17.565 [info] > git for-each-ref --sort -committerdate --format %(refname)%00%(objectname)%00%(*objectname) [638ms]
2026-09-07 07:22:17.910 [info] > git status -z -uall [995ms]
2026-09-07 07:22:21.734 [info] > git check-ignore -v -z --stdin [463ms]
2026-09-07 07:22:24.351 [info] > git config --get commit.template [916ms]
2026-09-07 07:22:24.351 [info] > git for-each-ref --format=%(refname)%00%(upstream:short)%00%(objectname)%00%(upstream:track)%00%(upstream:remotename)%00%(upstream:remoteref) --ignore-case refs/heads/main refs/remotes/main [902ms]
2026-09-07 07:22:24.361 [warning] [Git][revParse] Unable to read file: ENOENT: no such file or directory, open 'c:\Users\gabri\OneDrive\Documentos\ProjetoDashboardFord\.git\refs\remotes\origin\main'
2026-09-07 07:22:24.803 [info] > git rev-parse refs/remotes/origin/main [442ms]
2026-09-07 07:22:25.354 [info] > git for-each-ref --sort -committerdate --format %(refname)%00%(objectname)%00%(*objectname) [498ms]
2026-09-07 07:22:25.534 [info] > git status -z -uall [698ms]
2026-09-07 07:22:28.424 [info] > git check-ignore -v -z --stdin [397ms]
2026-09-07 07:22:28.913 [info] > git check-ignore -v -z --stdin [458ms]
2026-09-07 07:22:29.252 [info] > git check-ignore -v -z --stdin [308ms]
2026-09-07 07:22:31.867 [info] > git config --get commit.template [654ms]
2026-09-07 07:22:31.903 [info] > git for-each-ref --format=%(refname)%00%(upstream:short)%00%(objectname)%00%(upstream:track)%00%(upstream:remotename)%00%(upstream:remoteref) --ignore-case refs/heads/main refs/remotes/main [678ms]
2026-09-07 07:22:31.912 [warning] [Git][revParse] Unable to read file: ENOENT: no such file or directory, open 'c:\Users\gabri\OneDrive\Documentos\ProjetoDashboardFord\.git\refs\remotes\origin\main'
2026-09-07 07:22:32.182 [info] > git rev-parse refs/remotes/origin/main [270ms]
2026-09-07 07:22:32.529 [info] > git for-each-ref --sort -committerdate --format %(refname)%00%(objectname)%00%(*objectname) [324ms]
2026-09-07 07:22:32.626 [info] > git status -z -uall [431ms]
2026-09-07 07:22:33.738 [info] > git check-ignore -v -z --stdin [605ms]
2026-09-07 07:22:35.744 [info] > git check-ignore -v -z --stdin [1268ms]
2026-09-07 07:22:37.965 [info] > git for-each-ref --format=%(refname)%00%(upstream:short)%00%(objectname)%00%(upstream:track)%00%(upstream:remotename)%00%(upstream:remoteref) --ignore-case refs/heads/main refs/remotes/main [297ms]
2026-09-07 07:22:37.978 [warning] [Git][revParse] Unable to read file: ENOENT: no such file or directory, open 'c:\Users\gabri\OneDrive\Documentos\ProjetoDashboardFord\.git\refs\remotes\origin\main'
2026-09-07 07:22:38.062 [info] > git config --get commit.template [402ms]
2026-09-07 07:22:38.229 [info] > git rev-parse refs/remotes/origin/main [251ms]
2026-09-07 07:22:38.913 [info] > git for-each-ref --sort -committerdate --format %(refname)%00%(objectname)%00%(*objectname) [651ms]
2026-09-07 07:22:38.981 [info] > git status -z -uall [742ms]
2026-09-07 07:22:47.563 [info] > git config --get commit.template [934ms]
2026-09-07 07:22:47.564 [info] > git for-each-ref --format=%(refname)%00%(upstream:short)%00%(objectname)%00%(upstream:track)%00%(upstream:remotename)%00%(upstream:remoteref) --ignore-case refs/heads/main refs/remotes/main [601ms]
2026-09-07 07:22:47.576 [warning] [Git][revParse] Unable to read file: ENOENT: no such file or directory, open 'c:\Users\gabri\OneDrive\Documentos\ProjetoDashboardFord\.git\refs\remotes\origin\main'
2026-09-07 07:22:47.914 [info] > git rev-parse refs/remotes/origin/main [338ms]
2026-09-07 07:22:48.222 [info] > git for-each-ref --sort -committerdate --format %(refname)%00%(objectname)%00%(*objectname) [281ms]
2026-09-07 07:22:48.308 [info] > git status -z -uall [381ms]
2026-09-07 07:23:01.945 [info] > git check-ignore -v -z --stdin [854ms]
2026-09-07 07:23:03.023 [info] > git ls-files --stage -- src/app/pages/home/home.css [1007ms]
2026-09-07 07:23:03.035 [info] > git show --textconv :src/app/pages/home/home.css [1044ms]
2026-09-07 07:23:03.256 [info] > git cat-file -s a144600715a28dcd011be49d73c26b028502613b [224ms]
2026-09-07 07:23:22.750 [info] > git blame --root --incremental b4faea50508b498a0d2fa9707e71bf12fe40f30f -- src/app/pages/home/home.css [1481ms]
2026-09-07 07:23:38.845 [info] > git check-ignore -v -z --stdin [628ms]
2026-09-07 07:23:41.773 [info] > git ls-files --stage -- src/app/pages/dashboard/dashboard.ts [2883ms]
2026-09-07 07:23:42.012 [info] > git show --textconv :src/app/pages/dashboard/dashboard.ts [3139ms]
2026-09-07 07:23:42.210 [info] > git check-ignore -v -z --stdin [677ms]
2026-09-07 07:23:42.320 [info] > git cat-file -s ac30bc710a35be72f38981feb0f17561d74b5d97 [538ms]
2026-09-07 07:23:44.514 [info] > git show --textconv :src/app/pages/dashboard/dashboard.css [2281ms]
2026-09-07 07:23:44.915 [info] > git ls-files --stage -- src/app/pages/dashboard/dashboard.css [2663ms]
2026-09-07 07:23:46.329 [info] > git cat-file -s e69de29bb2d1d6434b8b29ae775ad8c2e48c5391 [1397ms]
2026-09-07 07:23:48.100 [info] > git blame --root --incremental b4faea50508b498a0d2fa9707e71bf12fe40f30f -- src/app/pages/dashboard/dashboard.css [1707ms]
2026-09-07 07:23:48.196 [info] > git check-ignore -v -z --stdin [1414ms]
2026-09-07 07:26:27.777 [info] > git config --get commit.template [1325ms]
2026-09-07 07:26:27.830 [info] > git for-each-ref --format=%(refname)%00%(upstream:short)%00%(objectname)%00%(upstream:track)%00%(upstream:remotename)%00%(upstream:remoteref) --ignore-case refs/heads/main refs/remotes/main [1215ms]
2026-09-07 07:26:27.840 [warning] [Git][revParse] Unable to read file: ENOENT: no such file or directory, open 'c:\Users\gabri\OneDrive\Documentos\ProjetoDashboardFord\.git\refs\remotes\origin\main'
2026-09-07 07:26:28.108 [info] > git rev-parse refs/remotes/origin/main [268ms]
2026-09-07 07:26:28.508 [info] > git for-each-ref --sort -committerdate --format %(refname)%00%(objectname)%00%(*objectname) [378ms]
2026-09-07 07:26:28.893 [info] > git status -z -uall [776ms]
2026-09-07 07:26:29.851 [info] > git log --format=%H%n%aN%n%aE%n%at%n%ct%n%P%n%D%n%B -z --shortstat --diff-merges=first-parent -n50 --skip=0 --topo-order --decorate=full --stdin [753ms]
2026-09-07 07:26:31.239 [info] > git check-ignore -v -z --stdin [703ms]
2026-09-07 07:26:31.434 [info] > git merge-base main origin/main [796ms]
2026-09-07 07:26:35.288 [info] > git config --get commit.template [531ms]
2026-09-07 07:26:35.289 [info] > git for-each-ref --format=%(refname)%00%(upstream:short)%00%(objectname)%00%(upstream:track)%00%(upstream:remotename)%00%(upstream:remoteref) --ignore-case refs/heads/main refs/remotes/main [502ms]
2026-09-07 07:26:35.314 [warning] [Git][revParse] Unable to read file: ENOENT: no such file or directory, open 'c:\Users\gabri\OneDrive\Documentos\ProjetoDashboardFord\.git\refs\remotes\origin\main'
2026-09-07 07:26:35.539 [info] > git for-each-ref --format=%(refname)%00%(upstream:short)%00%(objectname)%00%(upstream:track)%00%(upstream:remotename)%00%(upstream:remoteref) --ignore-case refs/remotes/origin/main [705ms]
2026-09-07 07:26:35.968 [info] > git rev-parse refs/remotes/origin/main [654ms]
2026-09-07 07:26:36.153 [info] > git log --oneline --cherry main...main@{upstream} -- [570ms]
2026-09-07 07:26:36.731 [info] > git for-each-ref --sort -committerdate --format %(refname)%00%(objectname)%00%(*objectname) [694ms]
2026-09-07 07:26:36.752 [info] > git status -z -uall [770ms]
2026-09-07 07:26:39.098 [info] > git ls-files --stage -- src/app/pages/dashboard/dashboard.css [490ms]
2026-09-07 07:26:39.470 [info] > git cat-file -s e69de29bb2d1d6434b8b29ae775ad8c2e48c5391 [362ms]
2026-09-07 07:26:40.090 [info] > git show --textconv :src/app/pages/dashboard/dashboard.css [594ms]
2026-09-07 07:26:43.499 [info] > git pull --tags origin main [7326ms]
2026-09-07 07:26:43.499 [info] From https://github.com/Bielsampaio25/ProjetoDashboardFord
 * branch            main       -> FETCH_HEAD
   b4faea5..dbbda1c  main       -> origin/main
error: Your local changes to the following files would be overwritten by merge:
	src/app/pages/dashboard/dashboard.html
	src/app/pages/dashboard/dashboard.ts
Please commit your changes or stash them before you merge.
Aborting
2026-09-07 07:26:43.852 [info] > git config --get commit.template [338ms]
2026-09-07 07:26:43.888 [info] > git for-each-ref --format=%(refname)%00%(upstream:short)%00%(objectname)%00%(upstream:track)%00%(upstream:remotename)%00%(upstream:remoteref) --ignore-case refs/heads/main refs/remotes/main [364ms]
2026-09-07 07:26:44.352 [info] > git for-each-ref --sort -committerdate --format %(refname)%00%(objectname)%00%(*objectname) [416ms]
2026-09-07 07:26:44.373 [info] > git status -z -uall [468ms]
2026-09-07 07:26:45.717 [info] > git for-each-ref --format=%(refname)%00%(upstream:short)%00%(objectname)%00%(upstream:track)%00%(upstream:remotename)%00%(upstream:remoteref) --ignore-case refs/heads/main refs/remotes/main [967ms]
2026-09-07 07:26:45.768 [info] > git config --get commit.template [1074ms]
2026-09-07 07:26:45.838 [info] > git merge-base refs/heads/main refs/remotes/origin/main [1338ms]
2026-09-07 07:26:45.854 [info] > git ls-files --stage -- src/app/pages/dashboard/dashboard.css [1132ms]
2026-09-07 07:26:45.862 [info] > git log --format=%H%n%aN%n%aE%n%at%n%ct%n%P%n%D%n%B -z --shortstat --diff-merges=first-parent -n50 --skip=0 --topo-order --decorate=full --stdin [1328ms]
2026-09-07 07:26:46.521 [info] > git cat-file -s e69de29bb2d1d6434b8b29ae775ad8c2e48c5391 [659ms]
2026-09-07 07:26:46.636 [info] > git status -z -uall [843ms]
2026-09-07 07:26:46.737 [info] > git for-each-ref --sort -committerdate --format %(refname)%00%(objectname)%00%(*objectname) [934ms]
2026-09-07 07:26:46.842 [info] > git diff --raw --numstat --diff-filter=ADMR -z --find-renames=50% b4faea50508b498a0d2fa9707e71bf12fe40f30f...refs/remotes/origin/main -- [989ms]
2026-09-07 07:26:47.032 [info] > git merge-base main origin/main [973ms]
2026-09-07 07:26:48.066 [info] > git show --textconv :src/app/pages/dashboard/dashboard.css [1501ms]
2026-09-07 07:26:48.089 [info] > git merge-base refs/heads/main refs/remotes/origin/main [1325ms]
2026-09-07 07:26:48.402 [info] > git diff --raw --numstat --diff-filter=ADMR -z --find-renames=50% b4faea50508b498a0d2fa9707e71bf12fe40f30f...refs/remotes/origin/main -- [302ms]
2026-09-07 07:27:17.370 [info] > git check-ignore -v -z --stdin [1780ms]
2026-09-07 07:27:18.188 [info] > git ls-files --stage -- src/app/pages/dashboard/dashboard.ts [697ms]
2026-09-07 07:27:18.221 [info] > git show --textconv :src/app/pages/dashboard/dashboard.ts [762ms]
2026-09-07 07:27:18.631 [info] > git cat-file -s ac30bc710a35be72f38981feb0f17561d74b5d97 [429ms]
2026-09-07 07:31:22.869 [info] > git ls-files --stage -- src/app/pages/dashboard/dashboard.ts [576ms]
2026-09-07 07:31:22.902 [info] > git config --get commit.template [682ms]
2026-09-07 07:31:23.156 [info] > git for-each-ref --format=%(refname)%00%(upstream:short)%00%(objectname)%00%(upstream:track)%00%(upstream:remotename)%00%(upstream:remoteref) --ignore-case refs/heads/main refs/remotes/main [849ms]
2026-09-07 07:31:23.576 [info] > git cat-file -s ac30bc710a35be72f38981feb0f17561d74b5d97 [690ms]
2026-09-07 07:31:24.458 [info] > git status -z -uall [1282ms]
2026-09-07 07:31:24.554 [info] > git for-each-ref --sort -committerdate --format %(refname)%00%(objectname)%00%(*objectname) [1356ms]
2026-09-07 07:31:24.658 [info] > git show --textconv :src/app/pages/dashboard/dashboard.ts [1037ms]
2026-09-07 07:32:51.163 [info] > git config --get commit.template [769ms]
2026-09-07 07:32:51.177 [info] > git for-each-ref --format=%(refname)%00%(upstream:short)%00%(objectname)%00%(upstream:track)%00%(upstream:remotename)%00%(upstream:remoteref) --ignore-case refs/heads/main refs/remotes/main [755ms]
2026-09-07 07:32:52.136 [info] > git for-each-ref --sort -committerdate --format %(refname)%00%(objectname)%00%(*objectname) [927ms]
2026-09-07 07:32:52.333 [info] > git status -z -uall [1145ms]
2026-09-07 07:33:02.735 [info] > git for-each-ref --format=%(refname)%00%(upstream:short)%00%(objectname)%00%(upstream:track)%00%(upstream:remotename)%00%(upstream:remoteref) --ignore-case refs/heads/main refs/remotes/main [975ms]
2026-09-07 07:33:02.760 [info] > git config --get commit.template [1032ms]
2026-09-07 07:33:03.548 [info] > git status -z -uall [771ms]
2026-09-07 07:33:03.605 [info] > git check-ignore -v -z --stdin [887ms]
2026-09-07 07:33:03.845 [info] > git for-each-ref --sort -committerdate --format %(refname)%00%(objectname)%00%(*objectname) [1051ms]
2026-09-07 07:33:04.159 [info] > git ls-files --stage -- src/app/pages/dashboard/dashboard.ts [1166ms]
2026-09-07 07:33:04.759 [info] > git for-each-ref --format=%(refname)%00%(upstream:short)%00%(objectname)%00%(upstream:track)%00%(upstream:remotename)%00%(upstream:remoteref) --ignore-case refs/heads/main refs/remotes/main [762ms]
2026-09-07 07:33:04.779 [info] > git config --get commit.template [810ms]
2026-09-07 07:33:04.896 [info] > git cat-file -s ac30bc710a35be72f38981feb0f17561d74b5d97 [726ms]
2026-09-07 07:33:05.069 [info] > git check-ignore -v -z --stdin [718ms]
2026-09-07 07:33:05.277 [info] > git for-each-ref --sort -committerdate --format %(refname)%00%(objectname)%00%(*objectname) [446ms]
2026-09-07 07:33:05.299 [info] > git status -z -uall [508ms]
2026-09-07 07:33:05.943 [info] > git show --textconv :src/app/pages/dashboard/dashboard.ts [994ms]
2026-09-07 07:33:14.628 [info] > git for-each-ref --format=%(refname)%00%(upstream:short)%00%(objectname)%00%(upstream:track)%00%(upstream:remotename)%00%(upstream:remoteref) --ignore-case refs/remotes/origin/main [730ms]
2026-09-07 07:33:15.379 [info] > git log --oneline --cherry main...main@{upstream} -- [713ms]
2026-09-07 07:33:18.483 [info] > git ls-files --stage -- src/app/pages/dashboard/dashboard.ts [942ms]
2026-09-07 07:33:19.637 [info] > git cat-file -s ac30bc710a35be72f38981feb0f17561d74b5d97 [1141ms]
2026-09-07 07:33:19.916 [info] > git show --textconv :src/app/pages/dashboard/dashboard.ts [253ms]
2026-09-07 07:33:20.377 [info] > git ls-files --stage -- src/app/pages/dashboard/dashboard.ts [378ms]
2026-09-07 07:33:22.855 [info] > git cat-file -s ac30bc710a35be72f38981feb0f17561d74b5d97 [1908ms]
2026-09-07 07:33:23.178 [info] > git show --textconv :src/app/pages/dashboard/dashboard.ts [285ms]
2026-09-07 07:33:24.679 [info] > git check-ignore -v -z --stdin [328ms]
2026-09-07 07:33:24.780 [info] > git pull --tags origin main [9383ms]
2026-09-07 07:33:24.780 [info] From https://github.com/Bielsampaio25/ProjetoDashboardFord
 * branch            main       -> FETCH_HEAD
2026-09-07 07:33:25.325 [info] > git config --get commit.template [508ms]
2026-09-07 07:33:25.353 [info] > git for-each-ref --format=%(refname)%00%(upstream:short)%00%(objectname)%00%(upstream:track)%00%(upstream:remotename)%00%(upstream:remoteref) --ignore-case refs/heads/main refs/remotes/main [522ms]
2026-09-07 07:33:26.253 [info] > git for-each-ref --sort -committerdate --format %(refname)%00%(objectname)%00%(*objectname) [725ms]
2026-09-07 07:33:26.315 [info] > git status -z -uall [938ms]
2026-09-07 07:33:27.673 [info] > git ls-files --stage -- src/app/pages/dashboard/dashboard.ts [1493ms]
2026-09-07 07:33:27.883 [info] > git merge-base refs/heads/main refs/remotes/origin/main [1216ms]
2026-09-07 07:33:28.161 [info] > git blame --root --incremental dbbda1c4c23e9846e2fabe3705b9b8ba825339b6 -- src/app/pages/dashboard/dashboard.ts [1574ms]
2026-09-07 07:33:28.728 [info] > git for-each-ref --format=%(refname)%00%(upstream:short)%00%(objectname)%00%(upstream:track)%00%(upstream:remotename)%00%(upstream:remoteref) --ignore-case refs/heads/main refs/remotes/main [953ms]
2026-09-07 07:33:28.736 [info] > git config --get commit.template [1068ms]
2026-09-07 07:33:28.856 [info] > git diff --raw --numstat --diff-filter=ADMR -z --find-renames=50% dbbda1c4c23e9846e2fabe3705b9b8ba825339b6...refs/remotes/origin/main -- [926ms]
2026-09-07 07:33:29.008 [info] > git cat-file -s f7114c28fcf30f1ba3bdb0e010a3102d99af7d34 [1248ms]
2026-09-07 07:33:29.147 [info] > git for-each-ref --sort -committerdate --format %(refname)%00%(objectname)%00%(*objectname) [369ms]
2026-09-07 07:33:29.311 [info] > git status -z -uall [563ms]
2026-09-07 07:33:29.425 [info] > git log --format=%H%n%aN%n%aE%n%at%n%ct%n%P%n%D%n%B -z --shortstat --diff-merges=first-parent -n50 --skip=0 --topo-order --decorate=full --stdin [1766ms]
2026-09-07 07:33:29.700 [info] > git show --textconv :src/app/pages/dashboard/dashboard.ts [675ms]
2026-09-07 07:33:30.078 [info] > git merge-base main origin/main [361ms]
2026-09-07 07:33:30.432 [info] > git check-ignore -v -z --stdin [441ms]
2026-09-07 07:33:56.000 [info] > git config --get commit.template [2117ms]
2026-09-07 07:33:56.098 [info] > git check-ignore -v -z --stdin [1773ms]
2026-09-07 07:33:56.138 [info] > git ls-files --stage -- src/app/pages/dashboard/dashboard.ts [2432ms]
2026-09-07 07:33:56.364 [info] > git for-each-ref --format=%(refname)%00%(upstream:short)%00%(objectname)%00%(upstream:track)%00%(upstream:remotename)%00%(upstream:remoteref) --ignore-case refs/heads/main refs/remotes/main [1750ms]
2026-09-07 07:33:57.643 [info] > git cat-file -s ac30bc710a35be72f38981feb0f17561d74b5d97 [1495ms]
2026-09-07 07:33:57.689 [info] > git for-each-ref --sort -committerdate --format %(refname)%00%(objectname)%00%(*objectname) [852ms]
2026-09-07 07:33:58.040 [info] > git status -z -uall [1660ms]
2026-09-07 07:33:58.483 [info] > git show --textconv :src/app/pages/dashboard/dashboard.ts [804ms]
2026-09-07 07:33:58.831 [info] > git hash-object -t tree /dev/null [318ms]
2026-09-07 07:33:58.833 [warning] [GitFileSystemProvider][readFile] File not found - git:/c%3A/Users/gabri/OneDrive/Documentos/ProjetoDashboardFord/src/app/pages/dashboard/dashboard.ts.git?%7B%22path%22%3A%22c%3A%5C%5CUsers%5C%5Cgabri%5C%5COneDrive%5C%5CDocumentos%5C%5CProjetoDashboardFord%5C%5Csrc%5C%5Capp%5C%5Cpages%5C%5Cdashboard%5C%5Cdashboard.ts%22%2C%22ref%22%3A%22%22%7D
2026-09-07 07:33:59.174 [info] > git ls-files --stage -- src/app/pages/dashboard/dashboard.ts [290ms]
2026-09-07 07:33:59.679 [info] > git cat-file -s ac30bc710a35be72f38981feb0f17561d74b5d97 [496ms]
2026-09-07 07:34:00.510 [info] > git show --textconv :src/app/pages/dashboard/dashboard.ts [813ms]
2026-09-07 07:34:00.512 [warning] [GitFileSystemProvider][readFile] File not found - git:/c%3A/Users/gabri/OneDrive/Documentos/ProjetoDashboardFord/src/app/pages/dashboard/dashboard.ts.git?%7B%22path%22%3A%22c%3A%5C%5CUsers%5C%5Cgabri%5C%5COneDrive%5C%5CDocumentos%5C%5CProjetoDashboardFord%5C%5Csrc%5C%5Capp%5C%5Cpages%5C%5Cdashboard%5C%5Cdashboard.ts%22%2C%22ref%22%3A%22%22%7D
2026-09-07 07:34:02.982 [info] > git check-ignore -v -z --stdin [736ms]
2026-09-07 07:34:23.298 [info] > git log --format=%H%n%aN%n%aE%n%at%n%ct%n%P%n%D%n%B -z --shortstat --diff-merges=first-parent -n50 --skip=0 --topo-order --decorate=full --stdin [3346ms]
2026-09-07 07:34:24.797 [info] > git merge-base main origin/main [898ms]
2026-09-07 07:35:29.840 [info] > git config --get commit.template [3581ms]
2026-09-07 07:35:31.144 [info] > git for-each-ref --format=%(refname)%00%(upstream:short)%00%(objectname)%00%(upstream:track)%00%(upstream:remotename)%00%(upstream:remoteref) --ignore-case refs/heads/main refs/remotes/main [1305ms]
2026-09-07 07:35:31.675 [info] > git for-each-ref --sort -committerdate --format %(refname)%00%(objectname)%00%(*objectname) [490ms]
2026-09-07 07:35:31.749 [info] > git status -z -uall [579ms]
2026-09-07 07:35:37.726 [info] > git for-each-ref --format=%(refname)%00%(upstream:short)%00%(objectname)%00%(upstream:track)%00%(upstream:remotename)%00%(upstream:remoteref) --ignore-case refs/heads/main refs/remotes/main [418ms]
2026-09-07 07:35:37.733 [info] > git config --get commit.template [439ms]
2026-09-07 07:35:38.057 [info] > git status -z -uall [313ms]
2026-09-07 07:35:38.133 [info] > git for-each-ref --sort -committerdate --format %(refname)%00%(objectname)%00%(*objectname) [347ms]
2026-09-07 07:35:50.062 [info] > git config --get commit.template [262ms]
2026-09-07 07:35:50.082 [info] > git for-each-ref --format=%(refname)%00%(upstream:short)%00%(objectname)%00%(upstream:track)%00%(upstream:remotename)%00%(upstream:remoteref) --ignore-case refs/heads/main refs/remotes/main [274ms]
2026-09-07 07:35:50.424 [info] > git for-each-ref --sort -committerdate --format %(refname)%00%(objectname)%00%(*objectname) [321ms]
2026-09-07 07:35:50.453 [info] > git status -z -uall [361ms]
2026-09-07 07:36:16.187 [info] > git config --get commit.template [2135ms]
2026-09-07 07:36:16.196 [info] > git for-each-ref --format=%(refname)%00%(upstream:short)%00%(objectname)%00%(upstream:track)%00%(upstream:remotename)%00%(upstream:remoteref) --ignore-case refs/heads/main refs/remotes/main [2127ms]
2026-09-07 07:36:16.596 [info] > git status -z -uall [390ms]
2026-09-07 07:36:16.625 [info] > git for-each-ref --sort -committerdate --format %(refname)%00%(objectname)%00%(*objectname) [406ms]
2026-09-07 07:36:27.289 [info] > git check-ignore -v -z --stdin [614ms]
2026-09-07 07:36:39.411 [info] > git for-each-ref --format=%(refname)%00%(upstream:short)%00%(objectname)%00%(upstream:track)%00%(upstream:remotename)%00%(upstream:remoteref) --ignore-case refs/heads/main refs/remotes/main [1088ms]
2026-09-07 07:36:39.531 [info] > git config --get commit.template [1218ms]
2026-09-07 07:36:40.129 [info] > git for-each-ref --sort -committerdate --format %(refname)%00%(objectname)%00%(*objectname) [565ms]
2026-09-07 07:36:40.202 [info] > git status -z -uall [652ms]
2026-09-07 07:36:49.092 [info] > git config --get commit.template [535ms]
2026-09-07 07:36:49.202 [info] > git for-each-ref --format=%(refname)%00%(upstream:short)%00%(objectname)%00%(upstream:track)%00%(upstream:remotename)%00%(upstream:remoteref) --ignore-case refs/heads/main refs/remotes/main [615ms]
2026-09-07 07:36:49.510 [info] > git for-each-ref --sort -committerdate --format %(refname)%00%(objectname)%00%(*objectname) [269ms]
2026-09-07 07:36:49.521 [info] > git status -z -uall [308ms]
2026-09-07 07:36:55.512 [info] > git config --get commit.template [368ms]
2026-09-07 07:36:55.516 [info] > git for-each-ref --format=%(refname)%00%(upstream:short)%00%(objectname)%00%(upstream:track)%00%(upstream:remotename)%00%(upstream:remoteref) --ignore-case refs/heads/main refs/remotes/main [362ms]
2026-09-07 07:36:56.285 [info] > git status -z -uall [749ms]
2026-09-07 07:36:56.333 [info] > git for-each-ref --sort -committerdate --format %(refname)%00%(objectname)%00%(*objectname) [780ms]
2026-09-07 07:37:07.526 [info] > git check-ignore -v -z --stdin [1382ms]
2026-09-07 07:37:08.954 [info] > git show --textconv HEAD:src/app/pages/dashboard/dashboard.css [1372ms]
2026-09-07 07:37:09.115 [info] > git ls-files --stage -- src/app/pages/dashboard/dashboard.css [1469ms]
2026-09-07 07:37:09.218 [info] > git ls-tree -l HEAD -- src/app/pages/dashboard/dashboard.css [1550ms]
2026-09-07 07:37:09.654 [info] > git show --textconv :src/app/pages/dashboard/dashboard.css [2100ms]
2026-09-07 07:37:09.785 [info] > git cat-file -s a144600715a28dcd011be49d73c26b028502613b [660ms]
2026-09-07 07:37:10.457 [info] > git blame --root --incremental dbbda1c4c23e9846e2fabe3705b9b8ba825339b6 -- src/app/pages/dashboard/dashboard.css [537ms]
2026-09-07 07:37:18.915 [info] > git for-each-ref --format=%(refname)%00%(upstream:short)%00%(objectname)%00%(upstream:track)%00%(upstream:remotename)%00%(upstream:remoteref) --ignore-case refs/heads/main refs/remotes/main [283ms]
2026-09-07 07:37:18.967 [info] > git config --get commit.template [345ms]
2026-09-07 07:37:19.276 [info] > git for-each-ref --sort -committerdate --format %(refname)%00%(objectname)%00%(*objectname) [290ms]
2026-09-07 07:37:19.289 [info] > git status -z -uall [313ms]
2026-09-07 07:37:25.133 [info] > git config --get commit.template [413ms]
2026-09-07 07:37:25.139 [info] > git for-each-ref --format=%(refname)%00%(upstream:short)%00%(objectname)%00%(upstream:track)%00%(upstream:remotename)%00%(upstream:remoteref) --ignore-case refs/heads/main refs/remotes/main [386ms]
2026-09-07 07:37:25.553 [info] > git status -z -uall [400ms]
2026-09-07 07:37:25.585 [info] > git for-each-ref --sort -committerdate --format %(refname)%00%(objectname)%00%(*objectname) [419ms]
2026-09-07 07:37:38.427 [info] > git config --get commit.template [995ms]
2026-09-07 07:37:38.665 [info] > git for-each-ref --format=%(refname)%00%(upstream:short)%00%(objectname)%00%(upstream:track)%00%(upstream:remotename)%00%(upstream:remoteref) --ignore-case refs/heads/main refs/remotes/main [1223ms]
2026-09-07 07:37:39.274 [info] > git for-each-ref --sort -committerdate --format %(refname)%00%(objectname)%00%(*objectname) [521ms]
2026-09-07 07:37:39.348 [info] > git status -z -uall [651ms]
2026-09-07 07:37:45.580 [info] > git for-each-ref --format=%(refname)%00%(upstream:short)%00%(objectname)%00%(upstream:track)%00%(upstream:remotename)%00%(upstream:remoteref) --ignore-case refs/heads/main refs/remotes/main [1015ms]
2026-09-07 07:37:45.595 [info] > git config --get commit.template [1057ms]
2026-09-07 07:37:46.549 [info] > git status -z -uall [946ms]
2026-09-07 07:37:46.598 [info] > git for-each-ref --sort -committerdate --format %(refname)%00%(objectname)%00%(*objectname) [979ms]
2026-09-07 07:38:03.424 [info] > git check-ignore -v -z --stdin [859ms]
2026-09-07 07:38:04.243 [info] > git ls-files --stage -- src/app/pages/home/home.html [785ms]
2026-09-07 07:38:04.296 [info] > git show --textconv :src/app/pages/home/home.html [853ms]
2026-09-07 07:38:04.869 [info] > git cat-file -s 3c9ce537488dea4ca6ba3a59a4d96e7a00089aa1 [611ms]
2026-09-07 07:38:05.350 [info] > git blame --root --incremental dbbda1c4c23e9846e2fabe3705b9b8ba825339b6 -- src/app/pages/home/home.html [422ms]
2026-09-07 07:38:21.216 [info] > git check-ignore -v -z --stdin [1002ms]
2026-09-07 07:38:21.610 [info] > git show --textconv :src/app/pages/home/home.ts [358ms]
2026-09-07 07:38:21.622 [info] > git ls-files --stage -- src/app/pages/home/home.ts [351ms]
2026-09-07 07:38:22.142 [info] > git cat-file -s 6c2c50a73e8f78babfaf3d84a1828f9d2e31836c [505ms]
2026-09-07 07:38:22.711 [info] > git blame --root --incremental dbbda1c4c23e9846e2fabe3705b9b8ba825339b6 -- src/app/pages/home/home.ts [428ms]
2026-09-07 07:38:29.618 [info] > git check-ignore -v -z --stdin [509ms]
2026-09-07 07:38:30.784 [info] > git check-ignore -v -z --stdin [837ms]
2026-09-07 07:38:31.499 [info] > git check-ignore -v -z --stdin [515ms]
2026-09-07 07:38:32.947 [info] > git for-each-ref --format=%(refname)%00%(upstream:short)%00%(objectname)%00%(upstream:track)%00%(upstream:remotename)%00%(upstream:remoteref) --ignore-case refs/heads/main refs/remotes/main [252ms]
2026-09-07 07:38:33.053 [info] > git config --get commit.template [373ms]
2026-09-07 07:38:33.387 [info] > git for-each-ref --sort -committerdate --format %(refname)%00%(objectname)%00%(*objectname) [314ms]
2026-09-07 07:38:33.453 [info] > git status -z -uall [391ms]
2026-09-07 07:38:34.111 [info] > git check-ignore -v -z --stdin [308ms]
2026-09-07 07:38:36.885 [info] > git check-ignore -v -z --stdin [877ms]
2026-09-07 07:38:37.242 [info] > git ls-files --stage -- src/app/pages/home/home.html [312ms]
2026-09-07 07:38:37.263 [info] > git show --textconv :src/app/pages/home/home.html [353ms]
2026-09-07 07:38:37.487 [info] > git cat-file -s 3c9ce537488dea4ca6ba3a59a4d96e7a00089aa1 [234ms]
2026-09-07 07:38:39.966 [info] > git check-ignore -v -z --stdin [508ms]
2026-09-07 07:38:40.474 [info] > git ls-files --stage -- src/app/pages/home/home.ts [425ms]
2026-09-07 07:38:40.499 [info] > git show --textconv :src/app/pages/home/home.ts [502ms]
2026-09-07 07:38:40.808 [info] > git cat-file -s 6c2c50a73e8f78babfaf3d84a1828f9d2e31836c [325ms]
2026-09-07 07:38:43.878 [info] > git check-ignore -v -z --stdin [394ms]
2026-09-07 07:38:44.442 [info] > git check-ignore -v -z --stdin [490ms]
2026-09-07 07:38:46.498 [info] > git for-each-ref --format=%(refname)%00%(upstream:short)%00%(objectname)%00%(upstream:track)%00%(upstream:remotename)%00%(upstream:remoteref) --ignore-case refs/heads/main refs/remotes/main [611ms]
2026-09-07 07:38:46.508 [info] > git config --get commit.template [706ms]
2026-09-07 07:38:47.272 [info] > git status -z -uall [755ms]
2026-09-07 07:38:47.284 [info] > git for-each-ref --sort -committerdate --format %(refname)%00%(objectname)%00%(*objectname) [756ms]
2026-09-07 07:38:48.481 [info] > git check-ignore -v -z --stdin [493ms]
2026-09-07 07:38:49.396 [info] > git check-ignore -v -z --stdin [278ms]
2026-09-07 07:38:53.938 [info] > git for-each-ref --format=%(refname)%00%(upstream:short)%00%(objectname)%00%(upstream:track)%00%(upstream:remotename)%00%(upstream:remoteref) --ignore-case refs/heads/main refs/remotes/main [687ms]
2026-09-07 07:38:53.944 [info] > git config --get commit.template [746ms]
2026-09-07 07:38:54.054 [info] > git check-ignore -v -z --stdin [827ms]
2026-09-07 07:38:55.059 [info] > git for-each-ref --sort -committerdate --format %(refname)%00%(objectname)%00%(*objectname) [1097ms]
2026-09-07 07:38:55.093 [info] > git status -z -uall [1141ms]
2026-09-07 07:38:55.161 [info] > git show --textconv :src/app/pages/home/home.html [1032ms]
2026-09-07 07:38:55.167 [info] > git ls-files --stage -- src/app/pages/home/home.html [1015ms]
2026-09-07 07:38:56.082 [info] > git cat-file -s 3c9ce537488dea4ca6ba3a59a4d96e7a00089aa1 [905ms]
2026-09-07 07:38:56.883 [info] > git check-ignore -v -z --stdin [524ms]
2026-09-07 07:38:59.222 [info] > git check-ignore -v -z --stdin [394ms]
2026-09-07 07:38:59.675 [info] > git ls-files --stage -- src/app/pages/home/home.ts [387ms]
2026-09-07 07:38:59.693 [info] > git show --textconv :src/app/pages/home/home.ts [433ms]
2026-09-07 07:38:59.948 [info] > git cat-file -s 6c2c50a73e8f78babfaf3d84a1828f9d2e31836c [264ms]
2026-09-07 07:39:28.858 [info] > git config --get commit.template [394ms]
2026-09-07 07:39:28.868 [info] > git for-each-ref --format=%(refname)%00%(upstream:short)%00%(objectname)%00%(upstream:track)%00%(upstream:remotename)%00%(upstream:remoteref) --ignore-case refs/heads/main refs/remotes/main [352ms]
2026-09-07 07:39:29.361 [info] > git for-each-ref --sort -committerdate --format %(refname)%00%(objectname)%00%(*objectname) [467ms]
2026-09-07 07:39:29.385 [info] > git status -z -uall [503ms]
2026-09-07 07:39:34.714 [info] > git config --get commit.template [289ms]
2026-09-07 07:39:34.796 [info] > git for-each-ref --format=%(refname)%00%(upstream:short)%00%(objectname)%00%(upstream:track)%00%(upstream:remotename)%00%(upstream:remoteref) --ignore-case refs/heads/main refs/remotes/main [362ms]
2026-09-07 07:39:35.168 [info] > git status -z -uall [360ms]
2026-09-07 07:39:35.190 [info] > git for-each-ref --sort -committerdate --format %(refname)%00%(objectname)%00%(*objectname) [357ms]
2026-09-07 07:40:14.345 [info] > git config --get commit.template [732ms]
2026-09-07 07:40:14.391 [info] > git for-each-ref --format=%(refname)%00%(upstream:short)%00%(objectname)%00%(upstream:track)%00%(upstream:remotename)%00%(upstream:remoteref) --ignore-case refs/heads/main refs/remotes/main [766ms]
2026-09-07 07:40:15.000 [info] > git for-each-ref --sort -committerdate --format %(refname)%00%(objectname)%00%(*objectname) [578ms]
2026-09-07 07:40:15.150 [info] > git status -z -uall [743ms]
2026-09-07 07:40:20.489 [info] > git config --get commit.template [298ms]
2026-09-07 07:40:20.564 [info] > git for-each-ref --format=%(refname)%00%(upstream:short)%00%(objectname)%00%(upstream:track)%00%(upstream:remotename)%00%(upstream:remoteref) --ignore-case refs/heads/main refs/remotes/main [364ms]
2026-09-07 07:40:21.127 [info] > git for-each-ref --sort -committerdate --format %(refname)%00%(objectname)%00%(*objectname) [521ms]
2026-09-07 07:40:21.157 [info] > git status -z -uall [580ms]
2026-09-07 07:40:26.466 [info] > git for-each-ref --format=%(refname)%00%(upstream:short)%00%(objectname)%00%(upstream:track)%00%(upstream:remotename)%00%(upstream:remoteref) --ignore-case refs/heads/main refs/remotes/main [242ms]
2026-09-07 07:40:26.486 [info] > git config --get commit.template [272ms]
2026-09-07 07:40:27.046 [info] > git for-each-ref --sort -committerdate --format %(refname)%00%(objectname)%00%(*objectname) [539ms]
2026-09-07 07:40:27.056 [info] > git status -z -uall [561ms]
2026-09-07 07:42:01.010 [info] > git config --get commit.template [767ms]
2026-09-07 07:42:01.038 [info] > git for-each-ref --format=%(refname)%00%(upstream:short)%00%(objectname)%00%(upstream:track)%00%(upstream:remotename)%00%(upstream:remoteref) --ignore-case refs/heads/main refs/remotes/main [782ms]
2026-09-07 07:42:01.626 [info] > git for-each-ref --sort -committerdate --format %(refname)%00%(objectname)%00%(*objectname) [559ms]
2026-09-07 07:42:01.738 [info] > git status -z -uall [685ms]
2026-09-07 07:42:09.980 [info] > git config --get commit.template [873ms]
2026-09-07 07:42:10.028 [info] > git for-each-ref --format=%(refname)%00%(upstream:short)%00%(objectname)%00%(upstream:track)%00%(upstream:remotename)%00%(upstream:remoteref) --ignore-case refs/heads/main refs/remotes/main [591ms]
2026-09-07 07:42:10.340 [info] > git status -z -uall [300ms]
2026-09-07 07:42:10.344 [info] > git for-each-ref --sort -committerdate --format %(refname)%00%(objectname)%00%(*objectname) [295ms]
2026-09-07 07:42:15.860 [info] > git config --get commit.template [492ms]
2026-09-07 07:42:15.888 [info] > git for-each-ref --format=%(refname)%00%(upstream:short)%00%(objectname)%00%(upstream:track)%00%(upstream:remotename)%00%(upstream:remoteref) --ignore-case refs/heads/main refs/remotes/main [503ms]
2026-09-07 07:42:16.968 [info] > git status -z -uall [1070ms]
2026-09-07 07:42:16.980 [info] > git for-each-ref --sort -committerdate --format %(refname)%00%(objectname)%00%(*objectname) [1057ms]
2026-09-07 07:42:22.476 [info] > git config --get commit.template [351ms]
2026-09-07 07:42:22.643 [info] > git for-each-ref --format=%(refname)%00%(upstream:short)%00%(objectname)%00%(upstream:track)%00%(upstream:remotename)%00%(upstream:remoteref) --ignore-case refs/heads/main refs/remotes/main [499ms]
2026-09-07 07:42:23.616 [info] > git for-each-ref --sort -committerdate --format %(refname)%00%(objectname)%00%(*objectname) [953ms]
2026-09-07 07:42:23.757 [info] > git status -z -uall [1103ms]
2026-09-07 07:42:29.195 [info] > git config --get commit.template [353ms]
2026-09-07 07:42:29.218 [info] > git for-each-ref --format=%(refname)%00%(upstream:short)%00%(objectname)%00%(upstream:track)%00%(upstream:remotename)%00%(upstream:remoteref) --ignore-case refs/heads/main refs/remotes/main [364ms]
2026-09-07 07:42:29.573 [info] > git for-each-ref --sort -committerdate --format %(refname)%00%(objectname)%00%(*objectname) [332ms]
2026-09-07 07:42:29.624 [info] > git status -z -uall [396ms]
2026-09-07 07:42:56.564 [info] > git for-each-ref --format=%(refname)%00%(upstream:short)%00%(objectname)%00%(upstream:track)%00%(upstream:remotename)%00%(upstream:remoteref) --ignore-case refs/heads/main refs/remotes/main [1778ms]
2026-09-07 07:42:56.580 [info] > git config --get commit.template [1901ms]
2026-09-07 07:42:57.823 [info] > git status -z -uall [1235ms]
2026-09-07 07:42:57.920 [info] > git for-each-ref --sort -committerdate --format %(refname)%00%(objectname)%00%(*objectname) [1269ms]
2026-09-07 07:43:03.229 [info] > git config --get commit.template [286ms]
2026-09-07 07:43:03.250 [info] > git for-each-ref --format=%(refname)%00%(upstream:short)%00%(objectname)%00%(upstream:track)%00%(upstream:remotename)%00%(upstream:remoteref) --ignore-case refs/heads/main refs/remotes/main [294ms]
2026-09-07 07:43:03.526 [info] > git for-each-ref --sort -committerdate --format %(refname)%00%(objectname)%00%(*objectname) [240ms]
2026-09-07 07:43:03.542 [info] > git status -z -uall [280ms]
2026-09-07 07:43:09.311 [info] > git config --get commit.template [689ms]
2026-09-07 07:43:09.330 [info] > git for-each-ref --format=%(refname)%00%(upstream:short)%00%(objectname)%00%(upstream:track)%00%(upstream:remotename)%00%(upstream:remoteref) --ignore-case refs/heads/main refs/remotes/main [695ms]
2026-09-07 07:43:09.687 [info] > git for-each-ref --sort -committerdate --format %(refname)%00%(objectname)%00%(*objectname) [335ms]
2026-09-07 07:43:09.692 [info] > git status -z -uall [352ms]
2026-09-07 07:43:15.136 [info] > git for-each-ref --format=%(refname)%00%(upstream:short)%00%(objectname)%00%(upstream:track)%00%(upstream:remotename)%00%(upstream:remoteref) --ignore-case refs/heads/main refs/remotes/main [322ms]
2026-09-07 07:43:15.200 [info] > git config --get commit.template [393ms]
2026-09-07 07:43:15.510 [info] > git status -z -uall [302ms]
2026-09-07 07:43:15.607 [info] > git for-each-ref --sort -committerdate --format %(refname)%00%(objectname)%00%(*objectname) [382ms]
2026-09-07 07:43:20.841 [info] > git config --get commit.template [174ms]
2026-09-07 07:43:20.916 [info] > git for-each-ref --format=%(refname)%00%(upstream:short)%00%(objectname)%00%(upstream:track)%00%(upstream:remotename)%00%(upstream:remoteref) --ignore-case refs/heads/main refs/remotes/main [222ms]
2026-09-07 07:43:21.193 [info] > git status -z -uall [268ms]
2026-09-07 07:43:21.203 [info] > git for-each-ref --sort -committerdate --format %(refname)%00%(objectname)%00%(*objectname) [270ms]
2026-09-07 07:43:26.529 [info] > git config --get commit.template [283ms]
2026-09-07 07:43:26.596 [info] > git for-each-ref --format=%(refname)%00%(upstream:short)%00%(objectname)%00%(upstream:track)%00%(upstream:remotename)%00%(upstream:remoteref) --ignore-case refs/heads/main refs/remotes/main [342ms]
2026-09-07 07:43:26.935 [info] > git status -z -uall [331ms]
2026-09-07 07:43:26.945 [info] > git for-each-ref --sort -committerdate --format %(refname)%00%(objectname)%00%(*objectname) [225ms]
2026-09-07 07:43:32.422 [info] > git config --get commit.template [394ms]
2026-09-07 07:43:32.426 [info] > git for-each-ref --format=%(refname)%00%(upstream:short)%00%(objectname)%00%(upstream:track)%00%(upstream:remotename)%00%(upstream:remoteref) --ignore-case refs/heads/main refs/remotes/main [381ms]
2026-09-07 07:43:32.717 [info] > git status -z -uall [281ms]
2026-09-07 07:43:32.728 [info] > git for-each-ref --sort -committerdate --format %(refname)%00%(objectname)%00%(*objectname) [282ms]
2026-09-07 07:43:40.508 [info] > git for-each-ref --format=%(refname)%00%(upstream:short)%00%(objectname)%00%(upstream:track)%00%(upstream:remotename)%00%(upstream:remoteref) --ignore-case refs/heads/main refs/remotes/main [429ms]
2026-09-07 07:43:40.831 [info] > git config --get commit.template [772ms]
2026-09-07 07:43:41.295 [info] > git status -z -uall [333ms]
2026-09-07 07:43:42.192 [info] > git for-each-ref --sort -committerdate --format %(refname)%00%(objectname)%00%(*objectname) [1204ms]
2026-09-07 07:43:47.469 [info] > git config --get commit.template [211ms]
2026-09-07 07:43:47.495 [info] > git for-each-ref --format=%(refname)%00%(upstream:short)%00%(objectname)%00%(upstream:track)%00%(upstream:remotename)%00%(upstream:remoteref) --ignore-case refs/heads/main refs/remotes/main [229ms]
2026-09-07 07:43:47.804 [info] > git for-each-ref --sort -committerdate --format %(refname)%00%(objectname)%00%(*objectname) [292ms]
2026-09-07 07:43:48.093 [info] > git status -z -uall [590ms]
2026-09-07 07:43:53.722 [info] > git for-each-ref --format=%(refname)%00%(upstream:short)%00%(objectname)%00%(upstream:track)%00%(upstream:remotename)%00%(upstream:remoteref) --ignore-case refs/heads/main refs/remotes/main [329ms]
2026-09-07 07:43:53.733 [info] > git config --get commit.template [349ms]
2026-09-07 07:43:54.087 [info] > git status -z -uall [345ms]
2026-09-07 07:43:54.097 [info] > git for-each-ref --sort -committerdate --format %(refname)%00%(objectname)%00%(*objectname) [342ms]
2026-09-07 07:43:59.441 [info] > git config --get commit.template [305ms]
2026-09-07 07:43:59.498 [info] > git for-each-ref --format=%(refname)%00%(upstream:short)%00%(objectname)%00%(upstream:track)%00%(upstream:remotename)%00%(upstream:remoteref) --ignore-case refs/heads/main refs/remotes/main [353ms]
2026-09-07 07:43:59.743 [info] > git for-each-ref --sort -committerdate --format %(refname)%00%(objectname)%00%(*objectname) [227ms]
2026-09-07 07:43:59.749 [info] > git status -z -uall [243ms]
2026-09-07 07:44:38.574 [info] > git config --get commit.template [3593ms]
2026-09-07 07:44:38.574 [info] > git for-each-ref --format=%(refname)%00%(upstream:short)%00%(objectname)%00%(upstream:track)%00%(upstream:remotename)%00%(upstream:remoteref) --ignore-case refs/heads/main refs/remotes/main [3512ms]
2026-09-07 07:44:39.275 [info] > git for-each-ref --sort -committerdate --format %(refname)%00%(objectname)%00%(*objectname) [677ms]
2026-09-07 07:44:40.487 [info] > git status -z -uall [1902ms]
2026-09-07 07:44:46.193 [info] > git for-each-ref --format=%(refname)%00%(upstream:short)%00%(objectname)%00%(upstream:track)%00%(upstream:remotename)%00%(upstream:remoteref) --ignore-case refs/heads/main refs/remotes/main [383ms]
2026-09-07 07:44:46.235 [info] > git config --get commit.template [607ms]
2026-09-07 07:44:46.596 [info] > git status -z -uall [335ms]
2026-09-07 07:44:46.621 [info] > git for-each-ref --sort -committerdate --format %(refname)%00%(objectname)%00%(*objectname) [336ms]
2026-09-07 07:44:52.046 [info] > git config --get commit.template [390ms]
2026-09-07 07:44:52.051 [info] > git for-each-ref --format=%(refname)%00%(upstream:short)%00%(objectname)%00%(upstream:track)%00%(upstream:remotename)%00%(upstream:remoteref) --ignore-case refs/heads/main refs/remotes/main [385ms]
2026-09-07 07:44:52.376 [info] > git status -z -uall [315ms]
2026-09-07 07:44:52.410 [info] > git for-each-ref --sort -committerdate --format %(refname)%00%(objectname)%00%(*objectname) [339ms]
2026-09-07 07:45:26.772 [info] > git config --get commit.template [705ms]
2026-09-07 07:45:26.789 [info] > git for-each-ref --format=%(refname)%00%(upstream:short)%00%(objectname)%00%(upstream:track)%00%(upstream:remotename)%00%(upstream:remoteref) --ignore-case refs/heads/main refs/remotes/main [701ms]
2026-09-07 07:45:27.463 [info] > git for-each-ref --sort -committerdate --format %(refname)%00%(objectname)%00%(*objectname) [651ms]
2026-09-07 07:45:29.165 [info] > git status -z -uall [2364ms]
2026-09-07 07:45:36.848 [info] > git for-each-ref --format=%(refname)%00%(upstream:short)%00%(objectname)%00%(upstream:track)%00%(upstream:remotename)%00%(upstream:remoteref) --ignore-case refs/heads/main refs/remotes/main [336ms]
2026-09-07 07:45:36.855 [info] > git config --get commit.template [352ms]
2026-09-07 07:45:37.118 [info] > git status -z -uall [255ms]
2026-09-07 07:45:37.123 [info] > git for-each-ref --sort -committerdate --format %(refname)%00%(objectname)%00%(*objectname) [249ms]
2026-09-07 07:45:42.335 [info] > git for-each-ref --format=%(refname)%00%(upstream:short)%00%(objectname)%00%(upstream:track)%00%(upstream:remotename)%00%(upstream:remoteref) --ignore-case refs/heads/main refs/remotes/main [155ms]
2026-09-07 07:45:42.339 [info] > git config --get commit.template [166ms]
2026-09-07 07:45:43.109 [info] > git status -z -uall [719ms]
2026-09-07 07:45:43.359 [info] > git for-each-ref --sort -committerdate --format %(refname)%00%(objectname)%00%(*objectname) [959ms]
2026-09-07 07:45:57.529 [info] > git for-each-ref --format=%(refname)%00%(upstream:short)%00%(objectname)%00%(upstream:track)%00%(upstream:remotename)%00%(upstream:remoteref) --ignore-case refs/heads/main refs/remotes/main [704ms]
2026-09-07 07:45:57.592 [info] > git config --get commit.template [778ms]
2026-09-07 07:45:58.609 [info] > git status -z -uall [1007ms]
2026-09-07 07:45:59.027 [info] > git for-each-ref --sort -committerdate --format %(refname)%00%(objectname)%00%(*objectname) [1415ms]
2026-09-07 07:46:06.484 [info] > git config --get commit.template [385ms]
2026-09-07 07:46:06.602 [info] > git for-each-ref --format=%(refname)%00%(upstream:short)%00%(objectname)%00%(upstream:track)%00%(upstream:remotename)%00%(upstream:remoteref) --ignore-case refs/heads/main refs/remotes/main [494ms]
2026-09-07 07:46:06.897 [info] > git status -z -uall [279ms]
2026-09-07 07:46:06.908 [info] > git for-each-ref --sort -committerdate --format %(refname)%00%(objectname)%00%(*objectname) [279ms]
2026-09-07 07:46:35.756 [info] > git for-each-ref --format=%(refname)%00%(upstream:short)%00%(objectname)%00%(upstream:track)%00%(upstream:remotename)%00%(upstream:remoteref) --ignore-case refs/heads/main refs/remotes/main [300ms]
2026-09-07 07:46:35.822 [info] > git config --get commit.template [380ms]
2026-09-07 07:46:36.051 [info] > git for-each-ref --sort -committerdate --format %(refname)%00%(objectname)%00%(*objectname) [206ms]
2026-09-07 07:46:36.146 [info] > git status -z -uall [316ms]
2026-09-07 07:47:13.933 [info] > git config --get commit.template [812ms]
2026-09-07 07:47:13.937 [info] > git for-each-ref --format=%(refname)%00%(upstream:short)%00%(objectname)%00%(upstream:track)%00%(upstream:remotename)%00%(upstream:remoteref) --ignore-case refs/heads/main refs/remotes/main [788ms]
2026-09-07 07:47:14.257 [info] > git for-each-ref --sort -committerdate --format %(refname)%00%(objectname)%00%(*objectname) [301ms]
2026-09-07 07:47:14.300 [info] > git status -z -uall [354ms]
2026-09-07 07:47:23.093 [info] > git for-each-ref --format=%(refname)%00%(upstream:short)%00%(objectname)%00%(upstream:track)%00%(upstream:remotename)%00%(upstream:remoteref) --ignore-case refs/heads/main refs/remotes/main [418ms]
2026-09-07 07:47:23.225 [info] > git config --get commit.template [558ms]
2026-09-07 07:47:24.172 [info] > git status -z -uall [891ms]
2026-09-07 07:47:24.180 [info] > git for-each-ref --sort -committerdate --format %(refname)%00%(objectname)%00%(*objectname) [266ms]
2026-09-07 07:47:35.681 [info] > git for-each-ref --format=%(refname)%00%(upstream:short)%00%(objectname)%00%(upstream:track)%00%(upstream:remotename)%00%(upstream:remoteref) --ignore-case refs/heads/main refs/remotes/main [340ms]
2026-09-07 07:47:35.823 [info] > git config --get commit.template [496ms]
2026-09-07 07:47:36.028 [info] > git for-each-ref --sort -committerdate --format %(refname)%00%(objectname)%00%(*objectname) [184ms]
2026-09-07 07:47:36.034 [info] > git status -z -uall [200ms]
2026-09-07 07:47:51.958 [info] > git config --get commit.template [1389ms]
2026-09-07 07:47:51.960 [info] > git for-each-ref --format=%(refname)%00%(upstream:short)%00%(objectname)%00%(upstream:track)%00%(upstream:remotename)%00%(upstream:remoteref) --ignore-case refs/heads/main refs/remotes/main [1339ms]
2026-09-07 07:47:52.217 [info] > git for-each-ref --sort -committerdate --format %(refname)%00%(objectname)%00%(*objectname) [207ms]
2026-09-07 07:47:52.221 [info] > git status -z -uall [239ms]
2026-09-07 07:47:59.126 [info] > git for-each-ref --format=%(refname)%00%(upstream:short)%00%(objectname)%00%(upstream:track)%00%(upstream:remotename)%00%(upstream:remoteref) --ignore-case refs/heads/main refs/remotes/main [190ms]
2026-09-07 07:47:59.134 [info] > git config --get commit.template [220ms]
2026-09-07 07:47:59.434 [info] > git status -z -uall [292ms]
2026-09-07 07:47:59.447 [info] > git for-each-ref --sort -committerdate --format %(refname)%00%(objectname)%00%(*objectname) [297ms]
2026-09-07 07:48:04.927 [info] > git config --get commit.template [430ms]
2026-09-07 07:48:05.005 [info] > git for-each-ref --format=%(refname)%00%(upstream:short)%00%(objectname)%00%(upstream:track)%00%(upstream:remotename)%00%(upstream:remoteref) --ignore-case refs/heads/main refs/remotes/main [499ms]
2026-09-07 07:48:05.748 [info] > git status -z -uall [728ms]
2026-09-07 07:48:05.757 [info] > git for-each-ref --sort -committerdate --format %(refname)%00%(objectname)%00%(*objectname) [727ms]
2026-09-07 07:48:11.041 [info] > git config --get commit.template [242ms]
2026-09-07 07:48:11.047 [info] > git for-each-ref --format=%(refname)%00%(upstream:short)%00%(objectname)%00%(upstream:track)%00%(upstream:remotename)%00%(upstream:remoteref) --ignore-case refs/heads/main refs/remotes/main [237ms]
2026-09-07 07:48:11.441 [info] > git status -z -uall [383ms]
2026-09-07 07:48:11.456 [info] > git for-each-ref --sort -committerdate --format %(refname)%00%(objectname)%00%(*objectname) [386ms]
2026-09-07 07:48:27.551 [info] > git config --get commit.template [259ms]
2026-09-07 07:48:27.563 [info] > git for-each-ref --format=%(refname)%00%(upstream:short)%00%(objectname)%00%(upstream:track)%00%(upstream:remotename)%00%(upstream:remoteref) --ignore-case refs/heads/main refs/remotes/main [260ms]
2026-09-07 07:48:28.053 [info] > git status -z -uall [481ms]
2026-09-07 07:48:28.079 [info] > git for-each-ref --sort -committerdate --format %(refname)%00%(objectname)%00%(*objectname) [499ms]
2026-09-07 07:48:33.762 [info] > git config --get commit.template [637ms]
2026-09-07 07:48:33.795 [info] > git for-each-ref --format=%(refname)%00%(upstream:short)%00%(objectname)%00%(upstream:track)%00%(upstream:remotename)%00%(upstream:remoteref) --ignore-case refs/heads/main refs/remotes/main [652ms]
2026-09-07 07:48:34.123 [info] > git for-each-ref --sort -committerdate --format %(refname)%00%(objectname)%00%(*objectname) [308ms]
2026-09-07 07:48:34.130 [info] > git status -z -uall [326ms]
2026-09-07 07:48:39.501 [info] > git for-each-ref --format=%(refname)%00%(upstream:short)%00%(objectname)%00%(upstream:track)%00%(upstream:remotename)%00%(upstream:remoteref) --ignore-case refs/heads/main refs/remotes/main [314ms]
2026-09-07 07:48:39.523 [info] > git config --get commit.template [348ms]
2026-09-07 07:48:39.925 [info] > git status -z -uall [392ms]
2026-09-07 07:48:39.967 [info] > git for-each-ref --sort -committerdate --format %(refname)%00%(objectname)%00%(*objectname) [421ms]
2026-09-07 07:48:49.782 [info] > git for-each-ref --format=%(refname)%00%(upstream:short)%00%(objectname)%00%(upstream:track)%00%(upstream:remotename)%00%(upstream:remoteref) --ignore-case refs/heads/main refs/remotes/main [552ms]
2026-09-07 07:48:49.854 [info] > git config --get commit.template [641ms]
2026-09-07 07:48:50.214 [info] > git status -z -uall [352ms]
2026-09-07 07:48:50.283 [info] > git for-each-ref --sort -committerdate --format %(refname)%00%(objectname)%00%(*objectname) [410ms]
2026-09-07 07:49:23.765 [info] > git config --get commit.template [2515ms]
2026-09-07 07:49:23.767 [info] > git for-each-ref --format=%(refname)%00%(upstream:short)%00%(objectname)%00%(upstream:track)%00%(upstream:remotename)%00%(upstream:remoteref) --ignore-case refs/heads/main refs/remotes/main [2495ms]
2026-09-07 07:49:23.986 [info] > git for-each-ref --sort -committerdate --format %(refname)%00%(objectname)%00%(*objectname) [200ms]
2026-09-07 07:49:25.688 [info] > git status -z -uall [1911ms]
2026-09-07 07:49:31.018 [info] > git config --get commit.template [277ms]
2026-09-07 07:49:31.042 [info] > git for-each-ref --format=%(refname)%00%(upstream:short)%00%(objectname)%00%(upstream:track)%00%(upstream:remotename)%00%(upstream:remoteref) --ignore-case refs/heads/main refs/remotes/main [292ms]
2026-09-07 07:49:31.335 [info] > git for-each-ref --sort -committerdate --format %(refname)%00%(objectname)%00%(*objectname) [254ms]
2026-09-07 07:49:31.348 [info] > git status -z -uall [293ms]
2026-09-07 07:49:36.638 [info] > git config --get commit.template [252ms]
2026-09-07 07:49:36.647 [info] > git for-each-ref --format=%(refname)%00%(upstream:short)%00%(objectname)%00%(upstream:track)%00%(upstream:remotename)%00%(upstream:remoteref) --ignore-case refs/heads/main refs/remotes/main [253ms]
2026-09-07 07:49:36.900 [info] > git for-each-ref --sort -committerdate --format %(refname)%00%(objectname)%00%(*objectname) [233ms]
2026-09-07 07:49:36.902 [info] > git status -z -uall [246ms]
2026-09-07 07:50:12.003 [info] > git for-each-ref --format=%(refname)%00%(upstream:short)%00%(objectname)%00%(upstream:track)%00%(upstream:remotename)%00%(upstream:remoteref) --ignore-case refs/heads/main refs/remotes/main [318ms]
2026-09-07 07:50:12.038 [info] > git config --get commit.template [366ms]
2026-09-07 07:50:12.378 [info] > git status -z -uall [327ms]
2026-09-07 07:50:12.379 [info] > git for-each-ref --sort -committerdate --format %(refname)%00%(objectname)%00%(*objectname) [315ms]
2026-09-07 07:50:32.308 [info] > git config --get commit.template [279ms]
2026-09-07 07:50:32.374 [info] > git for-each-ref --format=%(refname)%00%(upstream:short)%00%(objectname)%00%(upstream:track)%00%(upstream:remotename)%00%(upstream:remoteref) --ignore-case refs/heads/main refs/remotes/main [325ms]
2026-09-07 07:50:32.757 [info] > git status -z -uall [370ms]
2026-09-07 07:50:32.767 [info] > git for-each-ref --sort -committerdate --format %(refname)%00%(objectname)%00%(*objectname) [364ms]
2026-09-07 07:50:38.531 [info] > git config --get commit.template [204ms]
2026-09-07 07:50:38.534 [info] > git for-each-ref --format=%(refname)%00%(upstream:short)%00%(objectname)%00%(upstream:track)%00%(upstream:remotename)%00%(upstream:remoteref) --ignore-case refs/heads/main refs/remotes/main [197ms]
2026-09-07 07:50:38.730 [info] > git status -z -uall [188ms]
2026-09-07 07:50:38.739 [info] > git for-each-ref --sort -committerdate --format %(refname)%00%(objectname)%00%(*objectname) [190ms]
2026-09-07 07:50:43.930 [info] > git config --get commit.template [161ms]
2026-09-07 07:50:43.980 [info] > git for-each-ref --format=%(refname)%00%(upstream:short)%00%(objectname)%00%(upstream:track)%00%(upstream:remotename)%00%(upstream:remoteref) --ignore-case refs/heads/main refs/remotes/main [204ms]
2026-09-07 07:50:44.233 [info] > git for-each-ref --sort -committerdate --format %(refname)%00%(objectname)%00%(*objectname) [231ms]
2026-09-07 07:50:44.240 [info] > git status -z -uall [249ms]
2026-09-07 07:51:25.875 [info] > git config --get commit.template [718ms]
2026-09-07 07:51:25.970 [info] > git for-each-ref --format=%(refname)%00%(upstream:short)%00%(objectname)%00%(upstream:track)%00%(upstream:remotename)%00%(upstream:remoteref) --ignore-case refs/heads/main refs/remotes/main [803ms]
2026-09-07 07:51:26.330 [info] > git status -z -uall [350ms]
2026-09-07 07:51:26.362 [info] > git for-each-ref --sort -committerdate --format %(refname)%00%(objectname)%00%(*objectname) [373ms]
2026-09-07 07:51:41.334 [info] > git config --get commit.template [673ms]
2026-09-07 07:51:41.341 [info] > git for-each-ref --format=%(refname)%00%(upstream:short)%00%(objectname)%00%(upstream:track)%00%(upstream:remotename)%00%(upstream:remoteref) --ignore-case refs/heads/main refs/remotes/main [662ms]
2026-09-07 07:51:41.752 [info] > git for-each-ref --sort -committerdate --format %(refname)%00%(objectname)%00%(*objectname) [391ms]
2026-09-07 07:51:41.773 [info] > git status -z -uall [422ms]
2026-09-07 07:51:54.814 [info] > git config --get commit.template [3649ms]
2026-09-07 07:51:54.827 [info] > git for-each-ref --format=%(refname)%00%(upstream:short)%00%(objectname)%00%(upstream:track)%00%(upstream:remotename)%00%(upstream:remoteref) --ignore-case refs/heads/main refs/remotes/main [3653ms]
2026-09-07 07:51:55.197 [info] > git for-each-ref --sort -committerdate --format %(refname)%00%(objectname)%00%(*objectname) [343ms]
2026-09-07 07:51:55.425 [info] > git status -z -uall [588ms]
2026-09-07 07:52:01.013 [info] > git config --get commit.template [529ms]
2026-09-07 07:52:01.207 [info] > git for-each-ref --format=%(refname)%00%(upstream:short)%00%(objectname)%00%(upstream:track)%00%(upstream:remotename)%00%(upstream:remoteref) --ignore-case refs/heads/main refs/remotes/main [713ms]
2026-09-07 07:52:01.586 [info] > git for-each-ref --sort -committerdate --format %(refname)%00%(objectname)%00%(*objectname) [359ms]
2026-09-07 07:52:01.601 [info] > git status -z -uall [384ms]
2026-09-07 07:52:09.638 [info] > git for-each-ref --format=%(refname)%00%(upstream:short)%00%(objectname)%00%(upstream:track)%00%(upstream:remotename)%00%(upstream:remoteref) --ignore-case refs/heads/main refs/remotes/main [2214ms]
2026-09-07 07:52:09.653 [info] > git config --get commit.template [2949ms]
2026-09-07 07:52:10.602 [info] > git for-each-ref --sort -committerdate --format %(refname)%00%(objectname)%00%(*objectname) [925ms]
2026-09-07 07:52:12.629 [info] > git status -z -uall [2965ms]
2026-09-07 07:52:18.544 [info] > git config --get commit.template [836ms]
2026-09-07 07:52:18.556 [info] > git for-each-ref --format=%(refname)%00%(upstream:short)%00%(objectname)%00%(upstream:track)%00%(upstream:remotename)%00%(upstream:remoteref) --ignore-case refs/heads/main refs/remotes/main [881ms]
2026-09-07 07:52:19.052 [info] > git status -z -uall [485ms]
2026-09-07 07:52:19.167 [info] > git for-each-ref --sort -committerdate --format %(refname)%00%(objectname)%00%(*objectname) [572ms]
2026-09-07 07:52:24.389 [info] > git config --get commit.template [173ms]
2026-09-07 07:52:24.411 [info] > git for-each-ref --format=%(refname)%00%(upstream:short)%00%(objectname)%00%(upstream:track)%00%(upstream:remotename)%00%(upstream:remoteref) --ignore-case refs/heads/main refs/remotes/main [186ms]
2026-09-07 07:52:24.748 [info] > git status -z -uall [327ms]
2026-09-07 07:52:24.771 [info] > git for-each-ref --sort -committerdate --format %(refname)%00%(objectname)%00%(*objectname) [334ms]
2026-09-07 07:52:32.408 [info] > git for-each-ref --format=%(refname)%00%(upstream:short)%00%(objectname)%00%(upstream:track)%00%(upstream:remotename)%00%(upstream:remoteref) --ignore-case refs/heads/main refs/remotes/main [653ms]
2026-09-07 07:52:32.523 [info] > git config --get commit.template [779ms]
2026-09-07 07:52:37.647 [info] > git for-each-ref --sort -committerdate --format %(refname)%00%(objectname)%00%(*objectname) [5095ms]
2026-09-07 07:52:41.697 [info] > git status -z -uall [9166ms]
2026-09-07 07:52:47.457 [info] > git for-each-ref --format=%(refname)%00%(upstream:short)%00%(objectname)%00%(upstream:track)%00%(upstream:remotename)%00%(upstream:remoteref) --ignore-case refs/heads/main refs/remotes/main [476ms]
2026-09-07 07:52:47.464 [info] > git config --get commit.template [492ms]
2026-09-07 07:52:47.662 [info] > git for-each-ref --sort -committerdate --format %(refname)%00%(objectname)%00%(*objectname) [181ms]
2026-09-07 07:52:47.669 [info] > git status -z -uall [197ms]
2026-09-07 07:52:53.126 [info] > git for-each-ref --format=%(refname)%00%(upstream:short)%00%(objectname)%00%(upstream:track)%00%(upstream:remotename)%00%(upstream:remoteref) --ignore-case refs/heads/main refs/remotes/main [424ms]
2026-09-07 07:52:53.288 [info] > git config --get commit.template [601ms]
2026-09-07 07:52:53.757 [info] > git for-each-ref --sort -committerdate --format %(refname)%00%(objectname)%00%(*objectname) [451ms]
2026-09-07 07:52:53.774 [info] > git status -z -uall [477ms]
2026-09-07 07:52:59.098 [info] > git for-each-ref --format=%(refname)%00%(upstream:short)%00%(objectname)%00%(upstream:track)%00%(upstream:remotename)%00%(upstream:remoteref) --ignore-case refs/heads/main refs/remotes/main [272ms]
2026-09-07 07:52:59.111 [info] > git config --get commit.template [293ms]
2026-09-07 07:52:59.447 [info] > git status -z -uall [328ms]
2026-09-07 07:52:59.452 [info] > git for-each-ref --sort -committerdate --format %(refname)%00%(objectname)%00%(*objectname) [322ms]
2026-09-07 07:53:04.649 [info] > git config --get commit.template [165ms]
2026-09-07 07:53:04.674 [info] > git for-each-ref --format=%(refname)%00%(upstream:short)%00%(objectname)%00%(upstream:track)%00%(upstream:remotename)%00%(upstream:remoteref) --ignore-case refs/heads/main refs/remotes/main [183ms]
2026-09-07 07:53:05.236 [info] > git for-each-ref --sort -committerdate --format %(refname)%00%(objectname)%00%(*objectname) [545ms]
2026-09-07 07:53:05.248 [info] > git status -z -uall [566ms]
2026-09-07 07:53:10.684 [info] > git config --get commit.template [397ms]
2026-09-07 07:53:10.708 [info] > git for-each-ref --format=%(refname)%00%(upstream:short)%00%(objectname)%00%(upstream:track)%00%(upstream:remotename)%00%(upstream:remoteref) --ignore-case refs/heads/main refs/remotes/main [401ms]
2026-09-07 07:53:10.984 [info] > git for-each-ref --sort -committerdate --format %(refname)%00%(objectname)%00%(*objectname) [260ms]
2026-09-07 07:53:10.991 [info] > git status -z -uall [274ms]
2026-09-07 07:53:18.287 [info] > git for-each-ref --format=%(refname)%00%(upstream:short)%00%(objectname)%00%(upstream:track)%00%(upstream:remotename)%00%(upstream:remoteref) --ignore-case refs/heads/main refs/remotes/main [1689ms]
2026-09-07 07:53:18.377 [info] > git config --get commit.template [2062ms]
2026-09-07 07:53:18.643 [info] > git for-each-ref --sort -committerdate --format %(refname)%00%(objectname)%00%(*objectname) [249ms]
2026-09-07 07:53:18.650 [info] > git status -z -uall [266ms]
2026-09-07 07:53:23.987 [info] > git config --get commit.template [262ms]
2026-09-07 07:53:24.128 [info] > git for-each-ref --format=%(refname)%00%(upstream:short)%00%(objectname)%00%(upstream:track)%00%(upstream:remotename)%00%(upstream:remoteref) --ignore-case refs/heads/main refs/remotes/main [396ms]
2026-09-07 07:53:24.484 [info] > git for-each-ref --sort -committerdate --format %(refname)%00%(objectname)%00%(*objectname) [335ms]
2026-09-07 07:53:24.512 [info] > git status -z -uall [374ms]
2026-09-07 08:14:39.009 [info] > git config --get commit.template [841ms]
2026-09-07 08:14:39.096 [info] > git for-each-ref --format=%(refname)%00%(upstream:short)%00%(objectname)%00%(upstream:track)%00%(upstream:remotename)%00%(upstream:remoteref) --ignore-case refs/heads/main refs/remotes/main [904ms]
2026-09-07 08:14:39.726 [info] > git for-each-ref --sort -committerdate --format %(refname)%00%(objectname)%00%(*objectname) [568ms]
2026-09-07 08:14:39.917 [info] > git status -z -uall [809ms]
2026-09-07 08:14:45.646 [info] > git config --get commit.template [623ms]
2026-09-07 08:14:45.716 [info] > git for-each-ref --format=%(refname)%00%(upstream:short)%00%(objectname)%00%(upstream:track)%00%(upstream:remotename)%00%(upstream:remoteref) --ignore-case refs/heads/main refs/remotes/main [682ms]
2026-09-07 08:14:45.898 [info] > git for-each-ref --sort -committerdate --format %(refname)%00%(objectname)%00%(*objectname) [165ms]
2026-09-07 08:14:45.917 [info] > git status -z -uall [193ms]
2026-09-07 08:14:51.539 [info] > git for-each-ref --format=%(refname)%00%(upstream:short)%00%(objectname)%00%(upstream:track)%00%(upstream:remotename)%00%(upstream:remoteref) --ignore-case refs/heads/main refs/remotes/main [536ms]
2026-09-07 08:14:51.661 [info] > git config --get commit.template [672ms]
2026-09-07 08:14:53.265 [info] > git status -z -uall [1403ms]
2026-09-07 08:14:54.530 [info] > git for-each-ref --sort -committerdate --format %(refname)%00%(objectname)%00%(*objectname) [2064ms]
2026-09-07 09:27:04.035 [info] > git config --get commit.template [1559ms]
2026-09-07 09:27:04.049 [info] > git for-each-ref --format=%(refname)%00%(upstream:short)%00%(objectname)%00%(upstream:track)%00%(upstream:remotename)%00%(upstream:remoteref) --ignore-case refs/heads/main refs/remotes/main [1267ms]
2026-09-07 09:27:04.530 [info] > git status -z -uall [415ms]
2026-09-07 09:27:04.566 [info] > git for-each-ref --sort -committerdate --format %(refname)%00%(objectname)%00%(*objectname) [408ms]
2026-09-07 09:27:10.601 [info] > git config --get commit.template [401ms]
2026-09-07 09:27:10.630 [info] > git for-each-ref --format=%(refname)%00%(upstream:short)%00%(objectname)%00%(upstream:track)%00%(upstream:remotename)%00%(upstream:remoteref) --ignore-case refs/heads/main refs/remotes/main [350ms]
2026-09-07 09:27:10.887 [info] > git for-each-ref --sort -committerdate --format %(refname)%00%(objectname)%00%(*objectname) [235ms]
2026-09-07 09:27:10.899 [info] > git status -z -uall [258ms]
2026-09-07 09:27:16.341 [info] > git config --get commit.template [310ms]
2026-09-07 09:27:16.444 [info] > git for-each-ref --format=%(refname)%00%(upstream:short)%00%(objectname)%00%(upstream:track)%00%(upstream:remotename)%00%(upstream:remoteref) --ignore-case refs/heads/main refs/remotes/main [346ms]
2026-09-07 09:27:16.719 [info] > git status -z -uall [262ms]
2026-09-07 09:27:16.721 [info] > git for-each-ref --sort -committerdate --format %(refname)%00%(objectname)%00%(*objectname) [254ms]
2026-09-07 09:27:24.665 [info] > git for-each-ref --format=%(refname)%00%(upstream:short)%00%(objectname)%00%(upstream:track)%00%(upstream:remotename)%00%(upstream:remoteref) --ignore-case refs/heads/main refs/remotes/main [1643ms]
2026-09-07 09:27:25.463 [info] > git config --get commit.template [2523ms]
2026-09-07 09:27:27.647 [info] > git for-each-ref --sort -committerdate --format %(refname)%00%(objectname)%00%(*objectname) [2080ms]
2026-09-07 09:27:27.809 [info] > git status -z -uall [2337ms]
2026-09-07 09:27:34.054 [info] > git for-each-ref --format=%(refname)%00%(upstream:short)%00%(objectname)%00%(upstream:track)%00%(upstream:remotename)%00%(upstream:remoteref) --ignore-case refs/heads/main refs/remotes/main [1103ms]
2026-09-07 09:27:34.102 [info] > git config --get commit.template [1172ms]
2026-09-07 09:27:34.629 [info] > git for-each-ref --sort -committerdate --format %(refname)%00%(objectname)%00%(*objectname) [501ms]
2026-09-07 09:27:35.109 [info] > git status -z -uall [997ms]
2026-09-07 09:27:40.868 [info] > git for-each-ref --format=%(refname)%00%(upstream:short)%00%(objectname)%00%(upstream:track)%00%(upstream:remotename)%00%(upstream:remoteref) --ignore-case refs/heads/main refs/remotes/main [608ms]
2026-09-07 09:27:41.043 [info] > git config --get commit.template [802ms]
2026-09-07 09:27:41.493 [info] > git for-each-ref --sort -committerdate --format %(refname)%00%(objectname)%00%(*objectname) [322ms]
2026-09-07 09:27:41.530 [info] > git status -z -uall [391ms]
2026-09-07 09:27:49.425 [info] > git config --get commit.template [324ms]
2026-09-07 09:27:49.462 [info] > git for-each-ref --format=%(refname)%00%(upstream:short)%00%(objectname)%00%(upstream:track)%00%(upstream:remotename)%00%(upstream:remoteref) --ignore-case refs/heads/main refs/remotes/main [294ms]
2026-09-07 09:27:49.784 [info] > git status -z -uall [297ms]
2026-09-07 09:27:49.810 [info] > git for-each-ref --sort -committerdate --format %(refname)%00%(objectname)%00%(*objectname) [256ms]
2026-09-07 09:27:55.406 [info] > git config --get commit.template [498ms]
2026-09-07 09:27:55.477 [info] > git for-each-ref --format=%(refname)%00%(upstream:short)%00%(objectname)%00%(upstream:track)%00%(upstream:remotename)%00%(upstream:remoteref) --ignore-case refs/heads/main refs/remotes/main [477ms]
2026-09-07 09:27:56.058 [info] > git for-each-ref --sort -committerdate --format %(refname)%00%(objectname)%00%(*objectname) [489ms]
2026-09-07 09:27:56.080 [info] > git status -z -uall [583ms]
2026-09-07 09:28:05.866 [info] > git config --get commit.template [1618ms]
2026-09-07 09:28:05.900 [info] > git for-each-ref --format=%(refname)%00%(upstream:short)%00%(objectname)%00%(upstream:track)%00%(upstream:remotename)%00%(upstream:remoteref) --ignore-case refs/heads/main refs/remotes/main [1411ms]
2026-09-07 09:28:06.195 [info] > git for-each-ref --sort -committerdate --format %(refname)%00%(objectname)%00%(*objectname) [271ms]
2026-09-07 09:28:06.318 [info] > git status -z -uall [409ms]
2026-09-07 09:28:12.396 [info] > git for-each-ref --format=%(refname)%00%(upstream:short)%00%(objectname)%00%(upstream:track)%00%(upstream:remotename)%00%(upstream:remoteref) --ignore-case refs/heads/main refs/remotes/main [1018ms]
2026-09-07 09:28:12.411 [info] > git config --get commit.template [1039ms]
2026-09-07 09:28:12.763 [info] > git status -z -uall [345ms]
2026-09-07 09:28:12.806 [info] > git for-each-ref --sort -committerdate --format %(refname)%00%(objectname)%00%(*objectname) [373ms]
2026-09-07 09:28:20.780 [info] > git config --get commit.template [306ms]
2026-09-07 09:28:20.911 [info] > git for-each-ref --format=%(refname)%00%(upstream:short)%00%(objectname)%00%(upstream:track)%00%(upstream:remotename)%00%(upstream:remoteref) --ignore-case refs/heads/main refs/remotes/main [420ms]
2026-09-07 09:28:21.110 [info] > git for-each-ref --sort -committerdate --format %(refname)%00%(objectname)%00%(*objectname) [181ms]
2026-09-07 09:28:21.159 [info] > git status -z -uall [239ms]
2026-09-07 09:28:26.517 [info] > git config --get commit.template [222ms]
2026-09-07 09:28:26.522 [info] > git for-each-ref --format=%(refname)%00%(upstream:short)%00%(objectname)%00%(upstream:track)%00%(upstream:remotename)%00%(upstream:remoteref) --ignore-case refs/heads/main refs/remotes/main [205ms]
2026-09-07 09:28:26.769 [info] > git for-each-ref --sort -committerdate --format %(refname)%00%(objectname)%00%(*objectname) [207ms]
2026-09-07 09:28:26.774 [info] > git status -z -uall [232ms]
2026-09-07 09:28:55.719 [info] > git for-each-ref --format=%(refname)%00%(upstream:short)%00%(objectname)%00%(upstream:track)%00%(upstream:remotename)%00%(upstream:remoteref) --ignore-case refs/heads/main refs/remotes/main [3953ms]
2026-09-07 09:28:55.729 [info] > git config --get commit.template [3990ms]
2026-09-07 09:28:57.347 [info] > git status -z -uall [1607ms]
2026-09-07 09:28:57.366 [info] > git for-each-ref --sort -committerdate --format %(refname)%00%(objectname)%00%(*objectname) [1599ms]
2026-09-07 09:29:03.158 [info] > git config --get commit.template [569ms]
2026-09-07 09:29:03.222 [info] > git for-each-ref --format=%(refname)%00%(upstream:short)%00%(objectname)%00%(upstream:track)%00%(upstream:remotename)%00%(upstream:remoteref) --ignore-case refs/heads/main refs/remotes/main [551ms]
2026-09-07 09:29:03.452 [info] > git for-each-ref --sort -committerdate --format %(refname)%00%(objectname)%00%(*objectname) [212ms]
2026-09-07 09:29:03.474 [info] > git status -z -uall [243ms]
2026-09-07 09:29:17.979 [info] > git config --get commit.template [305ms]
2026-09-07 09:29:18.162 [info] > git for-each-ref --format=%(refname)%00%(upstream:short)%00%(objectname)%00%(upstream:track)%00%(upstream:remotename)%00%(upstream:remoteref) --ignore-case refs/heads/main refs/remotes/main [477ms]
2026-09-07 09:29:18.452 [info] > git status -z -uall [281ms]
2026-09-07 09:29:18.552 [info] > git for-each-ref --sort -committerdate --format %(refname)%00%(objectname)%00%(*objectname) [372ms]
2026-09-07 09:29:29.552 [info] > git for-each-ref --format=%(refname)%00%(upstream:short)%00%(objectname)%00%(upstream:track)%00%(upstream:remotename)%00%(upstream:remoteref) --ignore-case refs/heads/main refs/remotes/main [233ms]
2026-09-07 09:29:29.723 [info] > git config --get commit.template [412ms]
2026-09-07 09:29:30.017 [info] > git status -z -uall [215ms]
2026-09-07 09:29:30.018 [info] > git for-each-ref --sort -committerdate --format %(refname)%00%(objectname)%00%(*objectname) [167ms]
2026-09-07 09:29:35.502 [info] > git config --get commit.template [408ms]
2026-09-07 09:29:35.642 [info] > git for-each-ref --format=%(refname)%00%(upstream:short)%00%(objectname)%00%(upstream:track)%00%(upstream:remotename)%00%(upstream:remoteref) --ignore-case refs/heads/main refs/remotes/main [537ms]
2026-09-07 09:29:35.887 [info] > git for-each-ref --sort -committerdate --format %(refname)%00%(objectname)%00%(*objectname) [227ms]
2026-09-07 09:29:36.322 [info] > git status -z -uall [672ms]
2026-09-07 09:30:01.690 [info] > git config --get commit.template [1633ms]
2026-09-07 09:30:01.698 [info] > git for-each-ref --format=%(refname)%00%(upstream:short)%00%(objectname)%00%(upstream:track)%00%(upstream:remotename)%00%(upstream:remoteref) --ignore-case refs/heads/main refs/remotes/main [1618ms]
2026-09-07 09:30:02.165 [info] > git for-each-ref --sort -committerdate --format %(refname)%00%(objectname)%00%(*objectname) [435ms]
2026-09-07 09:30:02.329 [info] > git status -z -uall [609ms]
2026-09-07 09:30:07.577 [info] > git config --get commit.template [186ms]
2026-09-07 09:30:07.594 [info] > git for-each-ref --format=%(refname)%00%(upstream:short)%00%(objectname)%00%(upstream:track)%00%(upstream:remotename)%00%(upstream:remoteref) --ignore-case refs/heads/main refs/remotes/main [195ms]
2026-09-07 09:30:07.924 [info] > git status -z -uall [321ms]
2026-09-07 09:30:07.928 [info] > git for-each-ref --sort -committerdate --format %(refname)%00%(objectname)%00%(*objectname) [315ms]
2026-09-07 09:30:15.679 [info] > git config --get commit.template [192ms]
2026-09-07 09:30:15.710 [info] > git for-each-ref --format=%(refname)%00%(upstream:short)%00%(objectname)%00%(upstream:track)%00%(upstream:remotename)%00%(upstream:remoteref) --ignore-case refs/heads/main refs/remotes/main [215ms]
2026-09-07 09:30:16.026 [info] > git status -z -uall [275ms]
2026-09-07 09:30:16.036 [info] > git for-each-ref --sort -committerdate --format %(refname)%00%(objectname)%00%(*objectname) [203ms]
2026-09-07 09:30:21.769 [info] > git config --get commit.template [638ms]
2026-09-07 09:30:22.038 [info] > git for-each-ref --format=%(refname)%00%(upstream:short)%00%(objectname)%00%(upstream:track)%00%(upstream:remotename)%00%(upstream:remoteref) --ignore-case refs/heads/main refs/remotes/main [901ms]
2026-09-07 09:30:22.468 [info] > git for-each-ref --sort -committerdate --format %(refname)%00%(objectname)%00%(*objectname) [340ms]
2026-09-07 09:30:22.474 [info] > git status -z -uall [381ms]
2026-09-07 09:30:31.493 [info] > git for-each-ref --format=%(refname)%00%(upstream:short)%00%(objectname)%00%(upstream:track)%00%(upstream:remotename)%00%(upstream:remoteref) --ignore-case refs/heads/main refs/remotes/main [486ms]
2026-09-07 09:30:31.750 [info] > git config --get commit.template [878ms]
2026-09-07 09:30:32.658 [info] > git for-each-ref --sort -committerdate --format %(refname)%00%(objectname)%00%(*objectname) [786ms]
2026-09-07 09:30:32.667 [info] > git status -z -uall [818ms]
2026-09-07 09:30:38.013 [info] > git config --get commit.template [306ms]
2026-09-07 09:30:38.114 [info] > git for-each-ref --format=%(refname)%00%(upstream:short)%00%(objectname)%00%(upstream:track)%00%(upstream:remotename)%00%(upstream:remoteref) --ignore-case refs/heads/main refs/remotes/main [399ms]
2026-09-07 09:30:38.396 [info] > git for-each-ref --sort -committerdate --format %(refname)%00%(objectname)%00%(*objectname) [260ms]
2026-09-07 09:30:38.432 [info] > git status -z -uall [309ms]
2026-09-07 09:30:47.499 [info] > git config --get commit.template [2328ms]
2026-09-07 09:30:47.504 [info] > git for-each-ref --format=%(refname)%00%(upstream:short)%00%(objectname)%00%(upstream:track)%00%(upstream:remotename)%00%(upstream:remoteref) --ignore-case refs/heads/main refs/remotes/main [1842ms]
2026-09-07 09:30:47.948 [info] > git status -z -uall [432ms]
2026-09-07 09:30:47.990 [info] > git for-each-ref --sort -committerdate --format %(refname)%00%(objectname)%00%(*objectname) [455ms]
2026-09-07 09:30:56.338 [info] > git config --get commit.template [896ms]
2026-09-07 09:30:57.518 [info] > git for-each-ref --format=%(refname)%00%(upstream:short)%00%(objectname)%00%(upstream:track)%00%(upstream:remotename)%00%(upstream:remoteref) --ignore-case refs/heads/main refs/remotes/main [2003ms]
2026-09-07 09:30:58.014 [info] > git status -z -uall [483ms]
2026-09-07 09:30:58.032 [info] > git for-each-ref --sort -committerdate --format %(refname)%00%(objectname)%00%(*objectname) [444ms]
2026-09-07 09:35:08.709 [info] > git config --get commit.template [1434ms]
2026-09-07 09:35:08.722 [info] > git for-each-ref --format=%(refname)%00%(upstream:short)%00%(objectname)%00%(upstream:track)%00%(upstream:remotename)%00%(upstream:remoteref) --ignore-case refs/heads/main refs/remotes/main [1341ms]
2026-09-07 09:35:09.094 [info] > git for-each-ref --sort -committerdate --format %(refname)%00%(objectname)%00%(*objectname) [297ms]
2026-09-07 09:35:09.399 [info] > git status -z -uall [629ms]
2026-09-07 09:35:15.200 [info] > git check-ignore -v -z --stdin [1604ms]
2026-09-07 09:35:15.222 [info] > git config --get commit.template [376ms]
2026-09-07 09:35:19.913 [info] > git show --textconv :src/app/componentes/header/header.html [4308ms]
2026-09-07 09:35:20.116 [info] > git ls-files --stage -- src/app/componentes/header/header.html [4471ms]
2026-09-07 09:35:20.255 [info] > git for-each-ref --format=%(refname)%00%(upstream:short)%00%(objectname)%00%(upstream:track)%00%(upstream:remotename)%00%(upstream:remoteref) --ignore-case refs/heads/main refs/remotes/main [5019ms]
2026-09-07 09:35:21.965 [info] > git cat-file -s 6216980349fb0455b89406246c6f7aecedaed13c [1715ms]
2026-09-07 09:35:26.001 [info] > git status -z -uall [3544ms]
2026-09-07 09:35:26.005 [info] > git for-each-ref --sort -committerdate --format %(refname)%00%(objectname)%00%(*objectname) [3428ms]
2026-09-07 09:35:26.638 [info] > git check-ignore -v -z --stdin [4335ms]
2026-09-07 09:35:29.804 [info] > git ls-files --stage -- src/app/componentes/header/header.ts [771ms]
2026-09-07 09:35:30.219 [info] > git cat-file -s 97711e8121b6c4bb2f9fc80f25c9a2d1ab023307 [404ms]
2026-09-07 09:35:30.225 [info] > git show --textconv :src/app/componentes/header/header.ts [1420ms]
2026-09-07 09:35:31.582 [info] > git for-each-ref --format=%(refname)%00%(upstream:short)%00%(objectname)%00%(upstream:track)%00%(upstream:remotename)%00%(upstream:remoteref) --ignore-case refs/heads/main refs/remotes/main [167ms]
2026-09-07 09:35:32.075 [info] > git config --get commit.template [1020ms]
2026-09-07 09:35:32.604 [info] > git for-each-ref --sort -committerdate --format %(refname)%00%(objectname)%00%(*objectname) [501ms]
2026-09-07 09:35:33.564 [info] > git status -z -uall [1473ms]
2026-09-07 09:35:33.670 [info] > git check-ignore -v -z --stdin [1079ms]
2026-09-07 09:35:34.603 [info] > git show --textconv :src/app/componentes/header/header.html [558ms]
2026-09-07 09:35:35.092 [info] > git ls-files --stage -- src/app/componentes/header/header.html [1037ms]
2026-09-07 09:35:35.559 [info] > git cat-file -s 6216980349fb0455b89406246c6f7aecedaed13c [363ms]
2026-09-07 09:35:36.320 [info] > git check-ignore -v -z --stdin [128ms]
2026-09-07 09:35:39.139 [info] > git for-each-ref --format=%(refname)%00%(upstream:short)%00%(objectname)%00%(upstream:track)%00%(upstream:remotename)%00%(upstream:remoteref) --ignore-case refs/heads/main refs/remotes/main [469ms]
2026-09-07 09:35:39.143 [info] > git config --get commit.template [494ms]
2026-09-07 09:35:39.500 [info] > git for-each-ref --sort -committerdate --format %(refname)%00%(objectname)%00%(*objectname) [278ms]
2026-09-07 09:35:39.512 [info] > git status -z -uall [314ms]
2026-09-07 09:35:40.068 [info] > git check-ignore -v -z --stdin [195ms]
2026-09-07 09:35:44.862 [info] > git config --get commit.template [308ms]
2026-09-07 09:35:44.903 [info] > git for-each-ref --format=%(refname)%00%(upstream:short)%00%(objectname)%00%(upstream:track)%00%(upstream:remotename)%00%(upstream:remoteref) --ignore-case refs/heads/main refs/remotes/main [338ms]
2026-09-07 09:35:45.189 [info] > git status -z -uall [271ms]
2026-09-07 09:35:45.225 [info] > git for-each-ref --sort -committerdate --format %(refname)%00%(objectname)%00%(*objectname) [293ms]
2026-09-07 09:35:46.198 [info] > git check-ignore -v -z --stdin [538ms]
2026-09-07 09:35:48.232 [info] > git blame --root --incremental dbbda1c4c23e9846e2fabe3705b9b8ba825339b6 -- src/app/componentes/header/header.html [739ms]
2026-09-07 09:35:50.666 [info] > git config --get commit.template [398ms]
2026-09-07 09:35:50.680 [info] > git for-each-ref --format=%(refname)%00%(upstream:short)%00%(objectname)%00%(upstream:track)%00%(upstream:remotename)%00%(upstream:remoteref) --ignore-case refs/heads/main refs/remotes/main [404ms]
2026-09-07 09:35:51.204 [info] > git for-each-ref --sort -committerdate --format %(refname)%00%(objectname)%00%(*objectname) [440ms]
2026-09-07 09:35:51.217 [info] > git status -z -uall [528ms]
2026-09-07 09:35:51.826 [info] > git check-ignore -v -z --stdin [254ms]
2026-09-07 09:36:20.370 [info] > git config --get commit.template [1497ms]
2026-09-07 09:36:20.399 [info] > git for-each-ref --format=%(refname)%00%(upstream:short)%00%(objectname)%00%(upstream:track)%00%(upstream:remotename)%00%(upstream:remoteref) --ignore-case refs/heads/main refs/remotes/main [1380ms]
2026-09-07 09:36:21.116 [info] > git for-each-ref --sort -committerdate --format %(refname)%00%(objectname)%00%(*objectname) [566ms]
2026-09-07 09:36:21.789 [info] > git status -z -uall [1251ms]
2026-09-07 09:36:24.565 [info] > git check-ignore -v -z --stdin [508ms]
2026-09-07 09:36:24.840 [info] > git ls-files --stage -- src/app/componentes/header/header.ts [245ms]
2026-09-07 09:36:24.878 [info] > git show --textconv :src/app/componentes/header/header.ts [295ms]
2026-09-07 09:36:25.054 [info] > git cat-file -s 97711e8121b6c4bb2f9fc80f25c9a2d1ab023307 [205ms]
2026-09-07 09:36:25.401 [info] > git blame --root --incremental dbbda1c4c23e9846e2fabe3705b9b8ba825339b6 -- src/app/componentes/header/header.ts [277ms]
2026-09-07 09:36:25.472 [info] > git check-ignore -v -z --stdin [335ms]
2026-09-07 09:36:27.218 [info] > git config --get commit.template [303ms]
2026-09-07 09:36:27.218 [info] > git for-each-ref --format=%(refname)%00%(upstream:short)%00%(objectname)%00%(upstream:track)%00%(upstream:remotename)%00%(upstream:remoteref) --ignore-case refs/heads/main refs/remotes/main [292ms]
2026-09-07 09:36:27.504 [info] > git status -z -uall [275ms]
2026-09-07 09:36:27.515 [info] > git for-each-ref --sort -committerdate --format %(refname)%00%(objectname)%00%(*objectname) [251ms]
2026-09-07 09:36:28.167 [info] > git check-ignore -v -z --stdin [197ms]
2026-09-07 09:36:56.626 [info] > git for-each-ref --format=%(refname)%00%(upstream:short)%00%(objectname)%00%(upstream:track)%00%(upstream:remotename)%00%(upstream:remoteref) --ignore-case refs/heads/main refs/remotes/main [685ms]
2026-09-07 09:36:56.646 [info] > git config --get commit.template [718ms]
2026-09-07 09:36:57.148 [info] > git for-each-ref --sort -committerdate --format %(refname)%00%(objectname)%00%(*objectname) [473ms]
2026-09-07 09:36:57.176 [info] > git status -z -uall [519ms]
2026-09-07 09:36:59.377 [info] > git check-ignore -v -z --stdin [1479ms]
2026-09-07 09:37:03.625 [info] > git config --get commit.template [922ms]
2026-09-07 09:37:03.898 [info] > git for-each-ref --format=%(refname)%00%(upstream:short)%00%(objectname)%00%(upstream:track)%00%(upstream:remotename)%00%(upstream:remoteref) --ignore-case refs/heads/main refs/remotes/main [273ms]
2026-09-07 09:37:04.278 [info] > git for-each-ref --sort -committerdate --format %(refname)%00%(objectname)%00%(*objectname) [356ms]
2026-09-07 09:37:04.284 [info] > git status -z -uall [373ms]
2026-09-07 09:37:10.416 [info] > git config --get commit.template [287ms]
2026-09-07 09:37:10.700 [info] > git for-each-ref --format=%(refname)%00%(upstream:short)%00%(objectname)%00%(upstream:track)%00%(upstream:remotename)%00%(upstream:remoteref) --ignore-case refs/heads/main refs/remotes/main [529ms]
2026-09-07 09:37:11.325 [info] > git status -z -uall [592ms]
2026-09-07 09:37:11.418 [info] > git for-each-ref --sort -committerdate --format %(refname)%00%(objectname)%00%(*objectname) [569ms]
2026-09-07 09:37:17.693 [info] > git for-each-ref --format=%(refname)%00%(upstream:short)%00%(objectname)%00%(upstream:track)%00%(upstream:remotename)%00%(upstream:remoteref) --ignore-case refs/heads/main refs/remotes/main [284ms]
2026-09-07 09:37:17.705 [info] > git config --get commit.template [305ms]
2026-09-07 09:37:17.977 [info] > git status -z -uall [256ms]
2026-09-07 09:37:18.256 [info] > git for-each-ref --sort -committerdate --format %(refname)%00%(objectname)%00%(*objectname) [452ms]
2026-09-07 09:37:27.252 [info] > git config --get commit.template [255ms]
2026-09-07 09:37:27.269 [info] > git for-each-ref --format=%(refname)%00%(upstream:short)%00%(objectname)%00%(upstream:track)%00%(upstream:remotename)%00%(upstream:remoteref) --ignore-case refs/heads/main refs/remotes/main [247ms]
2026-09-07 09:37:27.682 [info] > git status -z -uall [378ms]
2026-09-07 09:37:27.702 [info] > git for-each-ref --sort -committerdate --format %(refname)%00%(objectname)%00%(*objectname) [337ms]
2026-09-07 09:37:37.697 [info] > git config --get commit.template [2383ms]
2026-09-07 09:37:37.715 [info] > git for-each-ref --format=%(refname)%00%(upstream:short)%00%(objectname)%00%(upstream:track)%00%(upstream:remotename)%00%(upstream:remoteref) --ignore-case refs/heads/main refs/remotes/main [2272ms]
2026-09-07 09:37:38.451 [info] > git status -z -uall [725ms]
2026-09-07 09:37:38.610 [info] > git for-each-ref --sort -committerdate --format %(refname)%00%(objectname)%00%(*objectname) [866ms]
2026-09-07 09:38:10.392 [info] > git for-each-ref --format=%(refname)%00%(upstream:short)%00%(objectname)%00%(upstream:track)%00%(upstream:remotename)%00%(upstream:remoteref) --ignore-case refs/heads/main refs/remotes/main [613ms]
2026-09-07 09:38:10.397 [info] > git config --get commit.template [803ms]
2026-09-07 09:38:10.764 [info] > git for-each-ref --sort -committerdate --format %(refname)%00%(objectname)%00%(*objectname) [344ms]
2026-09-07 09:38:11.146 [info] > git status -z -uall [737ms]
2026-09-07 09:38:17.281 [info] > git for-each-ref --format=%(refname)%00%(upstream:short)%00%(objectname)%00%(upstream:track)%00%(upstream:remotename)%00%(upstream:remoteref) --ignore-case refs/heads/main refs/remotes/main [505ms]
2026-09-07 09:38:17.303 [info] > git config --get commit.template [985ms]
2026-09-07 09:38:17.858 [info] > git for-each-ref --sort -committerdate --format %(refname)%00%(objectname)%00%(*objectname) [535ms]
2026-09-07 09:38:17.899 [info] > git status -z -uall [585ms]
2026-09-07 09:38:23.344 [info] > git config --get commit.template [405ms]
2026-09-07 09:38:23.489 [info] > git for-each-ref --format=%(refname)%00%(upstream:short)%00%(objectname)%00%(upstream:track)%00%(upstream:remotename)%00%(upstream:remoteref) --ignore-case refs/heads/main refs/remotes/main [432ms]
2026-09-07 09:38:25.086 [info] > git status -z -uall [1588ms]
2026-09-07 09:38:25.163 [info] > git for-each-ref --sort -committerdate --format %(refname)%00%(objectname)%00%(*objectname) [1653ms]
2026-09-07 09:38:31.031 [info] > git for-each-ref --format=%(refname)%00%(upstream:short)%00%(objectname)%00%(upstream:track)%00%(upstream:remotename)%00%(upstream:remoteref) --ignore-case refs/heads/main refs/remotes/main [782ms]
2026-09-07 09:38:31.133 [info] > git config --get commit.template [936ms]
2026-09-07 09:38:32.596 [info] > git status -z -uall [1451ms]
2026-09-07 09:38:32.615 [info] > git for-each-ref --sort -committerdate --format %(refname)%00%(objectname)%00%(*objectname) [1453ms]
2026-09-07 09:38:39.026 [info] > git config --get commit.template [1326ms]
2026-09-07 09:38:39.087 [info] > git for-each-ref --format=%(refname)%00%(upstream:short)%00%(objectname)%00%(upstream:track)%00%(upstream:remotename)%00%(upstream:remoteref) --ignore-case refs/heads/main refs/remotes/main [1364ms]
2026-09-07 09:38:39.636 [info] > git for-each-ref --sort -committerdate --format %(refname)%00%(objectname)%00%(*objectname) [437ms]
2026-09-07 09:38:39.760 [info] > git status -z -uall [622ms]
2026-09-07 09:38:45.230 [info] > git config --get commit.template [413ms]
2026-09-07 09:38:45.539 [info] > git for-each-ref --format=%(refname)%00%(upstream:short)%00%(objectname)%00%(upstream:track)%00%(upstream:remotename)%00%(upstream:remoteref) --ignore-case refs/heads/main refs/remotes/main [695ms]
2026-09-07 09:38:45.848 [info] > git for-each-ref --sort -committerdate --format %(refname)%00%(objectname)%00%(*objectname) [242ms]
2026-09-07 09:38:45.882 [info] > git status -z -uall [287ms]
2026-09-07 09:38:51.901 [info] > git config --get commit.template [955ms]
2026-09-07 09:38:52.230 [info] > git for-each-ref --format=%(refname)%00%(upstream:short)%00%(objectname)%00%(upstream:track)%00%(upstream:remotename)%00%(upstream:remoteref) --ignore-case refs/heads/main refs/remotes/main [1274ms]
2026-09-07 09:38:54.525 [info] > git status -z -uall [2284ms]
2026-09-07 09:38:54.526 [info] > git for-each-ref --sort -committerdate --format %(refname)%00%(objectname)%00%(*objectname) [2275ms]
2026-09-07 09:40:06.287 [info] > git config --get commit.template [917ms]
2026-09-07 09:40:06.294 [info] > git for-each-ref --format=%(refname)%00%(upstream:short)%00%(objectname)%00%(upstream:track)%00%(upstream:remotename)%00%(upstream:remoteref) --ignore-case refs/heads/main refs/remotes/main [877ms]
2026-09-07 09:40:06.992 [info] > git status -z -uall [686ms]
2026-09-07 09:40:07.021 [info] > git for-each-ref --sort -committerdate --format %(refname)%00%(objectname)%00%(*objectname) [667ms]
2026-09-07 09:40:12.642 [info] > git config --get commit.template [488ms]
2026-09-07 09:40:12.756 [info] > git for-each-ref --format=%(refname)%00%(upstream:short)%00%(objectname)%00%(upstream:track)%00%(upstream:remotename)%00%(upstream:remoteref) --ignore-case refs/heads/main refs/remotes/main [523ms]
2026-09-07 09:40:13.043 [info] > git for-each-ref --sort -committerdate --format %(refname)%00%(objectname)%00%(*objectname) [250ms]
2026-09-07 09:40:13.402 [info] > git status -z -uall [618ms]
2026-09-07 09:40:16.207 [info] > git check-ignore -v -z --stdin [720ms]
2026-09-07 09:40:17.205 [info] > git show --textconv HEAD:src/app/pages/dashboard/dashboard.css [913ms]
2026-09-07 09:40:17.292 [info] > git show --textconv :src/app/pages/dashboard/dashboard.css [1034ms]
2026-09-07 09:40:17.491 [info] > git ls-tree -l HEAD -- src/app/pages/dashboard/dashboard.css [973ms]
2026-09-07 09:40:17.552 [info] > git ls-files --stage -- src/app/pages/dashboard/dashboard.css [1063ms]
2026-09-07 09:40:17.921 [info] > git cat-file -s a144600715a28dcd011be49d73c26b028502613b [323ms]
2026-09-07 09:40:29.611 [info] > git for-each-ref --format=%(refname)%00%(upstream:short)%00%(objectname)%00%(upstream:track)%00%(upstream:remotename)%00%(upstream:remoteref) --ignore-case refs/heads/main refs/remotes/main [460ms]
2026-09-07 09:40:29.613 [info] > git config --get commit.template [527ms]
2026-09-07 09:40:30.227 [info] > git for-each-ref --sort -committerdate --format %(refname)%00%(objectname)%00%(*objectname) [593ms]
2026-09-07 09:40:30.229 [info] > git status -z -uall [606ms]
2026-09-07 09:40:30.957 [info] > git check-ignore -v -z --stdin [372ms]
2026-09-07 09:40:37.775 [info] > git for-each-ref --format=%(refname)%00%(upstream:short)%00%(objectname)%00%(upstream:track)%00%(upstream:remotename)%00%(upstream:remoteref) --ignore-case refs/heads/main refs/remotes/main [627ms]
2026-09-07 09:40:37.883 [info] > git config --get commit.template [759ms]
2026-09-07 09:40:38.251 [info] > git status -z -uall [349ms]
2026-09-07 09:40:38.253 [info] > git for-each-ref --sort -committerdate --format %(refname)%00%(objectname)%00%(*objectname) [247ms]
2026-09-07 09:40:38.868 [info] > git check-ignore -v -z --stdin [275ms]
2026-09-07 09:40:41.640 [info] > git check-ignore -v -z --stdin [950ms]
2026-09-07 09:40:44.541 [info] > git ls-files --stage -- src/app/pages/home/home.css [2719ms]
2026-09-07 09:40:45.162 [info] > git show --textconv :src/app/pages/home/home.css [3399ms]
2026-09-07 09:40:46.170 [info] > git config --get commit.template [2045ms]
2026-09-07 09:40:46.319 [info] > git for-each-ref --format=%(refname)%00%(upstream:short)%00%(objectname)%00%(upstream:track)%00%(upstream:remotename)%00%(upstream:remoteref) --ignore-case refs/heads/main refs/remotes/main [1983ms]
2026-09-07 09:40:46.464 [info] > git cat-file -s 7049023d54bba3b3990c08aeeae2e67d915e2c64 [1906ms]
2026-09-07 09:40:47.050 [info] > git for-each-ref --sort -committerdate --format %(refname)%00%(objectname)%00%(*objectname) [588ms]
2026-09-07 09:40:47.068 [info] > git status -z -uall [727ms]
2026-09-07 09:40:47.364 [info] > git blame --root --incremental dbbda1c4c23e9846e2fabe3705b9b8ba825339b6 -- src/app/pages/home/home.css [801ms]
2026-09-07 09:40:48.393 [info] > git check-ignore -v -z --stdin [863ms]
2026-09-07 09:40:52.834 [info] > git config --get commit.template [654ms]
2026-09-07 09:40:53.166 [info] > git for-each-ref --format=%(refname)%00%(upstream:short)%00%(objectname)%00%(upstream:track)%00%(upstream:remotename)%00%(upstream:remoteref) --ignore-case refs/heads/main refs/remotes/main [783ms]
2026-09-07 09:40:54.408 [info] > git for-each-ref --sort -committerdate --format %(refname)%00%(objectname)%00%(*objectname) [1122ms]
2026-09-07 09:40:54.416 [info] > git status -z -uall [1146ms]
2026-09-07 09:40:55.109 [info] > git check-ignore -v -z --stdin [302ms]
2026-09-07 09:41:00.242 [info] > git config --get commit.template [793ms]
2026-09-07 09:41:00.297 [info] > git for-each-ref --format=%(refname)%00%(upstream:short)%00%(objectname)%00%(upstream:track)%00%(upstream:remotename)%00%(upstream:remoteref) --ignore-case refs/heads/main refs/remotes/main [841ms]
2026-09-07 09:41:00.972 [info] > git for-each-ref --sort -committerdate --format %(refname)%00%(objectname)%00%(*objectname) [648ms]
2026-09-07 09:41:00.977 [info] > git status -z -uall [667ms]
2026-09-07 09:41:01.795 [info] > git check-ignore -v -z --stdin [487ms]
2026-09-07 09:41:06.773 [info] > git for-each-ref --format=%(refname)%00%(upstream:short)%00%(objectname)%00%(upstream:track)%00%(upstream:remotename)%00%(upstream:remoteref) --ignore-case refs/heads/main refs/remotes/main [733ms]
2026-09-07 09:41:06.778 [info] > git config --get commit.template [748ms]
2026-09-07 09:41:07.484 [info] > git status -z -uall [699ms]
2026-09-07 09:41:07.506 [info] > git for-each-ref --sort -committerdate --format %(refname)%00%(objectname)%00%(*objectname) [711ms]
2026-09-07 09:41:08.180 [info] > git check-ignore -v -z --stdin [296ms]
2026-09-07 09:41:12.941 [info] > git for-each-ref --format=%(refname)%00%(upstream:short)%00%(objectname)%00%(upstream:track)%00%(upstream:remotename)%00%(upstream:remoteref) --ignore-case refs/heads/main refs/remotes/main [349ms]
2026-09-07 09:41:12.942 [info] > git config --get commit.template [376ms]
2026-09-07 09:41:13.303 [info] > git status -z -uall [343ms]
2026-09-07 09:41:13.350 [info] > git for-each-ref --sort -committerdate --format %(refname)%00%(objectname)%00%(*objectname) [379ms]
2026-09-07 09:41:19.888 [info] > git check-ignore -v -z --stdin [685ms]
2026-09-07 09:41:20.627 [info] > git check-ignore -v -z --stdin [644ms]
2026-09-07 09:41:26.711 [info] > git for-each-ref --format=%(refname)%00%(upstream:short)%00%(objectname)%00%(upstream:track)%00%(upstream:remotename)%00%(upstream:remoteref) --ignore-case refs/heads/main refs/remotes/main [1941ms]
2026-09-07 09:41:26.714 [info] > git config --get commit.template [2152ms]
2026-09-07 09:41:27.267 [info] > git check-ignore -v -z --stdin [2684ms]
2026-09-07 09:41:28.112 [info] > git status -z -uall [1294ms]
2026-09-07 09:41:28.129 [info] > git for-each-ref --sort -committerdate --format %(refname)%00%(objectname)%00%(*objectname) [1290ms]
2026-09-07 09:41:29.090 [info] > git check-ignore -v -z --stdin [967ms]
2026-09-07 09:41:29.799 [info] > git check-ignore -v -z --stdin [684ms]
2026-09-07 09:41:30.369 [info] > git check-ignore -v -z --stdin [506ms]
2026-09-07 09:41:33.594 [info] > git config --get commit.template [342ms]
2026-09-07 09:41:33.603 [info] > git for-each-ref --format=%(refname)%00%(upstream:short)%00%(objectname)%00%(upstream:track)%00%(upstream:remotename)%00%(upstream:remoteref) --ignore-case refs/heads/main refs/remotes/main [318ms]
2026-09-07 09:41:34.369 [info] > git status -z -uall [753ms]
2026-09-07 09:41:34.798 [info] > git for-each-ref --sort -committerdate --format %(refname)%00%(objectname)%00%(*objectname) [1170ms]
2026-09-07 09:41:36.860 [info] > git check-ignore -v -z --stdin [818ms]
2026-09-07 09:41:45.043 [info] > git config --get commit.template [376ms]
2026-09-07 09:41:45.102 [info] > git for-each-ref --format=%(refname)%00%(upstream:short)%00%(objectname)%00%(upstream:track)%00%(upstream:remotename)%00%(upstream:remoteref) --ignore-case refs/heads/main refs/remotes/main [348ms]
2026-09-07 09:41:45.364 [info] > git status -z -uall [254ms]
2026-09-07 09:41:45.384 [info] > git for-each-ref --sort -committerdate --format %(refname)%00%(objectname)%00%(*objectname) [207ms]
2026-09-07 09:41:45.901 [info] > git check-ignore -v -z --stdin [178ms]
2026-09-07 09:41:51.215 [info] > git config --get commit.template [398ms]
2026-09-07 09:41:51.264 [info] > git for-each-ref --format=%(refname)%00%(upstream:short)%00%(objectname)%00%(upstream:track)%00%(upstream:remotename)%00%(upstream:remoteref) --ignore-case refs/heads/main refs/remotes/main [437ms]
2026-09-07 09:41:51.717 [info] > git status -z -uall [394ms]
2026-09-07 09:41:51.788 [info] > git for-each-ref --sort -committerdate --format %(refname)%00%(objectname)%00%(*objectname) [420ms]
2026-09-07 09:41:52.477 [info] > git check-ignore -v -z --stdin [327ms]
2026-09-07 09:41:57.274 [info] > git for-each-ref --format=%(refname)%00%(upstream:short)%00%(objectname)%00%(upstream:track)%00%(upstream:remotename)%00%(upstream:remoteref) --ignore-case refs/heads/main refs/remotes/main [446ms]
2026-09-07 09:41:57.282 [info] > git config --get commit.template [462ms]
2026-09-07 09:41:57.556 [info] > git status -z -uall [266ms]
2026-09-07 09:41:57.559 [info] > git for-each-ref --sort -committerdate --format %(refname)%00%(objectname)%00%(*objectname) [259ms]
2026-09-07 09:41:58.136 [info] > git check-ignore -v -z --stdin [238ms]
2026-09-07 09:42:02.825 [info] > git config --get commit.template [230ms]
2026-09-07 09:42:02.845 [info] > git for-each-ref --format=%(refname)%00%(upstream:short)%00%(objectname)%00%(upstream:track)%00%(upstream:remotename)%00%(upstream:remoteref) --ignore-case refs/heads/main refs/remotes/main [243ms]
2026-09-07 09:42:03.206 [info] > git status -z -uall [352ms]
2026-09-07 09:42:03.214 [info] > git for-each-ref --sort -committerdate --format %(refname)%00%(objectname)%00%(*objectname) [353ms]
2026-09-07 09:42:04.248 [info] > git check-ignore -v -z --stdin [617ms]
2026-09-07 09:42:07.266 [info] > git check-ignore -v -z --stdin [652ms]
2026-09-07 09:42:07.907 [info] > git show --textconv :src/app/pages/dashboard/dashboard.css [606ms]
2026-09-07 09:42:08.017 [info] > git ls-files --stage -- src/app/pages/dashboard/dashboard.css [681ms]
2026-09-07 09:42:08.028 [info] > git show --textconv HEAD:src/app/pages/dashboard/dashboard.css [710ms]
2026-09-07 09:42:08.058 [info] > git ls-tree -l HEAD -- src/app/pages/dashboard/dashboard.css [699ms]
2026-09-07 09:42:08.344 [info] > git cat-file -s a144600715a28dcd011be49d73c26b028502613b [319ms]
2026-09-07 09:42:10.404 [info] > git check-ignore -v -z --stdin [822ms]
2026-09-07 09:42:11.037 [info] > git ls-files --stage -- src/app/pages/home/home.html [449ms]
2026-09-07 09:42:11.156 [info] > git config --get commit.template [806ms]
2026-09-07 09:42:11.295 [info] > git for-each-ref --format=%(refname)%00%(upstream:short)%00%(objectname)%00%(upstream:track)%00%(upstream:remotename)%00%(upstream:remoteref) --ignore-case refs/heads/main refs/remotes/main [925ms]
2026-09-07 09:42:11.538 [info] > git show --textconv :src/app/pages/home/home.html [1036ms]
2026-09-07 09:42:11.733 [info] > git cat-file -s 3c9ce537488dea4ca6ba3a59a4d96e7a00089aa1 [640ms]
2026-09-07 09:42:12.037 [info] > git status -z -uall [698ms]
2026-09-07 09:42:12.076 [info] > git for-each-ref --sort -committerdate --format %(refname)%00%(objectname)%00%(*objectname) [722ms]
2026-09-07 09:42:12.964 [info] > git check-ignore -v -z --stdin [514ms]
2026-09-07 09:42:14.579 [info] > git check-ignore -v -z --stdin [231ms]
2026-09-07 09:42:15.036 [info] > git check-ignore -v -z --stdin [225ms]
2026-09-07 09:42:16.390 [info] > git check-ignore -v -z --stdin [703ms]
2026-09-07 09:42:17.181 [info] > git check-ignore -v -z --stdin [750ms]
2026-09-07 09:42:17.497 [info] > git check-ignore -v -z --stdin [267ms]
2026-09-07 09:42:19.927 [info] > git check-ignore -v -z --stdin [1161ms]
2026-09-07 09:42:20.571 [info] > git check-ignore -v -z --stdin [598ms]
2026-09-07 09:42:21.997 [info] > git check-ignore -v -z --stdin [412ms]
2026-09-07 09:42:22.748 [info] > git for-each-ref --format=%(refname)%00%(upstream:short)%00%(objectname)%00%(upstream:track)%00%(upstream:remotename)%00%(upstream:remoteref) --ignore-case refs/heads/main refs/remotes/main [550ms]
2026-09-07 09:42:22.793 [info] > git config --get commit.template [609ms]
2026-09-07 09:42:23.545 [info] > git for-each-ref --sort -committerdate --format %(refname)%00%(objectname)%00%(*objectname) [728ms]
2026-09-07 09:42:23.552 [info] > git status -z -uall [750ms]
2026-09-07 09:42:24.329 [info] > git check-ignore -v -z --stdin [431ms]
2026-09-07 09:42:29.676 [info] > git config --get commit.template [1006ms]
2026-09-07 09:42:29.681 [info] > git for-each-ref --format=%(refname)%00%(upstream:short)%00%(objectname)%00%(upstream:track)%00%(upstream:remotename)%00%(upstream:remoteref) --ignore-case refs/heads/main refs/remotes/main [980ms]
2026-09-07 09:42:29.732 [info] > git check-ignore -v -z --stdin [756ms]
2026-09-07 09:42:30.013 [info] > git for-each-ref --sort -committerdate --format %(refname)%00%(objectname)%00%(*objectname) [314ms]
2026-09-07 09:42:30.276 [info] > git status -z -uall [588ms]
2026-09-07 09:42:30.922 [info] > git check-ignore -v -z --stdin [246ms]
2026-09-07 09:42:31.746 [info] > git check-ignore -v -z --stdin [202ms]
2026-09-07 09:42:32.012 [info] > git check-ignore -v -z --stdin [239ms]
2026-09-07 09:42:33.612 [info] > git check-ignore -v -z --stdin [837ms]
2026-09-07 09:42:36.470 [info] > git config --get commit.template [1160ms]
2026-09-07 09:42:36.491 [info] > git for-each-ref --format=%(refname)%00%(upstream:short)%00%(objectname)%00%(upstream:track)%00%(upstream:remotename)%00%(upstream:remoteref) --ignore-case refs/heads/main refs/remotes/main [1082ms]
2026-09-07 09:42:36.777 [info] > git for-each-ref --sort -committerdate --format %(refname)%00%(objectname)%00%(*objectname) [262ms]
2026-09-07 09:42:36.782 [info] > git status -z -uall [279ms]
2026-09-07 09:42:37.306 [info] > git check-ignore -v -z --stdin [161ms]
2026-09-07 09:42:38.644 [info] > git check-ignore -v -z --stdin [211ms]
2026-09-07 09:42:39.624 [info] > git check-ignore -v -z --stdin [357ms]
2026-09-07 09:42:44.077 [info] > git config --get commit.template [2028ms]
2026-09-07 09:42:44.446 [info] > git check-ignore -v -z --stdin [2285ms]
2026-09-07 09:42:44.600 [info] > git for-each-ref --format=%(refname)%00%(upstream:short)%00%(objectname)%00%(upstream:track)%00%(upstream:remotename)%00%(upstream:remoteref) --ignore-case refs/heads/main refs/remotes/main [2375ms]
2026-09-07 09:42:45.926 [info] > git for-each-ref --sort -committerdate --format %(refname)%00%(objectname)%00%(*objectname) [1293ms]
2026-09-07 09:42:46.031 [info] > git check-ignore -v -z --stdin [1532ms]
2026-09-07 09:42:46.386 [info] > git status -z -uall [1777ms]
2026-09-07 09:42:46.875 [info] > git check-ignore -v -z --stdin [806ms]
2026-09-07 09:42:47.630 [info] > git check-ignore -v -z --stdin [699ms]
2026-09-07 09:42:48.861 [info] > git check-ignore -v -z --stdin [983ms]
2026-09-07 09:42:50.296 [info] > git check-ignore -v -z --stdin [861ms]
2026-09-07 09:42:51.971 [info] > git for-each-ref --format=%(refname)%00%(upstream:short)%00%(objectname)%00%(upstream:track)%00%(upstream:remotename)%00%(upstream:remoteref) --ignore-case refs/heads/main refs/remotes/main [490ms]
2026-09-07 09:42:51.976 [info] > git config --get commit.template [509ms]
2026-09-07 09:42:52.413 [info] > git for-each-ref --sort -committerdate --format %(refname)%00%(objectname)%00%(*objectname) [418ms]
2026-09-07 09:42:52.667 [info] > git status -z -uall [683ms]
2026-09-07 09:42:53.378 [info] > git check-ignore -v -z --stdin [212ms]
2026-09-07 09:42:55.164 [info] > git check-ignore -v -z --stdin [1076ms]
2026-09-07 09:42:58.225 [info] > git config --get commit.template [512ms]
2026-09-07 09:42:58.235 [info] > git for-each-ref --format=%(refname)%00%(upstream:short)%00%(objectname)%00%(upstream:track)%00%(upstream:remotename)%00%(upstream:remoteref) --ignore-case refs/heads/main refs/remotes/main [459ms]
2026-09-07 09:42:58.928 [info] > git for-each-ref --sort -committerdate --format %(refname)%00%(objectname)%00%(*objectname) [674ms]
2026-09-07 09:42:58.937 [info] > git status -z -uall [691ms]
2026-09-07 09:43:00.170 [info] > git check-ignore -v -z --stdin [876ms]
2026-09-07 09:43:00.427 [info] > git check-ignore -v -z --stdin [216ms]
2026-09-07 09:43:01.909 [info] > git check-ignore -v -z --stdin [216ms]
2026-09-07 09:43:04.182 [info] > git config --get commit.template [199ms]
2026-09-07 09:43:04.189 [info] > git for-each-ref --format=%(refname)%00%(upstream:short)%00%(objectname)%00%(upstream:track)%00%(upstream:remotename)%00%(upstream:remoteref) --ignore-case refs/heads/main refs/remotes/main [182ms]
2026-09-07 09:43:04.469 [info] > git for-each-ref --sort -committerdate --format %(refname)%00%(objectname)%00%(*objectname) [262ms]
2026-09-07 09:43:04.477 [info] > git status -z -uall [280ms]
2026-09-07 09:43:49.361 [info] > git for-each-ref --format=%(refname)%00%(upstream:short)%00%(objectname)%00%(upstream:track)%00%(upstream:remotename)%00%(upstream:remoteref) --ignore-case refs/heads/main refs/remotes/main [6733ms]
2026-09-07 09:43:49.374 [info] > git config --get commit.template [6843ms]
2026-09-07 09:43:49.644 [info] > git check-ignore -v -z --stdin [6799ms]
2026-09-07 09:43:50.161 [info] > git status -z -uall [760ms]
2026-09-07 09:43:50.180 [info] > git for-each-ref --sort -committerdate --format %(refname)%00%(objectname)%00%(*objectname) [649ms]
2026-09-07 09:43:51.789 [info] > git check-ignore -v -z --stdin [664ms]
2026-09-07 09:45:22.079 [info] > git config --get commit.template [1769ms]
2026-09-07 09:45:22.273 [info] > git for-each-ref --format=%(refname)%00%(upstream:short)%00%(objectname)%00%(upstream:track)%00%(upstream:remotename)%00%(upstream:remoteref) --ignore-case refs/heads/main refs/remotes/main [1908ms]
2026-09-07 09:45:22.792 [info] > git for-each-ref --sort -committerdate --format %(refname)%00%(objectname)%00%(*objectname) [415ms]
2026-09-07 09:45:23.372 [info] > git status -z -uall [1016ms]
2026-09-07 09:45:29.607 [info] > git config --get commit.template [1112ms]
2026-09-07 09:45:29.764 [info] > git for-each-ref --format=%(refname)%00%(upstream:short)%00%(objectname)%00%(upstream:track)%00%(upstream:remotename)%00%(upstream:remoteref) --ignore-case refs/heads/main refs/remotes/main [1249ms]
2026-09-07 09:45:29.834 [info] > git check-ignore -v -z --stdin [1023ms]
2026-09-07 09:45:30.904 [info] > git for-each-ref --sort -committerdate --format %(refname)%00%(objectname)%00%(*objectname) [1119ms]
2026-09-07 09:45:30.905 [info] > git status -z -uall [1130ms]
2026-09-07 09:45:31.140 [info] > git check-ignore -v -z --stdin [1271ms]
2026-09-07 09:45:32.911 [info] > git check-ignore -v -z --stdin [1655ms]
2026-09-07 09:45:51.396 [info] > git check-ignore -v -z --stdin [2345ms]
2026-09-07 09:45:52.170 [info] > git ls-files --stage -- src/app/pages/home/home.ts [624ms]
2026-09-07 09:45:52.274 [info] > git show --textconv :src/app/pages/home/home.ts [826ms]
2026-09-07 09:45:52.804 [info] > git cat-file -s 6c2c50a73e8f78babfaf3d84a1828f9d2e31836c [613ms]
2026-09-07 09:45:55.204 [info] > git check-ignore -v -z --stdin [283ms]
2026-09-07 09:45:57.791 [info] > git config --get commit.template [852ms]
2026-09-07 09:45:58.039 [info] > git for-each-ref --format=%(refname)%00%(upstream:short)%00%(objectname)%00%(upstream:track)%00%(upstream:remotename)%00%(upstream:remoteref) --ignore-case refs/heads/main refs/remotes/main [1051ms]
2026-09-07 09:45:59.994 [info] > git for-each-ref --sort -committerdate --format %(refname)%00%(objectname)%00%(*objectname) [1935ms]
2026-09-07 09:46:02.567 [info] > git status -z -uall [4516ms]
2026-09-07 09:46:02.648 [info] > git check-ignore -v -z --stdin [198ms]
2026-09-07 09:46:05.603 [info] > git check-ignore -v -z --stdin [1004ms]
2026-09-07 09:46:06.278 [info] > git check-ignore -v -z --stdin [604ms]
2026-09-07 09:46:08.985 [info] > git check-ignore -v -z --stdin [2548ms]
2026-09-07 09:46:11.904 [info] > git config --get commit.template [2949ms]
2026-09-07 09:46:12.063 [info] > git for-each-ref --format=%(refname)%00%(upstream:short)%00%(objectname)%00%(upstream:track)%00%(upstream:remotename)%00%(upstream:remoteref) --ignore-case refs/heads/main refs/remotes/main [1873ms]
2026-09-07 09:46:12.199 [info] > git check-ignore -v -z --stdin [1356ms]
2026-09-07 09:46:16.869 [info] > git status -z -uall [4787ms]
2026-09-07 09:46:17.098 [info] > git for-each-ref --sort -committerdate --format %(refname)%00%(objectname)%00%(*objectname) [4990ms]
2026-09-07 09:46:19.822 [info] > git check-ignore -v -z --stdin [1435ms]
2026-09-07 09:46:20.500 [info] > git check-ignore -v -z --stdin [454ms]
2026-09-07 09:46:20.797 [info] > git check-ignore -v -z --stdin [233ms]
2026-09-07 09:46:23.198 [info] > git config --get commit.template [233ms]
2026-09-07 09:46:23.205 [info] > git for-each-ref --format=%(refname)%00%(upstream:short)%00%(objectname)%00%(upstream:track)%00%(upstream:remotename)%00%(upstream:remoteref) --ignore-case refs/heads/main refs/remotes/main [229ms]
2026-09-07 09:46:23.516 [info] > git for-each-ref --sort -committerdate --format %(refname)%00%(objectname)%00%(*objectname) [291ms]
2026-09-07 09:46:23.554 [info] > git status -z -uall [339ms]
2026-09-07 09:46:24.067 [info] > git check-ignore -v -z --stdin [176ms]
2026-09-07 09:46:38.835 [info] > git check-ignore -v -z --stdin [1316ms]
2026-09-07 09:46:39.908 [info] > git ls-files --stage -- src/app/app.routes.ts [747ms]
2026-09-07 09:46:40.048 [info] > git show --textconv :src/app/app.routes.ts [1058ms]
2026-09-07 09:46:40.238 [info] > git cat-file -s 665480c16489a5c6f8407c8764cece2189754f6f [257ms]
2026-09-07 09:46:43.315 [info] > git check-ignore -v -z --stdin [430ms]
2026-09-07 09:46:43.820 [info] > git show --textconv :src/app/pages/home/home.ts [452ms]
2026-09-07 09:46:43.858 [info] > git ls-files --stage -- src/app/pages/home/home.ts [443ms]
2026-09-07 09:46:44.197 [info] > git cat-file -s 6c2c50a73e8f78babfaf3d84a1828f9d2e31836c [323ms]
2026-09-07 09:46:52.466 [info] > git config --get commit.template [1814ms]
2026-09-07 09:46:52.664 [info] > git for-each-ref --format=%(refname)%00%(upstream:short)%00%(objectname)%00%(upstream:track)%00%(upstream:remotename)%00%(upstream:remoteref) --ignore-case refs/heads/main refs/remotes/main [1787ms]
2026-09-07 09:46:52.938 [info] > git status -z -uall [265ms]
2026-09-07 09:46:52.940 [info] > git for-each-ref --sort -committerdate --format %(refname)%00%(objectname)%00%(*objectname) [258ms]
2026-09-07 09:46:53.978 [info] > git check-ignore -v -z --stdin [454ms]
2026-09-07 09:46:56.994 [info] > git check-ignore -v -z --stdin [344ms]
2026-09-07 09:46:57.366 [info] > git ls-files --stage -- src/app/pages/home/home.html [344ms]
2026-09-07 09:46:57.405 [info] > git show --textconv :src/app/pages/home/home.html [393ms]
2026-09-07 09:46:57.571 [info] > git cat-file -s 3c9ce537488dea4ca6ba3a59a4d96e7a00089aa1 [197ms]
2026-09-07 09:47:01.739 [info] > git check-ignore -v -z --stdin [236ms]
2026-09-07 09:47:29.484 [info] > git for-each-ref --format=%(refname)%00%(upstream:short)%00%(objectname)%00%(upstream:track)%00%(upstream:remotename)%00%(upstream:remoteref) --ignore-case refs/heads/main refs/remotes/main [1404ms]
2026-09-07 09:47:29.494 [info] > git config --get commit.template [1427ms]
2026-09-07 09:47:30.008 [info] > git for-each-ref --sort -committerdate --format %(refname)%00%(objectname)%00%(*objectname) [490ms]
2026-09-07 09:47:30.063 [info] > git status -z -uall [561ms]
2026-09-07 09:47:30.757 [info] > git check-ignore -v -z --stdin [335ms]
2026-09-07 09:47:34.165 [info] > git check-ignore -v -z --stdin [248ms]
2026-09-07 09:47:34.542 [info] > git check-ignore -v -z --stdin [289ms]
2026-09-07 09:47:34.996 [info] > git check-ignore -v -z --stdin [345ms]
2026-09-07 09:47:35.580 [info] > git check-ignore -v -z --stdin [557ms]
2026-09-07 09:47:35.615 [info] > git config --get commit.template [517ms]
2026-09-07 09:47:35.654 [info] > git for-each-ref --format=%(refname)%00%(upstream:short)%00%(objectname)%00%(upstream:track)%00%(upstream:remotename)%00%(upstream:remoteref) --ignore-case refs/heads/main refs/remotes/main [501ms]
2026-09-07 09:47:36.678 [info] > git check-ignore -v -z --stdin [1064ms]
2026-09-07 09:47:36.714 [info] > git status -z -uall [1036ms]
2026-09-07 09:47:36.962 [info] > git for-each-ref --sort -committerdate --format %(refname)%00%(objectname)%00%(*objectname) [1233ms]
2026-09-07 09:47:37.450 [info] > git check-ignore -v -z --stdin [699ms]
2026-09-07 09:47:38.168 [info] > git check-ignore -v -z --stdin [695ms]
2026-09-07 09:47:39.109 [info] > git check-ignore -v -z --stdin [243ms]
2026-09-07 09:47:39.864 [info] > git check-ignore -v -z --stdin [609ms]
2026-09-07 09:47:40.185 [info] > git check-ignore -v -z --stdin [254ms]
2026-09-07 09:47:40.930 [info] > git check-ignore -v -z --stdin [720ms]
2026-09-07 09:47:41.603 [info] > git check-ignore -v -z --stdin [615ms]
2026-09-07 09:47:42.979 [info] > git config --get commit.template [911ms]
2026-09-07 09:47:43.049 [info] > git for-each-ref --format=%(refname)%00%(upstream:short)%00%(objectname)%00%(upstream:track)%00%(upstream:remotename)%00%(upstream:remoteref) --ignore-case refs/heads/main refs/remotes/main [816ms]
2026-09-07 09:47:45.794 [info] > git status -z -uall [2732ms]
2026-09-07 09:47:45.817 [info] > git for-each-ref --sort -committerdate --format %(refname)%00%(objectname)%00%(*objectname) [2714ms]
2026-09-07 09:47:46.742 [info] > git check-ignore -v -z --stdin [2781ms]
2026-09-07 09:47:51.419 [info] > git show --textconv :src/app/pages/dashboard/dashboard.css [4209ms]
2026-09-07 09:47:51.734 [info] > git ls-tree -l HEAD -- src/app/pages/dashboard/dashboard.css [3789ms]
2026-09-07 09:47:51.773 [info] > git show --textconv HEAD:src/app/pages/dashboard/dashboard.css [4181ms]
2026-09-07 09:47:51.789 [info] > git ls-files --stage -- src/app/pages/dashboard/dashboard.css [3858ms]
2026-09-07 09:47:52.736 [info] > git config --get commit.template [952ms]
2026-09-07 09:47:52.794 [info] > git check-ignore -v -z --stdin [2690ms]
2026-09-07 09:47:52.902 [info] > git for-each-ref --format=%(refname)%00%(upstream:short)%00%(objectname)%00%(upstream:track)%00%(upstream:remotename)%00%(upstream:remoteref) --ignore-case refs/heads/main refs/remotes/main [1085ms]
2026-09-07 09:47:53.053 [info] > git cat-file -s a144600715a28dcd011be49d73c26b028502613b [1255ms]
2026-09-07 09:47:54.690 [info] > git show --textconv :src/app/pages/home/home.css [1868ms]
2026-09-07 09:47:54.690 [info] > git status -z -uall [1775ms]
2026-09-07 09:47:54.693 [info] > git for-each-ref --sort -committerdate --format %(refname)%00%(objectname)%00%(*objectname) [1739ms]
2026-09-07 09:47:54.768 [info] > git ls-files --stage -- src/app/pages/home/home.css [1930ms]
2026-09-07 09:47:55.404 [info] > git cat-file -s 7049023d54bba3b3990c08aeeae2e67d915e2c64 [624ms]
2026-09-07 09:47:56.086 [info] > git check-ignore -v -z --stdin [586ms]
2026-09-07 09:47:58.164 [info] > git check-ignore -v -z --stdin [1910ms]
2026-09-07 09:48:01.830 [info] > git config --get commit.template [2030ms]
2026-09-07 09:48:02.279 [info] > git for-each-ref --format=%(refname)%00%(upstream:short)%00%(objectname)%00%(upstream:track)%00%(upstream:remotename)%00%(upstream:remoteref) --ignore-case refs/heads/main refs/remotes/main [2178ms]
2026-09-07 09:48:02.644 [info] > git check-ignore -v -z --stdin [1932ms]
2026-09-07 09:48:03.785 [info] > git for-each-ref --sort -committerdate --format %(refname)%00%(objectname)%00%(*objectname) [1354ms]
2026-09-07 09:48:03.819 [info] > git status -z -uall [1506ms]
2026-09-07 09:48:04.091 [info] > git check-ignore -v -z --stdin [1364ms]
2026-09-07 09:48:05.133 [info] > git check-ignore -v -z --stdin [937ms]
2026-09-07 09:48:09.792 [info] > git for-each-ref --format=%(refname)%00%(upstream:short)%00%(objectname)%00%(upstream:track)%00%(upstream:remotename)%00%(upstream:remoteref) --ignore-case refs/heads/main refs/remotes/main [925ms]
2026-09-07 09:48:09.820 [info] > git config --get commit.template [967ms]
2026-09-07 09:48:10.763 [info] > git for-each-ref --sort -committerdate --format %(refname)%00%(objectname)%00%(*objectname) [920ms]
2026-09-07 09:48:10.775 [info] > git status -z -uall [944ms]
2026-09-07 09:48:13.414 [info] > git check-ignore -v -z --stdin [1613ms]
2026-09-07 09:48:24.273 [info] > git config --get commit.template [472ms]
2026-09-07 09:48:24.273 [info] > git for-each-ref --format=%(refname)%00%(upstream:short)%00%(objectname)%00%(upstream:track)%00%(upstream:remotename)%00%(upstream:remoteref) --ignore-case refs/heads/main refs/remotes/main [423ms]
2026-09-07 09:48:24.580 [info] > git status -z -uall [289ms]
2026-09-07 09:48:24.581 [info] > git for-each-ref --sort -committerdate --format %(refname)%00%(objectname)%00%(*objectname) [282ms]
2026-09-07 09:48:25.515 [info] > git check-ignore -v -z --stdin [520ms]
2026-09-07 09:48:26.257 [info] > git check-ignore -v -z --stdin [290ms]
2026-09-07 09:48:26.614 [info] > git check-ignore -v -z --stdin [283ms]
2026-09-07 09:48:28.818 [info] > git check-ignore -v -z --stdin [516ms]
2026-09-07 09:48:29.436 [info] > git check-ignore -v -z --stdin [199ms]
2026-09-07 09:48:30.212 [info] > git for-each-ref --format=%(refname)%00%(upstream:short)%00%(objectname)%00%(upstream:track)%00%(upstream:remotename)%00%(upstream:remoteref) --ignore-case refs/heads/main refs/remotes/main [597ms]
2026-09-07 09:48:30.263 [info] > git config --get commit.template [660ms]
2026-09-07 09:48:30.663 [info] > git for-each-ref --sort -committerdate --format %(refname)%00%(objectname)%00%(*objectname) [333ms]
2026-09-07 09:48:30.972 [info] > git status -z -uall [669ms]
2026-09-07 09:48:31.680 [info] > git check-ignore -v -z --stdin [347ms]
2026-09-07 09:48:33.357 [info] > git check-ignore -v -z --stdin [918ms]
2026-09-07 09:48:33.748 [info] > git ls-files --stage -- src/app/pages/home/home.html [362ms]
2026-09-07 09:48:33.761 [info] > git show --textconv :src/app/pages/home/home.html [387ms]
2026-09-07 09:48:34.035 [info] > git cat-file -s 3c9ce537488dea4ca6ba3a59a4d96e7a00089aa1 [278ms]
2026-09-07 09:48:34.348 [info] > git check-ignore -v -z --stdin [253ms]
2026-09-07 09:48:35.083 [info] > git check-ignore -v -z --stdin [423ms]
2026-09-07 09:48:35.467 [info] > git check-ignore -v -z --stdin [348ms]
2026-09-07 09:48:35.853 [info] > git check-ignore -v -z --stdin [346ms]
2026-09-07 09:48:36.454 [info] > git config --get commit.template [442ms]
2026-09-07 09:48:36.464 [info] > git for-each-ref --format=%(refname)%00%(upstream:short)%00%(objectname)%00%(upstream:track)%00%(upstream:remotename)%00%(upstream:remoteref) --ignore-case refs/heads/main refs/remotes/main [442ms]
2026-09-07 09:48:38.095 [info] > git for-each-ref --sort -committerdate --format %(refname)%00%(objectname)%00%(*objectname) [1612ms]
2026-09-07 09:48:38.112 [info] > git status -z -uall [1639ms]
2026-09-07 09:48:38.904 [info] > git check-ignore -v -z --stdin [426ms]
2026-09-07 09:48:42.746 [info] > git check-ignore -v -z --stdin [264ms]
2026-09-07 09:48:44.506 [info] > git for-each-ref --format=%(refname)%00%(upstream:short)%00%(objectname)%00%(upstream:track)%00%(upstream:remotename)%00%(upstream:remoteref) --ignore-case refs/heads/main refs/remotes/main [1323ms]
2026-09-07 09:48:44.507 [info] > git check-ignore -v -z --stdin [1295ms]
2026-09-07 09:48:44.633 [info] > git config --get commit.template [1459ms]
2026-09-07 09:48:45.166 [info] > git status -z -uall [524ms]
2026-09-07 09:48:45.189 [info] > git check-ignore -v -z --stdin [637ms]
2026-09-07 09:48:45.319 [info] > git for-each-ref --sort -committerdate --format %(refname)%00%(objectname)%00%(*objectname) [651ms]
2026-09-07 09:48:45.561 [info] > git check-ignore -v -z --stdin [345ms]
2026-09-07 09:48:45.876 [info] > git check-ignore -v -z --stdin [216ms]
2026-09-07 09:48:51.212 [info] > git check-ignore -v -z --stdin [2043ms]
2026-09-07 09:48:51.334 [info] > git config --get commit.template [972ms]
2026-09-07 09:48:51.352 [info] > git for-each-ref --format=%(refname)%00%(upstream:short)%00%(objectname)%00%(upstream:track)%00%(upstream:remotename)%00%(upstream:remoteref) --ignore-case refs/heads/main refs/remotes/main [975ms]
2026-09-07 09:48:52.347 [info] > git for-each-ref --sort -committerdate --format %(refname)%00%(objectname)%00%(*objectname) [976ms]
2026-09-07 09:48:53.431 [info] > git status -z -uall [2068ms]
2026-09-07 09:48:54.184 [info] > git check-ignore -v -z --stdin [2072ms]
2026-09-07 09:48:55.614 [info] > git show --textconv :src/app/pages/home/home.css [1355ms]
2026-09-07 09:48:55.806 [info] > git ls-files --stage -- src/app/pages/home/home.css [1397ms]
2026-09-07 09:48:56.626 [info] > git cat-file -s 7049023d54bba3b3990c08aeeae2e67d915e2c64 [809ms]
2026-09-07 09:48:57.616 [info] > git check-ignore -v -z --stdin [414ms]
2026-09-07 09:48:57.984 [info] > git show --textconv :src/app/pages/home/home.ts [319ms]
2026-09-07 09:48:58.268 [info] > git ls-files --stage -- src/app/pages/home/home.ts [584ms]
2026-09-07 09:48:58.557 [info] > git cat-file -s 6c2c50a73e8f78babfaf3d84a1828f9d2e31836c [276ms]
2026-09-07 09:48:58.825 [info] > git for-each-ref --format=%(refname)%00%(upstream:short)%00%(objectname)%00%(upstream:track)%00%(upstream:remotename)%00%(upstream:remoteref) --ignore-case refs/heads/main refs/remotes/main [358ms]
2026-09-07 09:48:58.842 [info] > git config --get commit.template [383ms]
2026-09-07 09:48:59.798 [info] > git status -z -uall [947ms]
2026-09-07 09:48:59.885 [info] > git for-each-ref --sort -committerdate --format %(refname)%00%(objectname)%00%(*objectname) [1024ms]
2026-09-07 09:49:00.896 [info] > git check-ignore -v -z --stdin [636ms]
2026-09-07 09:49:05.438 [info] > git config --get commit.template [512ms]
2026-09-07 09:49:05.529 [info] > git for-each-ref --format=%(refname)%00%(upstream:short)%00%(objectname)%00%(upstream:track)%00%(upstream:remotename)%00%(upstream:remoteref) --ignore-case refs/heads/main refs/remotes/main [572ms]
2026-09-07 09:49:05.887 [info] > git status -z -uall [348ms]
2026-09-07 09:49:06.021 [info] > git for-each-ref --sort -committerdate --format %(refname)%00%(objectname)%00%(*objectname) [470ms]
2026-09-07 09:49:07.243 [info] > git check-ignore -v -z --stdin [310ms]
2026-09-07 09:49:18.225 [info] > git check-ignore -v -z --stdin [1220ms]
2026-09-07 09:49:18.428 [info] > git ls-files --stage -- src/app/pages/home/home.html [179ms]
2026-09-07 09:49:18.455 [info] > git show --textconv :src/app/pages/home/home.html [216ms]
2026-09-07 09:49:18.633 [info] > git cat-file -s 3c9ce537488dea4ca6ba3a59a4d96e7a00089aa1 [180ms]
2026-09-07 09:49:18.826 [info] > git check-ignore -v -z --stdin [139ms]
2026-09-07 09:49:20.697 [info] > git config --get commit.template [291ms]
2026-09-07 09:49:20.705 [info] > git for-each-ref --format=%(refname)%00%(upstream:short)%00%(objectname)%00%(upstream:track)%00%(upstream:remotename)%00%(upstream:remoteref) --ignore-case refs/heads/main refs/remotes/main [289ms]
2026-09-07 09:49:20.984 [info] > git for-each-ref --sort -committerdate --format %(refname)%00%(objectname)%00%(*objectname) [258ms]
2026-09-07 09:49:20.997 [info] > git status -z -uall [283ms]
2026-09-07 09:49:21.477 [info] > git check-ignore -v -z --stdin [119ms]
2026-09-07 09:49:30.902 [info] > git config --get commit.template [210ms]
2026-09-07 09:49:30.906 [info] > git for-each-ref --format=%(refname)%00%(upstream:short)%00%(objectname)%00%(upstream:track)%00%(upstream:remotename)%00%(upstream:remoteref) --ignore-case refs/heads/main refs/remotes/main [206ms]
2026-09-07 09:49:31.137 [info] > git status -z -uall [223ms]
2026-09-07 09:49:31.164 [info] > git for-each-ref --sort -committerdate --format %(refname)%00%(objectname)%00%(*objectname) [241ms]
2026-09-07 09:49:31.663 [info] > git check-ignore -v -z --stdin [136ms]
2026-09-07 09:49:37.604 [info] > git config --get commit.template [261ms]
2026-09-07 09:49:37.621 [info] > git for-each-ref --format=%(refname)%00%(upstream:short)%00%(objectname)%00%(upstream:track)%00%(upstream:remotename)%00%(upstream:remoteref) --ignore-case refs/heads/main refs/remotes/main [269ms]
2026-09-07 09:49:37.837 [info] > git for-each-ref --sort -committerdate --format %(refname)%00%(objectname)%00%(*objectname) [197ms]
2026-09-07 09:49:37.845 [info] > git status -z -uall [215ms]
2026-09-07 09:49:38.491 [info] > git check-ignore -v -z --stdin [233ms]
2026-09-07 09:49:46.803 [info] > git config --get commit.template [3727ms]
2026-09-07 09:49:46.884 [info] > git for-each-ref --format=%(refname)%00%(upstream:short)%00%(objectname)%00%(upstream:track)%00%(upstream:remotename)%00%(upstream:remoteref) --ignore-case refs/heads/main refs/remotes/main [3591ms]
2026-09-07 09:49:48.452 [info] > git status -z -uall [1354ms]
2026-09-07 09:49:48.479 [info] > git for-each-ref --sort -committerdate --format %(refname)%00%(objectname)%00%(*objectname) [1369ms]
2026-09-07 09:49:49.510 [info] > git check-ignore -v -z --stdin [366ms]
2026-09-07 09:50:22.063 [info] > git for-each-ref --format=%(refname)%00%(upstream:short)%00%(objectname)%00%(upstream:track)%00%(upstream:remotename)%00%(upstream:remoteref) --ignore-case refs/heads/main refs/remotes/main [2538ms]
2026-09-07 09:50:22.093 [info] > git config --get commit.template [3032ms]
2026-09-07 09:50:25.783 [info] > git for-each-ref --sort -committerdate --format %(refname)%00%(objectname)%00%(*objectname) [3660ms]
2026-09-07 09:50:25.893 [info] > git check-ignore -v -z --stdin [3945ms]
2026-09-07 09:50:26.952 [info] > git status -z -uall [4844ms]
2026-09-07 09:50:27.087 [info] > git ls-files --stage -- src/app/pages/home/home.ts [889ms]
2026-09-07 09:50:28.232 [info] > git show --textconv :src/app/pages/home/home.ts [2193ms]
2026-09-07 09:50:28.865 [info] > git cat-file -s 6c2c50a73e8f78babfaf3d84a1828f9d2e31836c [1092ms]
2026-09-07 09:50:29.242 [info] > git check-ignore -v -z --stdin [309ms]
2026-09-07 09:50:32.932 [info] > git for-each-ref --format=%(refname)%00%(upstream:short)%00%(objectname)%00%(upstream:track)%00%(upstream:remotename)%00%(upstream:remoteref) --ignore-case refs/heads/main refs/remotes/main [617ms]
2026-09-07 09:50:32.934 [info] > git config --get commit.template [805ms]
2026-09-07 09:50:36.024 [info] > git for-each-ref --sort -committerdate --format %(refname)%00%(objectname)%00%(*objectname) [578ms]
2026-09-07 09:50:36.201 [info] > git status -z -uall [1172ms]
2026-09-07 09:50:36.863 [info] > git check-ignore -v -z --stdin [225ms]
2026-09-07 09:52:28.275 [info] > git config --get commit.template [1535ms]
2026-09-07 09:52:28.301 [info] > git for-each-ref --format=%(refname)%00%(upstream:short)%00%(objectname)%00%(upstream:track)%00%(upstream:remotename)%00%(upstream:remoteref) --ignore-case refs/heads/main refs/remotes/main [1406ms]
2026-09-07 09:52:28.739 [info] > git for-each-ref --sort -committerdate --format %(refname)%00%(objectname)%00%(*objectname) [416ms]
2026-09-07 09:52:28.767 [info] > git status -z -uall [456ms]
2026-09-07 09:52:29.359 [info] > git check-ignore -v -z --stdin [250ms]
2026-09-07 09:52:34.837 [info] > git config --get commit.template [988ms]
2026-09-07 09:52:34.845 [info] > git for-each-ref --format=%(refname)%00%(upstream:short)%00%(objectname)%00%(upstream:track)%00%(upstream:remotename)%00%(upstream:remoteref) --ignore-case refs/heads/main refs/remotes/main [966ms]
2026-09-07 09:52:35.188 [info] > git status -z -uall [334ms]
2026-09-07 09:52:35.463 [info] > git for-each-ref --sort -committerdate --format %(refname)%00%(objectname)%00%(*objectname) [569ms]
2026-09-07 09:52:36.164 [info] > git check-ignore -v -z --stdin [314ms]
2026-09-07 09:52:39.115 [info] > git check-ignore -v -z --stdin [1197ms]
2026-09-07 09:52:41.194 [info] > git for-each-ref --format=%(refname)%00%(upstream:short)%00%(objectname)%00%(upstream:track)%00%(upstream:remotename)%00%(upstream:remoteref) --ignore-case refs/heads/main refs/remotes/main [665ms]
2026-09-07 09:52:41.211 [info] > git config --get commit.template [697ms]
2026-09-07 09:52:42.048 [info] > git ls-files --stage -- src/app/componentes/menu/menu.html [855ms]
2026-09-07 09:52:42.808 [info] > git show --textconv :src/app/componentes/menu/menu.html [1807ms]
2026-09-07 09:52:42.810 [info] > git status -z -uall [1591ms]
2026-09-07 09:52:42.933 [info] > git for-each-ref --sort -committerdate --format %(refname)%00%(objectname)%00%(*objectname) [1677ms]
2026-09-07 09:52:43.155 [info] > git cat-file -s 3307738c7e5c012ded68aba09f80c5cd4908e08b [346ms]
2026-09-07 09:52:44.077 [info] > git check-ignore -v -z --stdin [144ms]
2026-09-07 09:52:48.169 [info] > git config --get commit.template [200ms]
2026-09-07 09:52:48.169 [info] > git for-each-ref --format=%(refname)%00%(upstream:short)%00%(objectname)%00%(upstream:track)%00%(upstream:remotename)%00%(upstream:remoteref) --ignore-case refs/heads/main refs/remotes/main [192ms]
2026-09-07 09:52:48.494 [info] > git for-each-ref --sort -committerdate --format %(refname)%00%(objectname)%00%(*objectname) [265ms]
2026-09-07 09:52:48.527 [info] > git status -z -uall [323ms]
2026-09-07 09:52:49.482 [info] > git check-ignore -v -z --stdin [186ms]
2026-09-07 09:52:51.631 [info] > git blame --root --incremental dbbda1c4c23e9846e2fabe3705b9b8ba825339b6 -- src/app/componentes/menu/menu.html [663ms]
2026-09-07 09:52:53.908 [info] > git config --get commit.template [344ms]
2026-09-07 09:52:53.920 [info] > git for-each-ref --format=%(refname)%00%(upstream:short)%00%(objectname)%00%(upstream:track)%00%(upstream:remotename)%00%(upstream:remoteref) --ignore-case refs/heads/main refs/remotes/main [344ms]
2026-09-07 09:52:54.352 [info] > git for-each-ref --sort -committerdate --format %(refname)%00%(objectname)%00%(*objectname) [412ms]
2026-09-07 09:52:54.392 [info] > git status -z -uall [462ms]
2026-09-07 09:52:55.194 [info] > git check-ignore -v -z --stdin [473ms]
2026-09-07 09:52:59.946 [info] > git config --get commit.template [492ms]
2026-09-07 09:52:59.946 [info] > git for-each-ref --format=%(refname)%00%(upstream:short)%00%(objectname)%00%(upstream:track)%00%(upstream:remotename)%00%(upstream:remoteref) --ignore-case refs/heads/main refs/remotes/main [475ms]
2026-09-07 09:53:00.649 [info] > git for-each-ref --sort -committerdate --format %(refname)%00%(objectname)%00%(*objectname) [531ms]
2026-09-07 09:53:00.666 [info] > git status -z -uall [682ms]
2026-09-07 09:53:01.163 [info] > git check-ignore -v -z --stdin [142ms]
2026-09-07 09:53:07.085 [info] > git for-each-ref --format=%(refname)%00%(upstream:short)%00%(objectname)%00%(upstream:track)%00%(upstream:remotename)%00%(upstream:remoteref) --ignore-case refs/heads/main refs/remotes/main [1308ms]
2026-09-07 09:53:07.100 [info] > git config --get commit.template [1332ms]
2026-09-07 09:53:07.468 [info] > git check-ignore -v -z --stdin [1322ms]
2026-09-07 09:53:07.670 [info] > git status -z -uall [560ms]
2026-09-07 09:53:07.670 [info] > git for-each-ref --sort -committerdate --format %(refname)%00%(objectname)%00%(*objectname) [504ms]
2026-09-07 09:53:09.197 [info] > git ls-files --stage -- src/app/pages/home/home.html [1698ms]
2026-09-07 09:53:09.527 [info] > git show --textconv :src/app/pages/home/home.html [2042ms]
2026-09-07 09:53:09.668 [info] > git cat-file -s 3c9ce537488dea4ca6ba3a59a4d96e7a00089aa1 [158ms]
2026-09-07 09:53:09.945 [info] > git check-ignore -v -z --stdin [129ms]
2026-09-07 09:53:12.964 [info] > git for-each-ref --format=%(refname)%00%(upstream:short)%00%(objectname)%00%(upstream:track)%00%(upstream:remotename)%00%(upstream:remoteref) --ignore-case refs/heads/main refs/remotes/main [194ms]
2026-09-07 09:53:12.983 [info] > git config --get commit.template [264ms]
2026-09-07 09:53:13.241 [info] > git for-each-ref --sort -committerdate --format %(refname)%00%(objectname)%00%(*objectname) [238ms]
2026-09-07 09:53:13.253 [info] > git status -z -uall [260ms]
2026-09-07 09:53:13.737 [info] > git check-ignore -v -z --stdin [119ms]
2026-09-07 09:53:16.629 [info] > git check-ignore -v -z --stdin [193ms]
2026-09-07 09:53:18.905 [info] > git config --get commit.template [615ms]
2026-09-07 09:53:18.910 [info] > git for-each-ref --format=%(refname)%00%(upstream:short)%00%(objectname)%00%(upstream:track)%00%(upstream:remotename)%00%(upstream:remoteref) --ignore-case refs/heads/main refs/remotes/main [565ms]
2026-09-07 09:53:19.419 [info] > git for-each-ref --sort -committerdate --format %(refname)%00%(objectname)%00%(*objectname) [487ms]
2026-09-07 09:53:19.442 [info] > git status -z -uall [521ms]
2026-09-07 09:53:20.677 [info] > git check-ignore -v -z --stdin [799ms]
2026-09-07 09:53:25.520 [info] > git config --get commit.template [1022ms]
2026-09-07 09:53:25.633 [info] > git for-each-ref --format=%(refname)%00%(upstream:short)%00%(objectname)%00%(upstream:track)%00%(upstream:remotename)%00%(upstream:remoteref) --ignore-case refs/heads/main refs/remotes/main [1107ms]
2026-09-07 09:53:26.448 [info] > git status -z -uall [804ms]
2026-09-07 09:53:26.450 [info] > git for-each-ref --sort -committerdate --format %(refname)%00%(objectname)%00%(*objectname) [794ms]
2026-09-07 09:53:27.182 [info] > git check-ignore -v -z --stdin [394ms]
2026-09-07 09:53:28.265 [info] > git check-ignore -v -z --stdin [722ms]
2026-09-07 09:53:32.039 [info] > git config --get commit.template [543ms]
2026-09-07 09:53:32.085 [info] > git for-each-ref --format=%(refname)%00%(upstream:short)%00%(objectname)%00%(upstream:track)%00%(upstream:remotename)%00%(upstream:remoteref) --ignore-case refs/heads/main refs/remotes/main [574ms]
2026-09-07 09:53:32.345 [info] > git for-each-ref --sort -committerdate --format %(refname)%00%(objectname)%00%(*objectname) [233ms]
2026-09-07 09:53:32.353 [info] > git status -z -uall [257ms]
2026-09-07 09:53:33.533 [info] > git check-ignore -v -z --stdin [251ms]
2026-09-07 09:53:59.029 [info] > git for-each-ref --format=%(refname)%00%(upstream:short)%00%(objectname)%00%(upstream:track)%00%(upstream:remotename)%00%(upstream:remoteref) --ignore-case refs/heads/main refs/remotes/main [715ms]
2026-09-07 09:53:59.047 [info] > git config --get commit.template [782ms]
2026-09-07 09:53:59.550 [info] > git for-each-ref --sort -committerdate --format %(refname)%00%(objectname)%00%(*objectname) [461ms]
2026-09-07 09:53:59.706 [info] > git status -z -uall [648ms]
2026-09-07 09:54:01.381 [info] > git check-ignore -v -z --stdin [1233ms]
2026-09-07 09:54:05.427 [info] > git config --get commit.template [534ms]
2026-09-07 09:54:05.469 [info] > git for-each-ref --format=%(refname)%00%(upstream:short)%00%(objectname)%00%(upstream:track)%00%(upstream:remotename)%00%(upstream:remoteref) --ignore-case refs/heads/main refs/remotes/main [568ms]
2026-09-07 09:54:06.545 [info] > git for-each-ref --sort -committerdate --format %(refname)%00%(objectname)%00%(*objectname) [951ms]
2026-09-07 09:54:06.567 [info] > git status -z -uall [1088ms]
2026-09-07 09:54:07.323 [info] > git check-ignore -v -z --stdin [332ms]
2026-09-07 09:55:00.753 [info] > git config --get commit.template [1149ms]
2026-09-07 09:55:00.765 [info] > git for-each-ref --format=%(refname)%00%(upstream:short)%00%(objectname)%00%(upstream:track)%00%(upstream:remotename)%00%(upstream:remoteref) --ignore-case refs/heads/main refs/remotes/main [999ms]
2026-09-07 09:55:02.072 [info] > git for-each-ref --sort -committerdate --format %(refname)%00%(objectname)%00%(*objectname) [1282ms]
2026-09-07 09:55:02.076 [info] > git status -z -uall [1296ms]
2026-09-07 09:55:02.589 [info] > git check-ignore -v -z --stdin [475ms]
2026-09-07 09:55:02.940 [info] > git show --textconv :src/app/pages/home/home.ts [333ms]
2026-09-07 09:55:02.976 [info] > git ls-files --stage -- src/app/pages/home/home.ts [329ms]
2026-09-07 09:55:03.206 [info] > git cat-file -s 6c2c50a73e8f78babfaf3d84a1828f9d2e31836c [221ms]
2026-09-07 09:55:03.539 [info] > git check-ignore -v -z --stdin [257ms]
2026-09-07 09:55:53.549 [info] > git config --get commit.template [481ms]
2026-09-07 09:55:53.570 [info] > git for-each-ref --format=%(refname)%00%(upstream:short)%00%(objectname)%00%(upstream:track)%00%(upstream:remotename)%00%(upstream:remoteref) --ignore-case refs/heads/main refs/remotes/main [423ms]
2026-09-07 09:55:53.824 [info] > git for-each-ref --sort -committerdate --format %(refname)%00%(objectname)%00%(*objectname) [236ms]
2026-09-07 09:55:53.826 [info] > git status -z -uall [248ms]
2026-09-07 09:55:54.585 [info] > git check-ignore -v -z --stdin [365ms]
2026-09-07 09:56:00.283 [info] > git check-ignore -v -z --stdin [876ms]
2026-09-07 09:56:00.417 [info] > git for-each-ref --format=%(refname)%00%(upstream:short)%00%(objectname)%00%(upstream:track)%00%(upstream:remotename)%00%(upstream:remoteref) --ignore-case refs/heads/main refs/remotes/main [787ms]
2026-09-07 09:56:00.417 [info] > git config --get commit.template [1020ms]
2026-09-07 09:56:01.345 [info] > git for-each-ref --sort -committerdate --format %(refname)%00%(objectname)%00%(*objectname) [868ms]
2026-09-07 09:56:01.355 [info] > git status -z -uall [898ms]
2026-09-07 09:56:02.237 [info] > git check-ignore -v -z --stdin [532ms]
2026-09-07 09:56:08.511 [info] > git config --get commit.template [1133ms]
2026-09-07 09:56:08.518 [info] > git for-each-ref --format=%(refname)%00%(upstream:short)%00%(objectname)%00%(upstream:track)%00%(upstream:remotename)%00%(upstream:remoteref) --ignore-case refs/heads/main refs/remotes/main [1777ms]
2026-09-07 09:56:09.418 [info] > git for-each-ref --sort -committerdate --format %(refname)%00%(objectname)%00%(*objectname) [873ms]
2026-09-07 09:56:09.500 [info] > git status -z -uall [973ms]
2026-09-07 09:56:10.262 [info] > git check-ignore -v -z --stdin [56ms]
2026-09-07 09:56:17.727 [info] > git for-each-ref --format=%(refname)%00%(upstream:short)%00%(objectname)%00%(upstream:track)%00%(upstream:remotename)%00%(upstream:remoteref) --ignore-case refs/heads/main refs/remotes/main [918ms]
2026-09-07 09:56:18.050 [info] > git config --get commit.template [1252ms]
2026-09-07 09:56:18.754 [info] > git status -z -uall [683ms]
2026-09-07 09:56:18.762 [info] > git for-each-ref --sort -committerdate --format %(refname)%00%(objectname)%00%(*objectname) [652ms]
2026-09-07 09:56:19.303 [info] > git check-ignore -v -z --stdin [198ms]
2026-09-07 09:56:45.692 [info] > git for-each-ref --format=%(refname)%00%(upstream:short)%00%(objectname)%00%(upstream:track)%00%(upstream:remotename)%00%(upstream:remoteref) --ignore-case refs/heads/main refs/remotes/main [3734ms]
2026-09-07 09:56:45.717 [info] > git config --get commit.template [3937ms]
2026-09-07 09:56:47.065 [info] > git for-each-ref --sort -committerdate --format %(refname)%00%(objectname)%00%(*objectname) [1289ms]
2026-09-07 09:56:47.235 [info] > git status -z -uall [1497ms]
2026-09-07 09:56:48.196 [info] > git check-ignore -v -z --stdin [612ms]
2026-09-07 09:57:34.817 [info] > git for-each-ref --format=%(refname)%00%(upstream:short)%00%(objectname)%00%(upstream:track)%00%(upstream:remotename)%00%(upstream:remoteref) --ignore-case refs/heads/main refs/remotes/main [2119ms]
2026-09-07 09:57:34.846 [info] > git config --get commit.template [2161ms]
2026-09-07 09:57:35.135 [info] > git for-each-ref --sort -committerdate --format %(refname)%00%(objectname)%00%(*objectname) [266ms]
2026-09-07 09:57:35.191 [info] > git status -z -uall [337ms]
2026-09-07 09:57:36.018 [info] > git check-ignore -v -z --stdin [263ms]
2026-09-07 10:07:57.739 [info] > git config --get commit.template [1127ms]
2026-09-07 10:07:58.227 [info] > git for-each-ref --format=%(refname)%00%(upstream:short)%00%(objectname)%00%(upstream:track)%00%(upstream:remotename)%00%(upstream:remoteref) --ignore-case refs/heads/main refs/remotes/main [588ms]
2026-09-07 10:07:58.680 [info] > git for-each-ref --sort -committerdate --format %(refname)%00%(objectname)%00%(*objectname) [358ms]
2026-09-07 10:07:58.708 [info] > git status -z -uall [441ms]
2026-09-07 10:08:01.475 [info] > git check-ignore -v -z --stdin [2138ms]
2026-09-07 10:08:02.370 [info] > git check-ignore -v -z --stdin [564ms]
2026-09-07 10:08:09.760 [info] > git config --get commit.template [585ms]
2026-09-07 10:08:10.905 [info] > git for-each-ref --format=%(refname)%00%(upstream:short)%00%(objectname)%00%(upstream:track)%00%(upstream:remotename)%00%(upstream:remoteref) --ignore-case refs/heads/main refs/remotes/main [1018ms]
2026-09-07 10:08:10.908 [info] > git check-ignore -v -z --stdin [1087ms]
2026-09-07 10:08:12.527 [info] > git ls-files --stage -- src/app/pages/dashboard/dashboard.css [1068ms]
2026-09-07 10:08:13.067 [info] > git ls-tree -l HEAD -- src/app/pages/dashboard/dashboard.css [1494ms]
2026-09-07 10:08:13.290 [info] > git show --textconv HEAD:src/app/pages/dashboard/dashboard.css [1924ms]
2026-09-07 10:08:13.292 [info] > git show --textconv :src/app/pages/dashboard/dashboard.css [2024ms]
2026-09-07 10:08:13.566 [info] > git for-each-ref --sort -committerdate --format %(refname)%00%(objectname)%00%(*objectname) [1614ms]
2026-09-07 10:08:13.671 [info] > git cat-file -s a144600715a28dcd011be49d73c26b028502613b [1105ms]
2026-09-07 10:08:14.590 [info] > git status -z -uall [2843ms]
2026-09-07 10:08:16.113 [info] > git check-ignore -v -z --stdin [610ms]
2026-09-07 10:08:43.381 [info] > git check-ignore -v -z --stdin [1133ms]
2026-09-07 10:08:44.742 [info] > git ls-files --stage -- src/app/pages/dashboard/dashboard.css [1317ms]
2026-09-07 10:08:44.754 [info] > git show --textconv :src/app/pages/dashboard/dashboard.css [1355ms]
2026-09-07 10:08:44.780 [info] > git show --textconv HEAD:src/app/pages/dashboard/dashboard.css [1367ms]
2026-09-07 10:08:44.944 [info] > git ls-tree -l HEAD -- src/app/pages/dashboard/dashboard.css [1505ms]
2026-09-07 10:08:45.077 [info] > git cat-file -s a144600715a28dcd011be49d73c26b028502613b [323ms]
2026-09-07 10:09:01.831 [info] > git config --get commit.template [1064ms]
2026-09-07 10:09:01.972 [info] > git for-each-ref --format=%(refname)%00%(upstream:short)%00%(objectname)%00%(upstream:track)%00%(upstream:remotename)%00%(upstream:remoteref) --ignore-case refs/heads/main refs/remotes/main [1318ms]
2026-09-07 10:09:02.657 [info] > git for-each-ref --sort -committerdate --format %(refname)%00%(objectname)%00%(*objectname) [643ms]
2026-09-07 10:09:03.084 [info] > git status -z -uall [1095ms]
2026-09-07 10:09:04.037 [info] > git check-ignore -v -z --stdin [551ms]
2026-09-07 10:18:05.951 [info] > git ls-files --stage -- src/app/pages/dashboard/dashboard.css [1201ms]
2026-09-07 10:18:06.242 [info] > git config --get commit.template [2024ms]
2026-09-07 10:18:07.062 [info] > git for-each-ref --format=%(refname)%00%(upstream:short)%00%(objectname)%00%(upstream:track)%00%(upstream:remotename)%00%(upstream:remoteref) --ignore-case refs/heads/main refs/remotes/main [2697ms]
2026-09-07 10:18:07.680 [info] > git ls-tree -l HEAD -- src/app/pages/dashboard/dashboard.css [2923ms]
2026-09-07 10:18:07.880 [info] > git cat-file -s a144600715a28dcd011be49d73c26b028502613b [1711ms]
2026-09-07 10:18:07.883 [info] > git for-each-ref --sort -committerdate --format %(refname)%00%(objectname)%00%(*objectname) [569ms]
2026-09-07 10:18:11.416 [info] > git show --textconv HEAD:src/app/pages/dashboard/dashboard.css [2663ms]
2026-09-07 10:18:11.421 [info] > git show --textconv :src/app/pages/dashboard/dashboard.css [2183ms]
2026-09-07 10:18:11.883 [info] > git status -z -uall [4668ms]
2026-09-07 10:18:13.236 [info] > git check-ignore -v -z --stdin [578ms]
2026-09-07 10:18:18.025 [info] > git config --get commit.template [588ms]
2026-09-07 10:18:18.058 [info] > git for-each-ref --format=%(refname)%00%(upstream:short)%00%(objectname)%00%(upstream:track)%00%(upstream:remotename)%00%(upstream:remoteref) --ignore-case refs/heads/main refs/remotes/main [609ms]
2026-09-07 10:18:18.304 [info] > git ls-files --stage -- src/app/pages/dashboard/dashboard.css [659ms]
2026-09-07 10:18:18.313 [info] > git ls-tree -l HEAD -- src/app/pages/dashboard/dashboard.css [656ms]
2026-09-07 10:18:18.620 [info] > git for-each-ref --sort -committerdate --format %(refname)%00%(objectname)%00%(*objectname) [526ms]
2026-09-07 10:18:18.633 [info] > git status -z -uall [565ms]
2026-09-07 10:18:18.807 [info] > git cat-file -s a144600715a28dcd011be49d73c26b028502613b [495ms]
2026-09-07 10:18:18.823 [info] > git show --textconv HEAD:src/app/pages/dashboard/dashboard.css [499ms]
2026-09-07 10:18:19.068 [info] > git show --textconv :src/app/pages/dashboard/dashboard.css [249ms]
2026-09-07 10:18:19.198 [info] > git check-ignore -v -z --stdin [214ms]
2026-09-07 10:18:24.034 [info] > git for-each-ref --format=%(refname)%00%(upstream:short)%00%(objectname)%00%(upstream:track)%00%(upstream:remotename)%00%(upstream:remoteref) --ignore-case refs/heads/main refs/remotes/main [344ms]
2026-09-07 10:18:24.058 [info] > git config --get commit.template [377ms]
2026-09-07 10:18:24.347 [info] > git status -z -uall [279ms]
2026-09-07 10:18:24.372 [info] > git for-each-ref --sort -committerdate --format %(refname)%00%(objectname)%00%(*objectname) [292ms]
2026-09-07 10:18:24.965 [info] > git check-ignore -v -z --stdin [235ms]
2026-09-07 10:18:40.581 [info] > git ls-tree -l HEAD -- src/app/pages/dashboard/dashboard.css [4195ms]
2026-09-07 10:18:40.907 [info] > git config --get commit.template [4282ms]
2026-09-07 10:18:40.908 [info] > git for-each-ref --format=%(refname)%00%(upstream:short)%00%(objectname)%00%(upstream:track)%00%(upstream:remotename)%00%(upstream:remoteref) --ignore-case refs/heads/main refs/remotes/main [3971ms]
2026-09-07 10:18:41.215 [info] > git ls-files --stage -- src/app/pages/dashboard/dashboard.css [4865ms]
2026-09-07 10:18:44.093 [info] > git check-ignore -v -z --stdin [4095ms]
2026-09-07 10:18:44.154 [info] > git status -z -uall [2751ms]
2026-09-07 10:18:44.161 [info] > git cat-file -s a144600715a28dcd011be49d73c26b028502613b [2928ms]
2026-09-07 10:18:44.183 [info] > git for-each-ref --sort -committerdate --format %(refname)%00%(objectname)%00%(*objectname) [2635ms]
2026-09-07 10:18:44.310 [info] > git show --textconv HEAD:src/app/pages/dashboard/dashboard.css [3406ms]
2026-09-07 10:18:44.993 [info] > git show --textconv :src/app/pages/dashboard/dashboard.css [817ms]
2026-09-07 10:18:45.191 [info] > git check-ignore -v -z --stdin [633ms]
2026-09-07 10:19:43.375 [info] > git config --get commit.template [878ms]
2026-09-07 10:19:43.411 [info] > git ls-files --stage -- src/app/pages/dashboard/dashboard.css [835ms]
2026-09-07 10:19:43.424 [info] > git for-each-ref --format=%(refname)%00%(upstream:short)%00%(objectname)%00%(upstream:track)%00%(upstream:remotename)%00%(upstream:remoteref) --ignore-case refs/heads/main refs/remotes/main [834ms]
2026-09-07 10:19:43.517 [info] > git ls-tree -l HEAD -- src/app/pages/dashboard/dashboard.css [903ms]
2026-09-07 10:19:44.481 [info] > git cat-file -s a144600715a28dcd011be49d73c26b028502613b [1057ms]
2026-09-07 10:19:44.563 [info] > git for-each-ref --sort -committerdate --format %(refname)%00%(objectname)%00%(*objectname) [1048ms]
2026-09-07 10:19:44.662 [info] > git status -z -uall [1180ms]
2026-09-07 10:19:44.692 [info] > git show --textconv HEAD:src/app/pages/dashboard/dashboard.css [1156ms]
2026-09-07 10:19:45.056 [info] > git show --textconv :src/app/pages/dashboard/dashboard.css [556ms]
2026-09-07 10:19:45.307 [info] > git check-ignore -v -z --stdin [278ms]
2026-09-07 10:19:47.752 [info] > git check-ignore -v -z --stdin [1100ms]
2026-09-07 10:19:49.144 [info] > git check-ignore -v -z --stdin [1293ms]
2026-09-07 10:19:50.465 [info] > git config --get commit.template [551ms]
2026-09-07 10:19:50.765 [info] > git for-each-ref --format=%(refname)%00%(upstream:short)%00%(objectname)%00%(upstream:track)%00%(upstream:remotename)%00%(upstream:remoteref) --ignore-case refs/heads/main refs/remotes/main [835ms]
2026-09-07 10:19:51.322 [info] > git check-ignore -v -z --stdin [595ms]
2026-09-07 10:19:51.325 [info] > git status -z -uall [346ms]
2026-09-07 10:19:51.337 [info] > git for-each-ref --sort -committerdate --format %(refname)%00%(objectname)%00%(*objectname) [345ms]
2026-09-07 10:19:52.974 [info] > git check-ignore -v -z --stdin [340ms]
2026-09-07 10:19:56.805 [info] > git config --get commit.template [359ms]
2026-09-07 10:19:56.843 [info] > git for-each-ref --format=%(refname)%00%(upstream:short)%00%(objectname)%00%(upstream:track)%00%(upstream:remotename)%00%(upstream:remoteref) --ignore-case refs/heads/main refs/remotes/main [381ms]
2026-09-07 10:19:57.796 [info] > git for-each-ref --sort -committerdate --format %(refname)%00%(objectname)%00%(*objectname) [933ms]
2026-09-07 10:19:58.105 [info] > git status -z -uall [1252ms]
2026-09-07 10:20:00.107 [info] > git check-ignore -v -z --stdin [1624ms]
2026-09-07 10:20:08.514 [info] > git for-each-ref --format=%(refname)%00%(upstream:short)%00%(objectname)%00%(upstream:track)%00%(upstream:remotename)%00%(upstream:remoteref) --ignore-case refs/heads/main refs/remotes/main [4198ms]
2026-09-07 10:20:08.517 [info] > git config --get commit.template [5297ms]
2026-09-07 10:20:09.364 [info] > git status -z -uall [828ms]
2026-09-07 10:20:09.497 [info] > git for-each-ref --sort -committerdate --format %(refname)%00%(objectname)%00%(*objectname) [923ms]
2026-09-07 10:20:10.387 [info] > git check-ignore -v -z --stdin [1477ms]
2026-09-07 10:20:11.132 [info] > git check-ignore -v -z --stdin [626ms]
2026-09-07 10:20:15.173 [info] > git for-each-ref --format=%(refname)%00%(upstream:short)%00%(objectname)%00%(upstream:track)%00%(upstream:remotename)%00%(upstream:remoteref) --ignore-case refs/heads/main refs/remotes/main [479ms]
2026-09-07 10:20:15.962 [info] > git config --get commit.template [1292ms]
2026-09-07 10:20:16.888 [info] > git status -z -uall [468ms]
2026-09-07 10:20:16.963 [info] > git for-each-ref --sort -committerdate --format %(refname)%00%(objectname)%00%(*objectname) [531ms]
2026-09-07 10:20:22.276 [info] > git check-ignore -v -z --stdin [269ms]
2026-09-07 10:20:41.039 [info] > git check-ignore -v -z --stdin [802ms]
2026-09-07 10:20:43.511 [info] > git ls-files --stage -- src/app/componentes/header/header.css [1741ms]
2026-09-07 10:20:45.364 [info] > git show --textconv :src/app/componentes/header/header.css [3792ms]
2026-09-07 10:20:45.674 [info] > git cat-file -s bb91aa5354928fa9b9ad9c4e679a031bfa3956bf [633ms]
2026-09-07 10:20:47.942 [info] > git check-ignore -v -z --stdin [230ms]
2026-09-07 10:20:48.592 [info] > git show --textconv :src/app/pages/dashboard/dashboard.css [625ms]
2026-09-07 10:20:48.671 [info] > git show --textconv HEAD:src/app/pages/dashboard/dashboard.css [681ms]
2026-09-07 10:20:48.687 [info] > git ls-files --stage -- src/app/pages/dashboard/dashboard.css [684ms]
2026-09-07 10:20:48.760 [info] > git ls-tree -l HEAD -- src/app/pages/dashboard/dashboard.css [742ms]
2026-09-07 10:20:49.054 [info] > git cat-file -s a144600715a28dcd011be49d73c26b028502613b [343ms]
2026-09-07 10:21:08.742 [info] > git check-ignore -v -z --stdin [770ms]
2026-09-07 10:21:11.431 [info] > git ls-files --stage -- src/app/componentes/header/header.css [1879ms]
2026-09-07 10:21:11.438 [info] > git show --textconv :src/app/componentes/header/header.css [2668ms]
2026-09-07 10:21:12.242 [info] > git cat-file -s bb91aa5354928fa9b9ad9c4e679a031bfa3956bf [804ms]
2026-09-07 10:21:12.919 [info] > git blame --root --incremental dbbda1c4c23e9846e2fabe3705b9b8ba825339b6 -- src/app/componentes/header/header.css [261ms]
2026-09-07 10:21:14.734 [info] > git check-ignore -v -z --stdin [879ms]
2026-09-07 10:21:15.166 [info] > git check-ignore -v -z --stdin [340ms]
2026-09-07 10:21:16.494 [info] > git check-ignore -v -z --stdin [439ms]
2026-09-07 10:21:17.157 [info] > git config --get commit.template [604ms]
2026-09-07 10:21:17.175 [info] > git for-each-ref --format=%(refname)%00%(upstream:short)%00%(objectname)%00%(upstream:track)%00%(upstream:remotename)%00%(upstream:remoteref) --ignore-case refs/heads/main refs/remotes/main [610ms]
2026-09-07 10:21:20.124 [info] > git for-each-ref --sort -committerdate --format %(refname)%00%(objectname)%00%(*objectname) [2924ms]
2026-09-07 10:21:20.492 [info] > git status -z -uall [3304ms]
2026-09-07 10:21:21.735 [info] > git check-ignore -v -z --stdin [4223ms]
2026-09-07 10:21:22.618 [info] > git check-ignore -v -z --stdin [1015ms]
2026-09-07 10:21:23.537 [info] > git ls-files --stage -- src/app/pages/dashboard/dashboard.css [847ms]
2026-09-07 10:21:23.574 [info] > git show --textconv :src/app/pages/dashboard/dashboard.css [919ms]
2026-09-07 10:21:23.955 [info] > git ls-tree -l HEAD -- src/app/pages/dashboard/dashboard.css [1252ms]
2026-09-07 10:21:23.963 [info] > git show --textconv HEAD:src/app/pages/dashboard/dashboard.css [1285ms]
2026-09-07 10:21:24.989 [info] > git cat-file -s a144600715a28dcd011be49d73c26b028502613b [1431ms]
2026-09-07 10:21:25.977 [info] > git check-ignore -v -z --stdin [807ms]
2026-09-07 10:21:26.387 [info] > git for-each-ref --format=%(refname)%00%(upstream:short)%00%(objectname)%00%(upstream:track)%00%(upstream:remotename)%00%(upstream:remoteref) --ignore-case refs/heads/main refs/remotes/main [797ms]
2026-09-07 10:21:26.406 [info] > git config --get commit.template [830ms]
2026-09-07 10:21:27.275 [info] > git status -z -uall [860ms]
2026-09-07 10:21:27.307 [info] > git for-each-ref --sort -committerdate --format %(refname)%00%(objectname)%00%(*objectname) [833ms]
2026-09-07 10:21:28.015 [info] > git check-ignore -v -z --stdin [241ms]
2026-09-07 10:21:29.048 [info] > git check-ignore -v -z --stdin [264ms]
2026-09-07 10:21:29.380 [info] > git check-ignore -v -z --stdin [287ms]
2026-09-07 10:21:30.546 [info] > git check-ignore -v -z --stdin [291ms]
2026-09-07 10:21:32.039 [info] > git check-ignore -v -z --stdin [673ms]
2026-09-07 10:21:32.487 [info] > git check-ignore -v -z --stdin [358ms]
2026-09-07 10:21:34.292 [info] > git config --get commit.template [712ms]
2026-09-07 10:21:34.433 [info] > git for-each-ref --format=%(refname)%00%(upstream:short)%00%(objectname)%00%(upstream:track)%00%(upstream:remotename)%00%(upstream:remoteref) --ignore-case refs/heads/main refs/remotes/main [842ms]
2026-09-07 10:21:35.236 [info] > git check-ignore -v -z --stdin [871ms]
2026-09-07 10:21:35.293 [info] > git for-each-ref --sort -committerdate --format %(refname)%00%(objectname)%00%(*objectname) [820ms]
2026-09-07 10:21:35.519 [info] > git status -z -uall [1072ms]
2026-09-07 10:21:35.864 [info] > git check-ignore -v -z --stdin [599ms]
2026-09-07 10:21:37.679 [info] > git check-ignore -v -z --stdin [1724ms]
2026-09-07 10:21:43.184 [info] > git for-each-ref --format=%(refname)%00%(upstream:short)%00%(objectname)%00%(upstream:track)%00%(upstream:remotename)%00%(upstream:remoteref) --ignore-case refs/heads/main refs/remotes/main [2552ms]
2026-09-07 10:21:43.279 [info] > git config --get commit.template [2667ms]
2026-09-07 10:21:44.351 [info] > git for-each-ref --sort -committerdate --format %(refname)%00%(objectname)%00%(*objectname) [847ms]
2026-09-07 10:21:46.908 [info] > git status -z -uall [3621ms]
2026-09-07 10:21:47.692 [info] > git check-ignore -v -z --stdin [371ms]
2026-09-07 10:22:06.703 [info] > git config --get commit.template [1746ms]
2026-09-07 10:22:06.758 [info] > git for-each-ref --format=%(refname)%00%(upstream:short)%00%(objectname)%00%(upstream:track)%00%(upstream:remotename)%00%(upstream:remoteref) --ignore-case refs/heads/main refs/remotes/main [1730ms]
2026-09-07 10:22:07.225 [info] > git status -z -uall [457ms]
2026-09-07 10:22:07.269 [info] > git for-each-ref --sort -committerdate --format %(refname)%00%(objectname)%00%(*objectname) [490ms]
2026-09-07 10:22:07.435 [info] > git check-ignore -v -z --stdin [601ms]
2026-09-07 10:22:07.813 [info] > git check-ignore -v -z --stdin [330ms]
2026-09-07 10:22:08.210 [info] > git check-ignore -v -z --stdin [369ms]
2026-09-07 10:22:08.515 [info] > git check-ignore -v -z --stdin [266ms]
2026-09-07 10:22:15.849 [info] > git check-ignore -v -z --stdin [2497ms]
2026-09-07 10:22:15.953 [info] > git for-each-ref --format=%(refname)%00%(upstream:short)%00%(objectname)%00%(upstream:track)%00%(upstream:remotename)%00%(upstream:remoteref) --ignore-case refs/heads/main refs/remotes/main [2587ms]
2026-09-07 10:22:15.953 [info] > git config --get commit.template [3068ms]
2026-09-07 10:22:16.319 [info] > git check-ignore -v -z --stdin [874ms]
2026-09-07 10:22:16.727 [info] > git for-each-ref --sort -committerdate --format %(refname)%00%(objectname)%00%(*objectname) [681ms]
2026-09-07 10:22:16.873 [info] > git status -z -uall [889ms]
2026-09-07 10:22:17.655 [info] > git show --textconv :src/app/pages/dashboard/dashboard.css [1314ms]
2026-09-07 10:22:17.704 [info] > git show --textconv HEAD:src/app/pages/dashboard/dashboard.css [1304ms]
2026-09-07 10:22:17.821 [info] > git ls-tree -l HEAD -- src/app/pages/dashboard/dashboard.css [1136ms]
2026-09-07 10:22:17.824 [info] > git ls-files --stage -- src/app/pages/dashboard/dashboard.css [1192ms]
2026-09-07 10:22:18.117 [info] > git cat-file -s a144600715a28dcd011be49d73c26b028502613b [281ms]
2026-09-07 10:22:18.379 [info] > git check-ignore -v -z --stdin [189ms]
2026-09-07 10:22:22.134 [info] > git config --get commit.template [205ms]
2026-09-07 10:22:22.380 [info] > git for-each-ref --format=%(refname)%00%(upstream:short)%00%(objectname)%00%(upstream:track)%00%(upstream:remotename)%00%(upstream:remoteref) --ignore-case refs/heads/main refs/remotes/main [443ms]
2026-09-07 10:22:22.799 [info] > git status -z -uall [410ms]
2026-09-07 10:22:22.892 [info] > git for-each-ref --sort -committerdate --format %(refname)%00%(objectname)%00%(*objectname) [169ms]
2026-09-07 10:22:24.640 [info] > git check-ignore -v -z --stdin [1362ms]
2026-09-07 10:22:32.051 [info] > git config --get commit.template [2432ms]
2026-09-07 10:22:32.152 [info] > git for-each-ref --format=%(refname)%00%(upstream:short)%00%(objectname)%00%(upstream:track)%00%(upstream:remotename)%00%(upstream:remoteref) --ignore-case refs/heads/main refs/remotes/main [242ms]
2026-09-07 10:22:32.698 [info] > git for-each-ref --sort -committerdate --format %(refname)%00%(objectname)%00%(*objectname) [523ms]
2026-09-07 10:22:32.887 [info] > git status -z -uall [725ms]
2026-09-07 10:22:33.632 [info] > git check-ignore -v -z --stdin [409ms]
2026-09-07 10:22:49.087 [info] > git check-ignore -v -z --stdin [419ms]
2026-09-07 10:22:49.875 [info] > git show --textconv :src/app/pages/dashboard/dashboard.css [698ms]
2026-09-07 10:22:49.892 [info] > git ls-tree -l HEAD -- src/app/pages/dashboard/dashboard.css [574ms]
2026-09-07 10:22:49.894 [info] > git show --textconv HEAD:src/app/pages/dashboard/dashboard.css [693ms]
2026-09-07 10:22:49.918 [info] > git ls-files --stage -- src/app/pages/dashboard/dashboard.css [656ms]
2026-09-07 10:22:50.085 [info] > git cat-file -s a144600715a28dcd011be49d73c26b028502613b [158ms]
2026-09-07 10:22:51.396 [info] > git check-ignore -v -z --stdin [194ms]
2026-09-07 10:22:53.868 [info] > git for-each-ref --format=%(refname)%00%(upstream:short)%00%(objectname)%00%(upstream:track)%00%(upstream:remotename)%00%(upstream:remoteref) --ignore-case refs/heads/main refs/remotes/main [698ms]
2026-09-07 10:22:54.005 [info] > git config --get commit.template [843ms]
2026-09-07 10:22:55.642 [info] > git check-ignore -v -z --stdin [2135ms]
2026-09-07 10:22:55.982 [info] > git status -z -uall [1963ms]
2026-09-07 10:22:55.983 [info] > git for-each-ref --sort -committerdate --format %(refname)%00%(objectname)%00%(*objectname) [1901ms]
2026-09-07 10:22:57.136 [info] > git check-ignore -v -z --stdin [580ms]
2026-09-07 10:22:59.592 [info] > git check-ignore -v -z --stdin [935ms]
2026-09-07 10:23:04.698 [info] > git config --get commit.template [1214ms]
2026-09-07 10:23:05.697 [info] > git for-each-ref --format=%(refname)%00%(upstream:short)%00%(objectname)%00%(upstream:track)%00%(upstream:remotename)%00%(upstream:remoteref) --ignore-case refs/heads/main refs/remotes/main [1429ms]
2026-09-07 10:23:06.386 [info] > git check-ignore -v -z --stdin [2152ms]
2026-09-07 10:23:08.172 [info] > git for-each-ref --sort -committerdate --format %(refname)%00%(objectname)%00%(*objectname) [2421ms]
2026-09-07 10:23:08.194 [info] > git status -z -uall [2477ms]
2026-09-07 10:23:14.277 [info] > git check-ignore -v -z --stdin [2495ms]
2026-09-07 10:23:14.770 [info] > git ls-files --stage -- src/app/pages/dashboard/dashboard.css [456ms]
2026-09-07 10:23:14.789 [info] > git show --textconv :src/app/pages/dashboard/dashboard.css [496ms]
2026-09-07 10:23:14.792 [info] > git show --textconv HEAD:src/app/pages/dashboard/dashboard.css [488ms]
2026-09-07 10:23:14.848 [info] > git ls-tree -l HEAD -- src/app/pages/dashboard/dashboard.css [522ms]
2026-09-07 10:23:14.988 [info] > git cat-file -s a144600715a28dcd011be49d73c26b028502613b [209ms]
2026-09-07 10:27:03.289 [info] > git config --get commit.template [716ms]
2026-09-07 10:27:03.307 [info] > git for-each-ref --format=%(refname)%00%(upstream:short)%00%(objectname)%00%(upstream:track)%00%(upstream:remotename)%00%(upstream:remoteref) --ignore-case refs/heads/main refs/remotes/main [712ms]
2026-09-07 10:27:03.623 [info] > git for-each-ref --sort -committerdate --format %(refname)%00%(objectname)%00%(*objectname) [268ms]
2026-09-07 10:27:03.668 [info] > git status -z -uall [331ms]
2026-09-07 10:27:04.873 [info] > git check-ignore -v -z --stdin [444ms]
2026-09-07 10:27:09.708 [info] > git config --get commit.template [951ms]
2026-09-07 10:27:10.108 [info] > git for-each-ref --format=%(refname)%00%(upstream:short)%00%(objectname)%00%(upstream:track)%00%(upstream:remotename)%00%(upstream:remoteref) --ignore-case refs/heads/main refs/remotes/main [1275ms]
2026-09-07 10:27:11.018 [info] > git status -z -uall [860ms]
2026-09-07 10:27:11.101 [info] > git for-each-ref --sort -committerdate --format %(refname)%00%(objectname)%00%(*objectname) [829ms]
2026-09-07 10:27:11.718 [info] > git check-ignore -v -z --stdin [184ms]
2026-09-07 10:27:13.279 [info] > git check-ignore -v -z --stdin [138ms]
2026-09-07 10:27:18.235 [info] > git for-each-ref --format=%(refname)%00%(upstream:short)%00%(objectname)%00%(upstream:track)%00%(upstream:remotename)%00%(upstream:remoteref) --ignore-case refs/heads/main refs/remotes/main [1586ms]
2026-09-07 10:27:18.294 [info] > git config --get commit.template [1664ms]
2026-09-07 10:27:18.747 [info] > git status -z -uall [444ms]
2026-09-07 10:27:18.823 [info] > git for-each-ref --sort -committerdate --format %(refname)%00%(objectname)%00%(*objectname) [490ms]
2026-09-07 10:27:27.892 [info] > git check-ignore -v -z --stdin [268ms]
2026-09-07 10:28:04.015 [info] > git config --get commit.template [846ms]
2026-09-07 10:28:04.204 [info] > git for-each-ref --format=%(refname)%00%(upstream:short)%00%(objectname)%00%(upstream:track)%00%(upstream:remotename)%00%(upstream:remoteref) --ignore-case refs/heads/main refs/remotes/main [860ms]
2026-09-07 10:28:04.921 [info] > git for-each-ref --sort -committerdate --format %(refname)%00%(objectname)%00%(*objectname) [693ms]
2026-09-07 10:28:04.930 [info] > git status -z -uall [718ms]
2026-09-07 10:28:05.749 [info] > git check-ignore -v -z --stdin [413ms]
2026-09-07 10:28:40.922 [info] > git check-ignore -v -z --stdin [177ms]
2026-09-07 10:28:42.548 [info] > git check-ignore -v -z --stdin [463ms]
2026-09-07 10:28:45.083 [info] > git config --get commit.template [880ms]
2026-09-07 10:28:45.429 [info] > git for-each-ref --format=%(refname)%00%(upstream:short)%00%(objectname)%00%(upstream:track)%00%(upstream:remotename)%00%(upstream:remoteref) --ignore-case refs/heads/main refs/remotes/main [1159ms]
2026-09-07 10:28:46.479 [info] > git check-ignore -v -z --stdin [1359ms]
2026-09-07 10:28:46.530 [info] > git status -z -uall [1036ms]
2026-09-07 10:28:46.595 [info] > git for-each-ref --sort -committerdate --format %(refname)%00%(objectname)%00%(*objectname) [968ms]
2026-09-07 10:28:48.047 [info] > git check-ignore -v -z --stdin [703ms]
2026-09-07 10:28:48.545 [info] > git check-ignore -v -z --stdin [356ms]
2026-09-07 10:29:01.660 [info] > git config --get commit.template [1297ms]
2026-09-07 10:29:01.686 [info] > git for-each-ref --format=%(refname)%00%(upstream:short)%00%(objectname)%00%(upstream:track)%00%(upstream:remotename)%00%(upstream:remoteref) --ignore-case refs/heads/main refs/remotes/main [1175ms]
2026-09-07 10:29:02.088 [info] > git for-each-ref --sort -committerdate --format %(refname)%00%(objectname)%00%(*objectname) [381ms]
2026-09-07 10:29:02.130 [info] > git status -z -uall [433ms]
2026-09-07 10:29:03.681 [info] > git check-ignore -v -z --stdin [384ms]
2026-09-07 10:29:04.469 [info] > git show --textconv :src/app/pages/dashboard/dashboard.css [743ms]
2026-09-07 10:29:04.471 [info] > git show --textconv HEAD:src/app/pages/dashboard/dashboard.css [731ms]
2026-09-07 10:29:04.477 [info] > git ls-tree -l HEAD -- src/app/pages/dashboard/dashboard.css [638ms]
2026-09-07 10:29:04.489 [info] > git ls-files --stage -- src/app/pages/dashboard/dashboard.css [713ms]
2026-09-07 10:29:04.688 [info] > git cat-file -s a144600715a28dcd011be49d73c26b028502613b [191ms]
2026-09-07 10:29:05.646 [info] > git check-ignore -v -z --stdin [165ms]
2026-09-07 10:29:07.408 [info] > git check-ignore -v -z --stdin [490ms]
2026-09-07 10:29:08.339 [info] > git config --get commit.template [931ms]
2026-09-07 10:29:08.376 [info] > git for-each-ref --format=%(refname)%00%(upstream:short)%00%(objectname)%00%(upstream:track)%00%(upstream:remotename)%00%(upstream:remoteref) --ignore-case refs/heads/main refs/remotes/main [954ms]
2026-09-07 10:29:09.152 [info] > git check-ignore -v -z --stdin [1102ms]
2026-09-07 10:29:09.703 [info] > git status -z -uall [1311ms]
2026-09-07 10:29:11.970 [info] > git for-each-ref --sort -committerdate --format %(refname)%00%(objectname)%00%(*objectname) [3417ms]
2026-09-07 10:29:12.032 [info] > git check-ignore -v -z --stdin [2763ms]
2026-09-07 10:29:13.076 [info] > git check-ignore -v -z --stdin [334ms]
2026-09-07 10:29:13.568 [info] > git check-ignore -v -z --stdin [425ms]
2026-09-07 10:29:13.941 [info] > git check-ignore -v -z --stdin [295ms]
2026-09-07 10:29:19.285 [info] > git check-ignore -v -z --stdin [2041ms]
2026-09-07 10:29:20.828 [info] > git config --get commit.template [2079ms]
2026-09-07 10:29:21.721 [info] > git check-ignore -v -z --stdin [2201ms]
2026-09-07 10:29:22.632 [info] > git for-each-ref --format=%(refname)%00%(upstream:short)%00%(objectname)%00%(upstream:track)%00%(upstream:remotename)%00%(upstream:remoteref) --ignore-case refs/heads/main refs/remotes/main [3535ms]
2026-09-07 10:29:24.768 [info] > git for-each-ref --sort -committerdate --format %(refname)%00%(objectname)%00%(*objectname) [1907ms]
2026-09-07 10:29:25.477 [info] > git status -z -uall [2823ms]
2026-09-07 10:29:25.981 [info] > git check-ignore -v -z --stdin [3378ms]
2026-09-07 10:29:34.933 [info] > git check-ignore -v -z --stdin [8378ms]
2026-09-07 10:29:49.128 [info] > git for-each-ref --format=%(refname)%00%(upstream:short)%00%(objectname)%00%(upstream:track)%00%(upstream:remotename)%00%(upstream:remoteref) --ignore-case refs/heads/main refs/remotes/main [397ms]
2026-09-07 10:29:49.138 [info] > git config --get commit.template [538ms]
2026-09-07 10:29:49.357 [info] > git for-each-ref --sort -committerdate --format %(refname)%00%(objectname)%00%(*objectname) [198ms]
2026-09-07 10:29:49.391 [info] > git status -z -uall [243ms]
2026-09-07 10:29:50.312 [info] > git check-ignore -v -z --stdin [466ms]
2026-09-07 10:29:50.546 [info] > git check-ignore -v -z --stdin [145ms]
2026-09-07 10:30:00.214 [info] > git config --get commit.template [422ms]
2026-09-07 10:30:00.226 [info] > git for-each-ref --format=%(refname)%00%(upstream:short)%00%(objectname)%00%(upstream:track)%00%(upstream:remotename)%00%(upstream:remoteref) --ignore-case refs/heads/main refs/remotes/main [419ms]
2026-09-07 10:30:00.487 [info] > git for-each-ref --sort -committerdate --format %(refname)%00%(objectname)%00%(*objectname) [241ms]
2026-09-07 10:30:00.499 [info] > git status -z -uall [263ms]
2026-09-07 10:30:01.037 [info] > git check-ignore -v -z --stdin [206ms]
2026-09-07 10:30:01.392 [info] > git check-ignore -v -z --stdin [235ms]
2026-09-07 10:30:01.668 [info] > git check-ignore -v -z --stdin [180ms]
2026-09-07 10:30:09.744 [info] > git config --get commit.template [1150ms]
2026-09-07 10:30:09.767 [info] > git for-each-ref --format=%(refname)%00%(upstream:short)%00%(objectname)%00%(upstream:track)%00%(upstream:remotename)%00%(upstream:remoteref) --ignore-case refs/heads/main refs/remotes/main [1151ms]
2026-09-07 10:30:10.143 [info] > git for-each-ref --sort -committerdate --format %(refname)%00%(objectname)%00%(*objectname) [355ms]
2026-09-07 10:30:10.487 [info] > git status -z -uall [710ms]
2026-09-07 10:30:12.812 [info] > git check-ignore -v -z --stdin [1184ms]
2026-09-07 10:30:16.576 [info] > git config --get commit.template [869ms]
2026-09-07 10:30:16.664 [info] > git for-each-ref --format=%(refname)%00%(upstream:short)%00%(objectname)%00%(upstream:track)%00%(upstream:remotename)%00%(upstream:remoteref) --ignore-case refs/heads/main refs/remotes/main [494ms]
2026-09-07 10:30:17.357 [info] > git status -z -uall [666ms]
2026-09-07 10:30:17.407 [info] > git check-ignore -v -z --stdin [562ms]
2026-09-07 10:30:17.461 [info] > git for-each-ref --sort -committerdate --format %(refname)%00%(objectname)%00%(*objectname) [718ms]
2026-09-07 10:30:18.971 [info] > git check-ignore -v -z --stdin [1171ms]
2026-09-07 10:30:19.406 [info] > git check-ignore -v -z --stdin [364ms]
2026-09-07 10:30:21.231 [info] > git check-ignore -v -z --stdin [222ms]
2026-09-07 10:30:22.909 [info] > git check-ignore -v -z --stdin [627ms]
2026-09-07 10:30:23.766 [info] > git for-each-ref --format=%(refname)%00%(upstream:short)%00%(objectname)%00%(upstream:track)%00%(upstream:remotename)%00%(upstream:remoteref) --ignore-case refs/heads/main refs/remotes/main [1175ms]
2026-09-07 10:30:23.799 [info] > git config --get commit.template [1218ms]
2026-09-07 10:30:24.460 [info] > git for-each-ref --sort -committerdate --format %(refname)%00%(objectname)%00%(*objectname) [637ms]
2026-09-07 10:30:24.491 [info] > git status -z -uall [681ms]
2026-09-07 10:30:24.757 [info] > git check-ignore -v -z --stdin [403ms]
2026-09-07 10:30:25.358 [info] > git check-ignore -v -z --stdin [530ms]
2026-09-07 10:30:39.726 [info] > git config --get commit.template [2432ms]
2026-09-07 10:30:39.726 [info] > git for-each-ref --format=%(refname)%00%(upstream:short)%00%(objectname)%00%(upstream:track)%00%(upstream:remotename)%00%(upstream:remoteref) --ignore-case refs/heads/main refs/remotes/main [2353ms]
2026-09-07 10:30:39.977 [info] > git check-ignore -v -z --stdin [2280ms]
2026-09-07 10:30:40.168 [info] > git for-each-ref --sort -committerdate --format %(refname)%00%(objectname)%00%(*objectname) [409ms]
2026-09-07 10:30:40.194 [info] > git status -z -uall [450ms]
2026-09-07 10:30:40.421 [info] > git check-ignore -v -z --stdin [382ms]
2026-09-07 10:30:40.773 [info] > git check-ignore -v -z --stdin [243ms]
2026-09-07 10:30:46.974 [info] > git config --get commit.template [1718ms]
2026-09-07 10:30:46.975 [info] > git for-each-ref --format=%(refname)%00%(upstream:short)%00%(objectname)%00%(upstream:track)%00%(upstream:remotename)%00%(upstream:remoteref) --ignore-case refs/heads/main refs/remotes/main [1706ms]
2026-09-07 10:30:47.352 [info] > git status -z -uall [346ms]
2026-09-07 10:30:47.363 [info] > git for-each-ref --sort -committerdate --format %(refname)%00%(objectname)%00%(*objectname) [346ms]
2026-09-07 10:30:48.590 [info] > git check-ignore -v -z --stdin [845ms]
2026-09-07 10:31:16.577 [info] > git check-ignore -v -z --stdin [293ms]
2026-09-07 10:31:17.806 [info] > git check-ignore -v -z --stdin [595ms]
2026-09-07 10:31:18.636 [info] > git check-ignore -v -z --stdin [395ms]
2026-09-07 10:31:19.500 [info] > git config --get commit.template [375ms]
2026-09-07 10:31:19.523 [info] > git for-each-ref --format=%(refname)%00%(upstream:short)%00%(objectname)%00%(upstream:track)%00%(upstream:remotename)%00%(upstream:remoteref) --ignore-case refs/heads/main refs/remotes/main [380ms]
2026-09-07 10:31:20.815 [info] > git status -z -uall [1282ms]
2026-09-07 10:31:20.818 [info] > git for-each-ref --sort -committerdate --format %(refname)%00%(objectname)%00%(*objectname) [1267ms]
2026-09-07 10:31:21.589 [info] > git check-ignore -v -z --stdin [1742ms]
2026-09-07 10:31:22.699 [info] > git check-ignore -v -z --stdin [1030ms]
2026-09-07 10:31:23.321 [info] > git check-ignore -v -z --stdin [489ms]
2026-09-07 10:31:23.843 [info] > git check-ignore -v -z --stdin [435ms]
2026-09-07 10:31:26.515 [info] > git for-each-ref --format=%(refname)%00%(upstream:short)%00%(objectname)%00%(upstream:track)%00%(upstream:remotename)%00%(upstream:remoteref) --ignore-case refs/heads/main refs/remotes/main [536ms]
2026-09-07 10:31:27.144 [info] > git config --get commit.template [1173ms]
2026-09-07 10:31:27.904 [info] > git check-ignore -v -z --stdin [826ms]
2026-09-07 10:31:28.142 [info] > git for-each-ref --sort -committerdate --format %(refname)%00%(objectname)%00%(*objectname) [714ms]
2026-09-07 10:31:28.155 [info] > git status -z -uall [917ms]
2026-09-07 10:31:30.035 [info] > git check-ignore -v -z --stdin [1537ms]
2026-09-07 10:32:19.271 [info] > git config --get commit.template [3966ms]
2026-09-07 10:32:19.532 [info] > git for-each-ref --format=%(refname)%00%(upstream:short)%00%(objectname)%00%(upstream:track)%00%(upstream:remotename)%00%(upstream:remoteref) --ignore-case refs/heads/main refs/remotes/main [4126ms]
2026-09-07 10:32:19.631 [info] > git check-ignore -v -z --stdin [1787ms]
2026-09-07 10:32:20.093 [info] > git for-each-ref --sort -committerdate --format %(refname)%00%(objectname)%00%(*objectname) [479ms]
2026-09-07 10:32:21.003 [info] > git status -z -uall [1449ms]
2026-09-07 10:32:24.202 [info] > git check-ignore -v -z --stdin [3585ms]
2026-09-07 10:32:25.119 [info] > git check-ignore -v -z --stdin [817ms]
2026-09-07 10:32:26.241 [info] > git config --get commit.template [183ms]
2026-09-07 10:32:26.635 [info] > git for-each-ref --format=%(refname)%00%(upstream:short)%00%(objectname)%00%(upstream:track)%00%(upstream:remotename)%00%(upstream:remoteref) --ignore-case refs/heads/main refs/remotes/main [562ms]
2026-09-07 10:32:26.876 [info] > git status -z -uall [233ms]
2026-09-07 10:32:28.692 [info] > git for-each-ref --sort -committerdate --format %(refname)%00%(objectname)%00%(*objectname) [2039ms]
2026-09-07 10:32:32.763 [info] > git check-ignore -v -z --stdin [526ms]
2026-09-07 10:32:33.480 [info] > git check-ignore -v -z --stdin [641ms]
2026-09-07 10:32:34.010 [info] > git check-ignore -v -z --stdin [438ms]
2026-09-07 10:32:34.390 [info] > git for-each-ref --format=%(refname)%00%(upstream:short)%00%(objectname)%00%(upstream:track)%00%(upstream:remotename)%00%(upstream:remoteref) --ignore-case refs/heads/main refs/remotes/main [642ms]
2026-09-07 10:32:34.396 [info] > git config --get commit.template [661ms]
2026-09-07 10:32:34.617 [info] > git check-ignore -v -z --stdin [533ms]
2026-09-07 10:32:35.935 [info] > git status -z -uall [1531ms]
2026-09-07 10:32:35.974 [info] > git for-each-ref --sort -committerdate --format %(refname)%00%(objectname)%00%(*objectname) [1558ms]
2026-09-07 10:32:36.572 [info] > git check-ignore -v -z --stdin [1888ms]
2026-09-07 10:32:37.552 [info] > git check-ignore -v -z --stdin [832ms]
2026-09-07 10:32:38.183 [info] > git check-ignore -v -z --stdin [135ms]
2026-09-07 10:32:40.856 [info] > git check-ignore -v -z --stdin [1595ms]
2026-09-07 10:32:41.719 [info] > git check-ignore -v -z --stdin [373ms]
2026-09-07 10:32:48.819 [info] > git for-each-ref --format=%(refname)%00%(upstream:short)%00%(objectname)%00%(upstream:track)%00%(upstream:remotename)%00%(upstream:remoteref) --ignore-case refs/heads/main refs/remotes/main [828ms]
2026-09-07 10:32:48.872 [info] > git config --get commit.template [1002ms]
2026-09-07 10:32:49.459 [info] > git status -z -uall [575ms]
2026-09-07 10:32:49.492 [info] > git for-each-ref --sort -committerdate --format %(refname)%00%(objectname)%00%(*objectname) [599ms]
2026-09-07 10:32:50.076 [info] > git check-ignore -v -z --stdin [224ms]
2026-09-07 10:32:54.905 [info] > git for-each-ref --format=%(refname)%00%(upstream:short)%00%(objectname)%00%(upstream:track)%00%(upstream:remotename)%00%(upstream:remoteref) --ignore-case refs/heads/main refs/remotes/main [253ms]
2026-09-07 10:32:54.920 [info] > git config --get commit.template [280ms]
2026-09-07 10:32:55.220 [info] > git for-each-ref --sort -committerdate --format %(refname)%00%(objectname)%00%(*objectname) [263ms]
2026-09-07 10:32:55.296 [info] > git status -z -uall [365ms]
2026-09-07 10:32:56.002 [info] > git check-ignore -v -z --stdin [358ms]
2026-09-07 10:33:07.513 [info] > git check-ignore -v -z --stdin [466ms]
2026-09-07 10:33:08.420 [info] > git check-ignore -v -z --stdin [209ms]
2026-09-07 10:33:10.552 [info] > git for-each-ref --format=%(refname)%00%(upstream:short)%00%(objectname)%00%(upstream:track)%00%(upstream:remotename)%00%(upstream:remoteref) --ignore-case refs/heads/main refs/remotes/main [427ms]
2026-09-07 10:33:10.562 [info] > git config --get commit.template [480ms]
2026-09-07 10:33:10.963 [info] > git status -z -uall [393ms]
2026-09-07 10:33:10.990 [info] > git for-each-ref --sort -committerdate --format %(refname)%00%(objectname)%00%(*objectname) [410ms]
2026-09-07 10:33:11.558 [info] > git check-ignore -v -z --stdin [227ms]
2026-09-07 10:33:15.347 [info] > git check-ignore -v -z --stdin [211ms]
2026-09-07 10:33:15.546 [info] > git check-ignore -v -z --stdin [130ms]
2026-09-07 10:33:17.673 [info] > git config --get commit.template [366ms]
2026-09-07 10:33:17.693 [info] > git for-each-ref --format=%(refname)%00%(upstream:short)%00%(objectname)%00%(upstream:track)%00%(upstream:remotename)%00%(upstream:remoteref) --ignore-case refs/heads/main refs/remotes/main [346ms]
2026-09-07 10:33:18.144 [info] > git for-each-ref --sort -committerdate --format %(refname)%00%(objectname)%00%(*objectname) [430ms]
2026-09-07 10:33:18.168 [info] > git status -z -uall [465ms]
2026-09-07 10:33:18.688 [info] > git check-ignore -v -z --stdin [150ms]
2026-09-07 10:33:33.660 [info] > git check-ignore -v -z --stdin [540ms]
2026-09-07 10:33:33.871 [info] > git check-ignore -v -z --stdin [129ms]
2026-09-07 10:33:35.683 [info] > git config --get commit.template [224ms]
2026-09-07 10:33:35.694 [info] > git for-each-ref --format=%(refname)%00%(upstream:short)%00%(objectname)%00%(upstream:track)%00%(upstream:remotename)%00%(upstream:remoteref) --ignore-case refs/heads/main refs/remotes/main [224ms]
2026-09-07 10:33:35.965 [info] > git for-each-ref --sort -committerdate --format %(refname)%00%(objectname)%00%(*objectname) [253ms]
2026-09-07 10:33:35.984 [info] > git status -z -uall [281ms]
2026-09-07 10:33:36.504 [info] > git check-ignore -v -z --stdin [182ms]
2026-09-07 10:33:49.950 [info] > git check-ignore -v -z --stdin [407ms]
2026-09-07 10:33:50.150 [info] > git check-ignore -v -z --stdin [126ms]
2026-09-07 10:33:51.074 [info] > git check-ignore -v -z --stdin [176ms]
2026-09-07 10:33:52.008 [info] > git check-ignore -v -z --stdin [156ms]
2026-09-07 10:33:52.471 [info] > git check-ignore -v -z --stdin [159ms]
2026-09-07 10:33:54.233 [info] > git check-ignore -v -z --stdin [724ms]
2026-09-07 10:33:55.419 [info] > git config --get commit.template [1123ms]
2026-09-07 10:33:55.419 [info] > git for-each-ref --format=%(refname)%00%(upstream:short)%00%(objectname)%00%(upstream:track)%00%(upstream:remotename)%00%(upstream:remoteref) --ignore-case refs/heads/main refs/remotes/main [1083ms]
2026-09-07 10:33:56.452 [info] > git for-each-ref --sort -committerdate --format %(refname)%00%(objectname)%00%(*objectname) [955ms]
2026-09-07 10:33:56.770 [info] > git check-ignore -v -z --stdin [1359ms]
2026-09-07 10:33:57.260 [info] > git status -z -uall [1829ms]
2026-09-07 10:33:59.971 [info] > git check-ignore -v -z --stdin [3096ms]
2026-09-07 10:34:02.252 [info] > git check-ignore -v -z --stdin [1521ms]
2026-09-07 10:34:07.319 [info] > git config --get commit.template [4432ms]
2026-09-07 10:34:07.371 [info] > git check-ignore -v -z --stdin [3732ms]
2026-09-07 10:34:08.825 [info] > git for-each-ref --format=%(refname)%00%(upstream:short)%00%(objectname)%00%(upstream:track)%00%(upstream:remotename)%00%(upstream:remoteref) --ignore-case refs/heads/main refs/remotes/main [5929ms]
2026-09-07 10:34:12.792 [info] > git status -z -uall [3162ms]
2026-09-07 10:34:12.949 [info] > git check-ignore -v -z --stdin [1403ms]
2026-09-07 10:34:13.058 [info] > git for-each-ref --sort -committerdate --format %(refname)%00%(objectname)%00%(*objectname) [2014ms]
2026-09-07 10:34:15.760 [info] > git check-ignore -v -z --stdin [2295ms]
2026-09-07 10:34:19.434 [info] > git for-each-ref --format=%(refname)%00%(upstream:short)%00%(objectname)%00%(upstream:track)%00%(upstream:remotename)%00%(upstream:remoteref) --ignore-case refs/heads/main refs/remotes/main [1238ms]
2026-09-07 10:34:19.442 [info] > git config --get commit.template [1285ms]
2026-09-07 10:34:19.802 [info] > git for-each-ref --sort -committerdate --format %(refname)%00%(objectname)%00%(*objectname) [334ms]
2026-09-07 10:34:19.828 [info] > git status -z -uall [371ms]
2026-09-07 10:34:21.331 [info] > git check-ignore -v -z --stdin [660ms]
2026-09-07 10:34:21.757 [info] > git check-ignore -v -z --stdin [304ms]
2026-09-07 10:34:22.014 [info] > git check-ignore -v -z --stdin [178ms]
2026-09-07 10:34:25.489 [info] > git config --get commit.template [599ms]
2026-09-07 10:34:26.056 [info] > git for-each-ref --format=%(refname)%00%(upstream:short)%00%(objectname)%00%(upstream:track)%00%(upstream:remotename)%00%(upstream:remoteref) --ignore-case refs/heads/main refs/remotes/main [1076ms]
2026-09-07 10:34:26.633 [info] > git for-each-ref --sort -committerdate --format %(refname)%00%(objectname)%00%(*objectname) [451ms]
2026-09-07 10:34:26.810 [info] > git status -z -uall [641ms]
2026-09-07 10:34:27.506 [info] > git check-ignore -v -z --stdin [270ms]
2026-09-07 10:35:15.013 [info] > git config --get commit.template [1362ms]
2026-09-07 10:35:15.014 [info] > git for-each-ref --format=%(refname)%00%(upstream:short)%00%(objectname)%00%(upstream:track)%00%(upstream:remotename)%00%(upstream:remoteref) --ignore-case refs/heads/main refs/remotes/main [1004ms]
2026-09-07 10:35:15.225 [info] > git for-each-ref --sort -committerdate --format %(refname)%00%(objectname)%00%(*objectname) [191ms]
2026-09-07 10:35:15.267 [info] > git status -z -uall [241ms]
2026-09-07 10:40:00.795 [info] > git check-ignore -v -z --stdin [329ms]
2026-09-07 10:40:01.504 [info] > git show --textconv HEAD:src/app/pages/dashboard/dashboard.css [651ms]
2026-09-07 10:40:01.510 [info] > git show --textconv :src/app/pages/dashboard/dashboard.css [678ms]
2026-09-07 10:40:01.517 [info] > git ls-files --stage -- src/app/pages/dashboard/dashboard.css [642ms]
2026-09-07 10:40:01.635 [info] > git ls-tree -l HEAD -- src/app/pages/dashboard/dashboard.css [704ms]
2026-09-07 10:40:01.741 [info] > git cat-file -s a144600715a28dcd011be49d73c26b028502613b [216ms]
2026-09-07 10:40:20.773 [info] > git check-ignore -v -z --stdin [1000ms]
2026-09-07 10:40:21.728 [info] > git for-each-ref --format=%(refname)%00%(upstream:short)%00%(objectname)%00%(upstream:track)%00%(upstream:remotename)%00%(upstream:remoteref) --ignore-case refs/heads/main refs/remotes/main [1334ms]
2026-09-07 10:40:21.792 [info] > git config --get commit.template [1410ms]
2026-09-07 10:40:22.780 [info] > git check-ignore -v -z --stdin [1719ms]
2026-09-07 10:40:23.442 [info] > git for-each-ref --sort -committerdate --format %(refname)%00%(objectname)%00%(*objectname) [1625ms]
2026-09-07 10:40:23.782 [info] > git status -z -uall [1975ms]
2026-09-07 10:40:23.999 [info] > git check-ignore -v -z --stdin [1096ms]
2026-09-07 10:40:24.445 [info] > git check-ignore -v -z --stdin [287ms]
2026-09-07 10:40:26.531 [info] > git check-ignore -v -z --stdin [870ms]
2026-09-07 10:40:27.306 [info] > git check-ignore -v -z --stdin [406ms]
2026-09-07 10:40:32.396 [info] > git config --get commit.template [2035ms]
2026-09-07 10:40:32.397 [info] > git for-each-ref --format=%(refname)%00%(upstream:short)%00%(objectname)%00%(upstream:track)%00%(upstream:remotename)%00%(upstream:remoteref) --ignore-case refs/heads/main refs/remotes/main [1551ms]
2026-09-07 10:40:33.750 [info] > git for-each-ref --sort -committerdate --format %(refname)%00%(objectname)%00%(*objectname) [439ms]
2026-09-07 10:40:33.903 [info] > git status -z -uall [652ms]
2026-09-07 10:40:42.380 [info] > git for-each-ref --format=%(refname)%00%(upstream:short)%00%(objectname)%00%(upstream:track)%00%(upstream:remotename)%00%(upstream:remoteref) --ignore-case refs/heads/main refs/remotes/main [1518ms]
2026-09-07 10:40:42.451 [info] > git check-ignore -v -z --stdin [1034ms]
2026-09-07 10:40:42.599 [info] > git config --get commit.template [1828ms]
2026-09-07 10:40:45.143 [info] > git status -z -uall [2531ms]
2026-09-07 10:40:45.144 [info] > git show --textconv :src/app/pages/dashboard/dashboard.css [2446ms]
2026-09-07 10:40:45.144 [info] > git show --textconv HEAD:src/app/pages/dashboard/dashboard.css [2377ms]
2026-09-07 10:40:45.544 [info] > git ls-files --stage -- src/app/pages/dashboard/dashboard.css [2726ms]
2026-09-07 10:40:45.559 [info] > git ls-tree -l HEAD -- src/app/pages/dashboard/dashboard.css [2700ms]
2026-09-07 10:40:45.598 [info] > git for-each-ref --sort -committerdate --format %(refname)%00%(objectname)%00%(*objectname) [2935ms]
2026-09-07 10:40:47.364 [info] > git cat-file -s a144600715a28dcd011be49d73c26b028502613b [1806ms]
2026-09-07 10:40:48.226 [info] > git check-ignore -v -z --stdin [522ms]
2026-09-07 10:40:50.614 [info] > git check-ignore -v -z --stdin [393ms]
2026-09-07 10:40:51.050 [info] > git config --get commit.template [379ms]
2026-09-07 10:40:51.163 [info] > git for-each-ref --format=%(refname)%00%(upstream:short)%00%(objectname)%00%(upstream:track)%00%(upstream:remotename)%00%(upstream:remoteref) --ignore-case refs/heads/main refs/remotes/main [475ms]
2026-09-07 10:40:51.766 [info] > git status -z -uall [592ms]
2026-09-07 10:40:51.837 [info] > git for-each-ref --sort -committerdate --format %(refname)%00%(objectname)%00%(*objectname) [648ms]
2026-09-07 10:40:53.261 [info] > git check-ignore -v -z --stdin [1006ms]
2026-09-07 10:40:58.908 [info] > git for-each-ref --format=%(refname)%00%(upstream:short)%00%(objectname)%00%(upstream:track)%00%(upstream:remotename)%00%(upstream:remoteref) --ignore-case refs/heads/main refs/remotes/main [312ms]
2026-09-07 10:40:58.909 [info] > git config --get commit.template [334ms]
2026-09-07 10:40:59.137 [info] > git status -z -uall [218ms]
2026-09-07 10:40:59.316 [info] > git for-each-ref --sort -committerdate --format %(refname)%00%(objectname)%00%(*objectname) [181ms]
2026-09-07 10:40:59.903 [info] > git check-ignore -v -z --stdin [182ms]
2026-09-07 10:41:06.529 [info] > git check-ignore -v -z --stdin [524ms]
2026-09-07 10:41:08.476 [info] > git config --get commit.template [655ms]
2026-09-07 10:41:08.579 [info] > git for-each-ref --format=%(refname)%00%(upstream:short)%00%(objectname)%00%(upstream:track)%00%(upstream:remotename)%00%(upstream:remoteref) --ignore-case refs/heads/main refs/remotes/main [708ms]
2026-09-07 10:41:09.127 [info] > git for-each-ref --sort -committerdate --format %(refname)%00%(objectname)%00%(*objectname) [514ms]
2026-09-07 10:41:09.131 [info] > git status -z -uall [535ms]
2026-09-07 10:41:09.682 [info] > git check-ignore -v -z --stdin [211ms]
2026-09-07 10:41:11.517 [info] > git check-ignore -v -z --stdin [468ms]
2026-09-07 10:41:12.581 [info] > git check-ignore -v -z --stdin [481ms]
2026-09-07 10:41:12.839 [info] > git check-ignore -v -z --stdin [180ms]
2026-09-07 10:41:13.920 [info] > git check-ignore -v -z --stdin [744ms]
2026-09-07 10:41:15.169 [info] > git for-each-ref --format=%(refname)%00%(upstream:short)%00%(objectname)%00%(upstream:track)%00%(upstream:remotename)%00%(upstream:remoteref) --ignore-case refs/heads/main refs/remotes/main [960ms]
2026-09-07 10:41:15.206 [info] > git config --get commit.template [1012ms]
2026-09-07 10:41:15.724 [info] > git check-ignore -v -z --stdin [978ms]
2026-09-07 10:41:16.527 [info] > git status -z -uall [1310ms]
2026-09-07 10:41:16.781 [info] > git for-each-ref --sort -committerdate --format %(refname)%00%(objectname)%00%(*objectname) [1471ms]
2026-09-07 10:41:17.656 [info] > git check-ignore -v -z --stdin [1796ms]
2026-09-07 10:41:19.202 [info] > git check-ignore -v -z --stdin [1312ms]
2026-09-07 10:41:22.024 [info] > git config --get commit.template [188ms]
2026-09-07 10:41:22.027 [info] > git for-each-ref --format=%(refname)%00%(upstream:short)%00%(objectname)%00%(upstream:track)%00%(upstream:remotename)%00%(upstream:remoteref) --ignore-case refs/heads/main refs/remotes/main [183ms]
2026-09-07 10:41:22.635 [info] > git status -z -uall [200ms]
2026-09-07 10:41:22.642 [info] > git for-each-ref --sort -committerdate --format %(refname)%00%(objectname)%00%(*objectname) [151ms]
2026-09-07 10:41:23.199 [info] > git check-ignore -v -z --stdin [170ms]
2026-09-07 10:41:27.888 [info] > git config --get commit.template [177ms]
2026-09-07 10:41:27.897 [info] > git for-each-ref --format=%(refname)%00%(upstream:short)%00%(objectname)%00%(upstream:track)%00%(upstream:remotename)%00%(upstream:remoteref) --ignore-case refs/heads/main refs/remotes/main [175ms]
2026-09-07 10:41:28.111 [info] > git for-each-ref --sort -committerdate --format %(refname)%00%(objectname)%00%(*objectname) [196ms]
2026-09-07 10:41:28.118 [info] > git status -z -uall [211ms]
2026-09-07 10:41:29.496 [info] > git check-ignore -v -z --stdin [1016ms]
2026-09-07 10:41:29.822 [info] > git check-ignore -v -z --stdin [135ms]
2026-09-07 10:41:30.084 [info] > git check-ignore -v -z --stdin [199ms]
2026-09-07 10:41:30.356 [info] > git check-ignore -v -z --stdin [193ms]
2026-09-07 10:41:30.562 [info] > git check-ignore -v -z --stdin [139ms]
2026-09-07 10:41:33.013 [info] > git check-ignore -v -z --stdin [1023ms]
2026-09-07 10:41:33.665 [info] > git config --get commit.template [511ms]
2026-09-07 10:41:33.706 [info] > git for-each-ref --format=%(refname)%00%(upstream:short)%00%(objectname)%00%(upstream:track)%00%(upstream:remotename)%00%(upstream:remoteref) --ignore-case refs/heads/main refs/remotes/main [544ms]
2026-09-07 10:41:34.189 [info] > git check-ignore -v -z --stdin [923ms]
2026-09-07 10:41:34.924 [info] > git status -z -uall [1202ms]
2026-09-07 10:41:34.973 [info] > git for-each-ref --sort -committerdate --format %(refname)%00%(objectname)%00%(*objectname) [1212ms]
2026-09-07 10:41:35.264 [info] > git check-ignore -v -z --stdin [978ms]
2026-09-07 10:41:35.880 [info] > git check-ignore -v -z --stdin [513ms]
2026-09-07 10:41:39.621 [info] > git check-ignore -v -z --stdin [305ms]
2026-09-07 10:41:39.841 [info] > git check-ignore -v -z --stdin [148ms]
2026-09-07 10:41:40.393 [info] > git config --get commit.template [371ms]
2026-09-07 10:41:40.405 [info] > git for-each-ref --format=%(refname)%00%(upstream:short)%00%(objectname)%00%(upstream:track)%00%(upstream:remotename)%00%(upstream:remoteref) --ignore-case refs/heads/main refs/remotes/main [375ms]
2026-09-07 10:41:40.904 [info] > git status -z -uall [487ms]
2026-09-07 10:41:40.987 [info] > git for-each-ref --sort -committerdate --format %(refname)%00%(objectname)%00%(*objectname) [546ms]
2026-09-07 10:41:41.641 [info] > git check-ignore -v -z --stdin [318ms]
2026-09-07 10:41:46.254 [info] > git config --get commit.template [204ms]
2026-09-07 10:41:46.286 [info] > git for-each-ref --format=%(refname)%00%(upstream:short)%00%(objectname)%00%(upstream:track)%00%(upstream:remotename)%00%(upstream:remoteref) --ignore-case refs/heads/main refs/remotes/main [225ms]
2026-09-07 10:41:46.869 [info] > git for-each-ref --sort -committerdate --format %(refname)%00%(objectname)%00%(*objectname) [566ms]
2026-09-07 10:41:46.870 [info] > git status -z -uall [576ms]
2026-09-07 10:41:48.006 [info] > git check-ignore -v -z --stdin [776ms]
2026-09-07 10:42:46.174 [info] > git config --get commit.template [7359ms]
2026-09-07 10:42:46.254 [info] > git for-each-ref --format=%(refname)%00%(upstream:short)%00%(objectname)%00%(upstream:track)%00%(upstream:remotename)%00%(upstream:remoteref) --ignore-case refs/heads/main refs/remotes/main [7426ms]
2026-09-07 10:42:47.404 [info] > git for-each-ref --sort -committerdate --format %(refname)%00%(objectname)%00%(*objectname) [1067ms]
2026-09-07 10:42:47.453 [info] > git status -z -uall [1184ms]
2026-09-07 10:42:58.237 [info] > git config --get commit.template [208ms]
2026-09-07 10:42:58.375 [info] > git for-each-ref --format=%(refname)%00%(upstream:short)%00%(objectname)%00%(upstream:track)%00%(upstream:remotename)%00%(upstream:remoteref) --ignore-case refs/heads/main refs/remotes/main [337ms]
2026-09-07 10:42:58.731 [info] > git for-each-ref --sort -committerdate --format %(refname)%00%(objectname)%00%(*objectname) [295ms]
2026-09-07 10:42:58.803 [info] > git status -z -uall [389ms]
2026-09-07 10:43:05.867 [info] > git config --get commit.template [467ms]
2026-09-07 10:43:05.874 [info] > git for-each-ref --format=%(refname)%00%(upstream:short)%00%(objectname)%00%(upstream:track)%00%(upstream:remotename)%00%(upstream:remoteref) --ignore-case refs/heads/main refs/remotes/main [464ms]
2026-09-07 10:43:06.107 [info] > git for-each-ref --sort -committerdate --format %(refname)%00%(objectname)%00%(*objectname) [203ms]
2026-09-07 10:43:06.121 [info] > git status -z -uall [232ms]
2026-09-07 10:43:11.439 [info] > git config --get commit.template [252ms]
2026-09-07 10:43:11.473 [info] > git for-each-ref --format=%(refname)%00%(upstream:short)%00%(objectname)%00%(upstream:track)%00%(upstream:remotename)%00%(upstream:remoteref) --ignore-case refs/heads/main refs/remotes/main [277ms]
2026-09-07 10:43:11.687 [info] > git status -z -uall [202ms]
2026-09-07 10:43:11.703 [info] > git for-each-ref --sort -committerdate --format %(refname)%00%(objectname)%00%(*objectname) [196ms]
2026-09-07 10:43:17.123 [info] > git config --get commit.template [367ms]
2026-09-07 10:43:17.125 [info] > git for-each-ref --format=%(refname)%00%(upstream:short)%00%(objectname)%00%(upstream:track)%00%(upstream:remotename)%00%(upstream:remoteref) --ignore-case refs/heads/main refs/remotes/main [356ms]
2026-09-07 10:43:17.786 [info] > git for-each-ref --sort -committerdate --format %(refname)%00%(objectname)%00%(*objectname) [629ms]
2026-09-07 10:43:17.805 [info] > git status -z -uall [670ms]
2026-09-07 10:43:23.300 [info] > git config --get commit.template [378ms]
2026-09-07 10:43:23.311 [info] > git for-each-ref --format=%(refname)%00%(upstream:short)%00%(objectname)%00%(upstream:track)%00%(upstream:remotename)%00%(upstream:remoteref) --ignore-case refs/heads/main refs/remotes/main [375ms]
2026-09-07 10:43:23.584 [info] > git status -z -uall [265ms]
2026-09-07 10:43:23.612 [info] > git for-each-ref --sort -committerdate --format %(refname)%00%(objectname)%00%(*objectname) [280ms]
2026-09-07 10:43:29.005 [info] > git config --get commit.template [358ms]
2026-09-07 10:43:29.072 [info] > git for-each-ref --format=%(refname)%00%(upstream:short)%00%(objectname)%00%(upstream:track)%00%(upstream:remotename)%00%(upstream:remoteref) --ignore-case refs/heads/main refs/remotes/main [419ms]
2026-09-07 10:43:29.462 [info] > git status -z -uall [373ms]
2026-09-07 10:43:29.475 [info] > git for-each-ref --sort -committerdate --format %(refname)%00%(objectname)%00%(*objectname) [325ms]
2026-09-07 10:43:34.817 [info] > git for-each-ref --format=%(refname)%00%(upstream:short)%00%(objectname)%00%(upstream:track)%00%(upstream:remotename)%00%(upstream:remoteref) --ignore-case refs/heads/main refs/remotes/main [293ms]
2026-09-07 10:43:34.839 [info] > git config --get commit.template [322ms]
2026-09-07 10:43:35.066 [info] > git for-each-ref --sort -committerdate --format %(refname)%00%(objectname)%00%(*objectname) [209ms]
2026-09-07 10:43:35.074 [info] > git status -z -uall [225ms]
2026-09-07 10:43:40.325 [info] > git for-each-ref --format=%(refname)%00%(upstream:short)%00%(objectname)%00%(upstream:track)%00%(upstream:remotename)%00%(upstream:remoteref) --ignore-case refs/heads/main refs/remotes/main [158ms]
2026-09-07 10:43:40.330 [info] > git config --get commit.template [200ms]
2026-09-07 10:43:40.537 [info] > git for-each-ref --sort -committerdate --format %(refname)%00%(objectname)%00%(*objectname) [190ms]
2026-09-07 10:43:40.569 [info] > git status -z -uall [232ms]
2026-09-07 10:43:46.155 [info] > git config --get commit.template [180ms]
2026-09-07 10:43:46.164 [info] > git for-each-ref --format=%(refname)%00%(upstream:short)%00%(objectname)%00%(upstream:track)%00%(upstream:remotename)%00%(upstream:remoteref) --ignore-case refs/heads/main refs/remotes/main [181ms]
2026-09-07 10:43:46.441 [info] > git for-each-ref --sort -committerdate --format %(refname)%00%(objectname)%00%(*objectname) [259ms]
2026-09-07 10:43:46.449 [info] > git status -z -uall [276ms]
2026-09-07 10:43:51.803 [info] > git config --get commit.template [295ms]
2026-09-07 10:43:51.839 [info] > git for-each-ref --format=%(refname)%00%(upstream:short)%00%(objectname)%00%(upstream:track)%00%(upstream:remotename)%00%(upstream:remoteref) --ignore-case refs/heads/main refs/remotes/main [320ms]
2026-09-07 10:43:52.094 [info] > git for-each-ref --sort -committerdate --format %(refname)%00%(objectname)%00%(*objectname) [233ms]
2026-09-07 10:43:52.116 [info] > git status -z -uall [265ms]
2026-09-07 10:43:58.573 [info] > git for-each-ref --format=%(refname)%00%(upstream:short)%00%(objectname)%00%(upstream:track)%00%(upstream:remotename)%00%(upstream:remoteref) --ignore-case refs/heads/main refs/remotes/main [1279ms]
2026-09-07 10:43:58.613 [info] > git config --get commit.template [1329ms]
2026-09-07 10:43:58.872 [info] > git for-each-ref --sort -committerdate --format %(refname)%00%(objectname)%00%(*objectname) [242ms]
2026-09-07 10:43:59.769 [info] > git status -z -uall [1147ms]
2026-09-07 10:44:05.434 [info] > git check-ignore -v -z --stdin [1160ms]
2026-09-07 10:44:06.663 [info] > git config --get commit.template [1754ms]
2026-09-07 10:44:06.807 [info] > git show --textconv HEAD:src/app/pages/dashboard/dashboard.css [886ms]
2026-09-07 10:44:06.818 [info] > git for-each-ref --format=%(refname)%00%(upstream:short)%00%(objectname)%00%(upstream:track)%00%(upstream:remotename)%00%(upstream:remoteref) --ignore-case refs/heads/main refs/remotes/main [1901ms]
2026-09-07 10:44:06.862 [info] > git show --textconv :src/app/pages/dashboard/dashboard.css [1403ms]
2026-09-07 10:44:06.863 [info] > git ls-files --stage -- src/app/pages/dashboard/dashboard.css [927ms]
2026-09-07 10:44:06.890 [info] > git ls-tree -l HEAD -- src/app/pages/dashboard/dashboard.css [927ms]
2026-09-07 10:44:07.287 [info] > git for-each-ref --sort -committerdate --format %(refname)%00%(objectname)%00%(*objectname) [433ms]
2026-09-07 10:44:07.309 [info] > git cat-file -s a144600715a28dcd011be49d73c26b028502613b [439ms]
2026-09-07 10:44:07.481 [info] > git status -z -uall [654ms]
2026-09-07 10:44:08.425 [info] > git check-ignore -v -z --stdin [978ms]
2026-09-07 10:44:10.040 [info] > git check-ignore -v -z --stdin [412ms]
2026-09-07 10:44:10.329 [info] > git check-ignore -v -z --stdin [207ms]
2026-09-07 10:44:10.826 [info] > git check-ignore -v -z --stdin [253ms]
2026-09-07 10:44:12.492 [info] > git check-ignore -v -z --stdin [175ms]
2026-09-07 10:44:12.788 [info] > git config --get commit.template [261ms]
2026-09-07 10:44:12.808 [info] > git for-each-ref --format=%(refname)%00%(upstream:short)%00%(objectname)%00%(upstream:track)%00%(upstream:remotename)%00%(upstream:remoteref) --ignore-case refs/heads/main refs/remotes/main [268ms]
2026-09-07 10:44:13.343 [info] > git status -z -uall [524ms]
2026-09-07 10:44:13.344 [info] > git for-each-ref --sort -committerdate --format %(refname)%00%(objectname)%00%(*objectname) [514ms]
2026-09-07 10:44:15.242 [info] > git check-ignore -v -z --stdin [1378ms]
2026-09-07 10:44:15.772 [info] > git check-ignore -v -z --stdin [420ms]
2026-09-07 10:44:16.060 [info] > git check-ignore -v -z --stdin [208ms]
2026-09-07 10:44:17.825 [info] > git check-ignore -v -z --stdin [574ms]
2026-09-07 10:44:18.326 [info] > git check-ignore -v -z --stdin [395ms]
2026-09-07 10:44:18.862 [info] > git for-each-ref --format=%(refname)%00%(upstream:short)%00%(objectname)%00%(upstream:track)%00%(upstream:remotename)%00%(upstream:remoteref) --ignore-case refs/heads/main refs/remotes/main [471ms]
2026-09-07 10:44:18.900 [info] > git config --get commit.template [519ms]
2026-09-07 10:44:19.333 [info] > git status -z -uall [424ms]
2026-09-07 10:44:19.375 [info] > git for-each-ref --sort -committerdate --format %(refname)%00%(objectname)%00%(*objectname) [456ms]
2026-09-07 10:44:19.902 [info] > git check-ignore -v -z --stdin [169ms]
2026-09-07 10:44:23.423 [info] > git check-ignore -v -z --stdin [2611ms]
2026-09-07 10:44:27.886 [info] > git config --get commit.template [1282ms]
2026-09-07 10:44:27.952 [info] > git check-ignore -v -z --stdin [3537ms]
2026-09-07 10:44:28.131 [info] > git for-each-ref --format=%(refname)%00%(upstream:short)%00%(objectname)%00%(upstream:track)%00%(upstream:remotename)%00%(upstream:remoteref) --ignore-case refs/heads/main refs/remotes/main [1358ms]
2026-09-07 10:44:29.167 [info] > git status -z -uall [1025ms]
2026-09-07 10:44:30.206 [info] > git for-each-ref --sort -committerdate --format %(refname)%00%(objectname)%00%(*objectname) [1955ms]
2026-09-07 10:44:30.597 [info] > git check-ignore -v -z --stdin [2491ms]
2026-09-07 10:44:31.070 [info] > git check-ignore -v -z --stdin [357ms]
2026-09-07 10:44:32.051 [info] > git check-ignore -v -z --stdin [881ms]
2026-09-07 10:44:37.753 [info] > git config --get commit.template [301ms]
2026-09-07 10:44:37.761 [info] > git for-each-ref --format=%(refname)%00%(upstream:short)%00%(objectname)%00%(upstream:track)%00%(upstream:remotename)%00%(upstream:remoteref) --ignore-case refs/heads/main refs/remotes/main [295ms]
2026-09-07 10:44:38.076 [info] > git for-each-ref --sort -committerdate --format %(refname)%00%(objectname)%00%(*objectname) [265ms]
2026-09-07 10:44:38.093 [info] > git status -z -uall [319ms]
2026-09-07 10:44:38.623 [info] > git check-ignore -v -z --stdin [189ms]
2026-09-07 10:44:39.047 [info] > git check-ignore -v -z --stdin [202ms]
2026-09-07 10:44:43.649 [info] > git check-ignore -v -z --stdin [1124ms]
2026-09-07 10:44:44.536 [info] > git config --get commit.template [1379ms]
2026-09-07 10:44:46.106 [info] > git for-each-ref --format=%(refname)%00%(upstream:short)%00%(objectname)%00%(upstream:track)%00%(upstream:remotename)%00%(upstream:remoteref) --ignore-case refs/heads/main refs/remotes/main [2918ms]
2026-09-07 10:44:46.224 [info] > git check-ignore -v -z --stdin [2349ms]
2026-09-07 10:44:46.647 [info] > git status -z -uall [488ms]
2026-09-07 10:44:46.648 [info] > git for-each-ref --sort -committerdate --format %(refname)%00%(objectname)%00%(*objectname) [476ms]
2026-09-07 10:44:47.351 [info] > git check-ignore -v -z --stdin [546ms]
2026-09-07 10:44:47.895 [info] > git check-ignore -v -z --stdin [461ms]
2026-09-07 10:44:48.201 [info] > git check-ignore -v -z --stdin [232ms]
2026-09-07 10:44:51.947 [info] > git config --get commit.template [261ms]
2026-09-07 10:44:52.094 [info] > git for-each-ref --format=%(refname)%00%(upstream:short)%00%(objectname)%00%(upstream:track)%00%(upstream:remotename)%00%(upstream:remoteref) --ignore-case refs/heads/main refs/remotes/main [399ms]
2026-09-07 10:44:52.440 [info] > git for-each-ref --sort -committerdate --format %(refname)%00%(objectname)%00%(*objectname) [301ms]
2026-09-07 10:44:52.454 [info] > git status -z -uall [327ms]
2026-09-07 10:44:52.983 [info] > git check-ignore -v -z --stdin [180ms]
2026-09-07 10:44:57.707 [info] > git config --get commit.template [188ms]
2026-09-07 10:44:57.713 [info] > git for-each-ref --format=%(refname)%00%(upstream:short)%00%(objectname)%00%(upstream:track)%00%(upstream:remotename)%00%(upstream:remoteref) --ignore-case refs/heads/main refs/remotes/main [164ms]
2026-09-07 10:44:58.319 [info] > git for-each-ref --sort -committerdate --format %(refname)%00%(objectname)%00%(*objectname) [441ms]
2026-09-07 10:44:58.340 [info] > git status -z -uall [499ms]
2026-09-07 10:44:58.596 [info] > git check-ignore -v -z --stdin [173ms]
2026-09-07 10:44:58.939 [info] > git check-ignore -v -z --stdin [212ms]
2026-09-07 10:45:04.134 [info] > git config --get commit.template [720ms]
2026-09-07 10:45:04.176 [info] > git for-each-ref --format=%(refname)%00%(upstream:short)%00%(objectname)%00%(upstream:track)%00%(upstream:remotename)%00%(upstream:remoteref) --ignore-case refs/heads/main refs/remotes/main [753ms]
2026-09-07 10:45:04.459 [info] > git status -z -uall [262ms]
2026-09-07 10:45:04.468 [info] > git for-each-ref --sort -committerdate --format %(refname)%00%(objectname)%00%(*objectname) [223ms]
2026-09-07 10:45:05.070 [info] > git check-ignore -v -z --stdin [255ms]
2026-09-07 10:45:09.740 [info] > git for-each-ref --format=%(refname)%00%(upstream:short)%00%(objectname)%00%(upstream:track)%00%(upstream:remotename)%00%(upstream:remoteref) --ignore-case refs/heads/main refs/remotes/main [172ms]
2026-09-07 10:45:09.749 [info] > git config --get commit.template [206ms]
2026-09-07 10:45:09.957 [info] > git for-each-ref --sort -committerdate --format %(refname)%00%(objectname)%00%(*objectname) [192ms]
2026-09-07 10:45:09.961 [info] > git status -z -uall [205ms]
2026-09-07 10:45:10.592 [info] > git check-ignore -v -z --stdin [251ms]
2026-09-07 10:45:10.838 [info] > git check-ignore -v -z --stdin [127ms]
2026-09-07 10:45:25.294 [info] > git config --get commit.template [602ms]
2026-09-07 10:45:25.314 [info] > git for-each-ref --format=%(refname)%00%(upstream:short)%00%(objectname)%00%(upstream:track)%00%(upstream:remotename)%00%(upstream:remoteref) --ignore-case refs/heads/main refs/remotes/main [609ms]
2026-09-07 10:45:25.570 [info] > git for-each-ref --sort -committerdate --format %(refname)%00%(objectname)%00%(*objectname) [222ms]
2026-09-07 10:45:25.581 [info] > git status -z -uall [250ms]
2026-09-07 10:45:26.252 [info] > git check-ignore -v -z --stdin [286ms]
2026-09-07 10:45:50.226 [info] > git for-each-ref --format=%(refname)%00%(upstream:short)%00%(objectname)%00%(upstream:track)%00%(upstream:remotename)%00%(upstream:remoteref) --ignore-case refs/heads/main refs/remotes/main [773ms]
2026-09-07 10:45:50.261 [info] > git config --get commit.template [893ms]
2026-09-07 10:45:50.499 [info] > git for-each-ref --sort -committerdate --format %(refname)%00%(objectname)%00%(*objectname) [210ms]
2026-09-07 10:45:50.509 [info] > git status -z -uall [230ms]
2026-09-07 10:45:51.759 [info] > git check-ignore -v -z --stdin [720ms]
2026-09-07 10:46:10.328 [info] > git check-ignore -v -z --stdin [215ms]
2026-09-07 10:46:11.319 [info] > git check-ignore -v -z --stdin [679ms]
2026-09-07 10:46:12.412 [info] > git check-ignore -v -z --stdin [348ms]
2026-09-07 10:46:14.205 [info] > git config --get commit.template [1716ms]
2026-09-07 10:46:14.499 [info] > git for-each-ref --format=%(refname)%00%(upstream:short)%00%(objectname)%00%(upstream:track)%00%(upstream:remotename)%00%(upstream:remoteref) --ignore-case refs/heads/main refs/remotes/main [1943ms]
2026-09-07 10:46:14.830 [info] > git check-ignore -v -z --stdin [1536ms]
2026-09-07 10:46:14.932 [info] > git status -z -uall [425ms]
2026-09-07 10:46:14.937 [info] > git for-each-ref --sort -committerdate --format %(refname)%00%(objectname)%00%(*objectname) [420ms]
2026-09-07 10:46:15.587 [info] > git check-ignore -v -z --stdin [177ms]
2026-09-07 10:46:27.039 [info] > git config --get commit.template [611ms]
2026-09-07 10:46:27.280 [info] > git for-each-ref --format=%(refname)%00%(upstream:short)%00%(objectname)%00%(upstream:track)%00%(upstream:remotename)%00%(upstream:remoteref) --ignore-case refs/heads/main refs/remotes/main [183ms]
2026-09-07 10:46:27.610 [info] > git for-each-ref --sort -committerdate --format %(refname)%00%(objectname)%00%(*objectname) [309ms]
2026-09-07 10:46:27.650 [info] > git status -z -uall [359ms]
2026-09-07 10:46:30.066 [info] > git check-ignore -v -z --stdin [328ms]
2026-09-07 10:46:30.490 [info] > git show --textconv HEAD:src/app/pages/dashboard/dashboard.css [383ms]
2026-09-07 10:46:30.513 [info] > git show --textconv :src/app/pages/dashboard/dashboard.css [416ms]
2026-09-07 10:46:30.527 [info] > git ls-files --stage -- src/app/pages/dashboard/dashboard.css [411ms]
2026-09-07 10:46:30.546 [info] > git ls-tree -l HEAD -- src/app/pages/dashboard/dashboard.css [417ms]
2026-09-07 10:46:30.693 [info] > git cat-file -s a144600715a28dcd011be49d73c26b028502613b [159ms]
2026-09-07 10:46:31.430 [info] > git check-ignore -v -z --stdin [198ms]
2026-09-07 10:46:31.919 [info] > git check-ignore -v -z --stdin [180ms]
2026-09-07 10:46:34.294 [info] > git check-ignore -v -z --stdin [259ms]
2026-09-07 10:46:36.976 [info] > git config --get commit.template [205ms]
2026-09-07 10:46:37.011 [info] > git for-each-ref --format=%(refname)%00%(upstream:short)%00%(objectname)%00%(upstream:track)%00%(upstream:remotename)%00%(upstream:remoteref) --ignore-case refs/heads/main refs/remotes/main [231ms]
2026-09-07 10:46:37.531 [info] > git status -z -uall [501ms]
2026-09-07 10:46:37.532 [info] > git for-each-ref --sort -committerdate --format %(refname)%00%(objectname)%00%(*objectname) [490ms]
2026-09-07 10:46:37.708 [info] > git check-ignore -v -z --stdin [229ms]
2026-09-07 10:46:38.028 [info] > git check-ignore -v -z --stdin [150ms]
2026-09-07 10:46:42.850 [info] > git for-each-ref --format=%(refname)%00%(upstream:short)%00%(objectname)%00%(upstream:track)%00%(upstream:remotename)%00%(upstream:remoteref) --ignore-case refs/heads/main refs/remotes/main [255ms]
2026-09-07 10:46:42.856 [info] > git config --get commit.template [281ms]
2026-09-07 10:46:43.089 [info] > git for-each-ref --sort -committerdate --format %(refname)%00%(objectname)%00%(*objectname) [208ms]
2026-09-07 10:46:43.096 [info] > git status -z -uall [232ms]
2026-09-07 10:46:43.588 [info] > git check-ignore -v -z --stdin [125ms]
2026-09-07 10:46:50.345 [info] > git check-ignore -v -z --stdin [171ms]
2026-09-07 10:46:51.520 [info] > git check-ignore -v -z --stdin [413ms]
2026-09-07 10:46:51.946 [info] > git check-ignore -v -z --stdin [211ms]
2026-09-07 10:46:52.448 [info] > git check-ignore -v -z --stdin [329ms]
2026-09-07 10:46:54.619 [info] > git check-ignore -v -z --stdin [1183ms]
2026-09-07 10:46:55.082 [info] > git config --get commit.template [999ms]
2026-09-07 10:46:55.192 [info] > git for-each-ref --format=%(refname)%00%(upstream:short)%00%(objectname)%00%(upstream:track)%00%(upstream:remotename)%00%(upstream:remoteref) --ignore-case refs/heads/main refs/remotes/main [1100ms]
2026-09-07 10:46:55.475 [info] > git check-ignore -v -z --stdin [739ms]
2026-09-07 10:46:56.553 [info] > git status -z -uall [1347ms]
2026-09-07 10:46:56.581 [info] > git for-each-ref --sort -committerdate --format %(refname)%00%(objectname)%00%(*objectname) [1362ms]
2026-09-07 10:46:57.411 [info] > git check-ignore -v -z --stdin [835ms]
2026-09-07 10:46:59.925 [info] > git check-ignore -v -z --stdin [1954ms]
2026-09-07 10:47:01.094 [info] > git check-ignore -v -z --stdin [925ms]
2026-09-07 10:47:02.182 [info] > git config --get commit.template [508ms]
2026-09-07 10:47:02.280 [info] > git for-each-ref --format=%(refname)%00%(upstream:short)%00%(objectname)%00%(upstream:track)%00%(upstream:remotename)%00%(upstream:remoteref) --ignore-case refs/heads/main refs/remotes/main [483ms]
2026-09-07 10:47:02.618 [info] > git status -z -uall [324ms]
2026-09-07 10:47:02.821 [info] > git for-each-ref --sort -committerdate --format %(refname)%00%(objectname)%00%(*objectname) [516ms]
2026-09-07 10:47:04.812 [info] > git check-ignore -v -z --stdin [348ms]
2026-09-07 10:47:05.957 [info] > git check-ignore -v -z --stdin [142ms]
2026-09-07 10:47:08.145 [info] > git config --get commit.template [268ms]
2026-09-07 10:47:08.165 [info] > git for-each-ref --format=%(refname)%00%(upstream:short)%00%(objectname)%00%(upstream:track)%00%(upstream:remotename)%00%(upstream:remoteref) --ignore-case refs/heads/main refs/remotes/main [263ms]
2026-09-07 10:47:09.704 [info] > git status -z -uall [1530ms]
2026-09-07 10:47:09.912 [info] > git for-each-ref --sort -committerdate --format %(refname)%00%(objectname)%00%(*objectname) [1729ms]
2026-09-07 10:47:10.275 [info] > git check-ignore -v -z --stdin [524ms]
2026-09-07 10:47:10.791 [info] > git check-ignore -v -z --stdin [334ms]
2026-09-07 10:47:12.781 [info] > git check-ignore -v -z --stdin [343ms]
2026-09-07 10:47:16.704 [info] > git check-ignore -v -z --stdin [2657ms]
2026-09-07 10:47:17.159 [info] > git config --get commit.template [777ms]
2026-09-07 10:47:17.746 [info] > git for-each-ref --format=%(refname)%00%(upstream:short)%00%(objectname)%00%(upstream:track)%00%(upstream:remotename)%00%(upstream:remoteref) --ignore-case refs/heads/main refs/remotes/main [1156ms]
2026-09-07 10:47:17.832 [info] > git check-ignore -v -z --stdin [898ms]
2026-09-07 10:47:20.419 [info] > git for-each-ref --sort -committerdate --format %(refname)%00%(objectname)%00%(*objectname) [2639ms]
2026-09-07 10:47:20.482 [info] > git status -z -uall [2726ms]
2026-09-07 10:47:22.228 [info] > git check-ignore -v -z --stdin [1161ms]
2026-09-07 10:47:22.652 [info] > git check-ignore -v -z --stdin [273ms]
2026-09-07 10:47:24.414 [info] > git check-ignore -v -z --stdin [271ms]
2026-09-07 10:47:26.137 [info] > git check-ignore -v -z --stdin [352ms]
2026-09-07 10:47:26.428 [info] > git config --get commit.template [498ms]
2026-09-07 10:47:26.495 [info] > git for-each-ref --format=%(refname)%00%(upstream:short)%00%(objectname)%00%(upstream:track)%00%(upstream:remotename)%00%(upstream:remoteref) --ignore-case refs/heads/main refs/remotes/main [541ms]
2026-09-07 10:47:26.856 [info] > git for-each-ref --sort -committerdate --format %(refname)%00%(objectname)%00%(*objectname) [340ms]
2026-09-07 10:47:26.940 [info] > git status -z -uall [435ms]
2026-09-07 10:47:28.927 [info] > git check-ignore -v -z --stdin [1426ms]
2026-09-07 10:47:29.357 [info] > git check-ignore -v -z --stdin [324ms]
2026-09-07 10:47:32.535 [info] > git config --get commit.template [530ms]
2026-09-07 10:47:32.555 [info] > git for-each-ref --format=%(refname)%00%(upstream:short)%00%(objectname)%00%(upstream:track)%00%(upstream:remotename)%00%(upstream:remoteref) --ignore-case refs/heads/main refs/remotes/main [536ms]
2026-09-07 10:47:34.353 [info] > git status -z -uall [1786ms]
2026-09-07 10:47:35.145 [info] > git for-each-ref --sort -committerdate --format %(refname)%00%(objectname)%00%(*objectname) [800ms]
2026-09-07 10:47:35.730 [info] > git check-ignore -v -z --stdin [230ms]
2026-09-07 10:48:07.297 [info] > git check-ignore -v -z --stdin [479ms]
2026-09-07 10:48:07.771 [info] > git check-ignore -v -z --stdin [330ms]
2026-09-07 10:48:14.957 [info] > git config --get commit.template [441ms]
2026-09-07 10:48:15.062 [info] > git for-each-ref --format=%(refname)%00%(upstream:short)%00%(objectname)%00%(upstream:track)%00%(upstream:remotename)%00%(upstream:remoteref) --ignore-case refs/heads/main refs/remotes/main [508ms]
2026-09-07 10:48:15.547 [info] > git for-each-ref --sort -committerdate --format %(refname)%00%(objectname)%00%(*objectname) [457ms]
2026-09-07 10:48:15.581 [info] > git status -z -uall [501ms]
2026-09-07 10:48:15.874 [info] > git check-ignore -v -z --stdin [197ms]
2026-09-07 10:48:16.110 [info] > git check-ignore -v -z --stdin [153ms]
2026-09-07 10:48:20.893 [info] > git config --get commit.template [278ms]
2026-09-07 10:48:20.894 [info] > git for-each-ref --format=%(refname)%00%(upstream:short)%00%(objectname)%00%(upstream:track)%00%(upstream:remotename)%00%(upstream:remoteref) --ignore-case refs/heads/main refs/remotes/main [233ms]
2026-09-07 10:48:21.310 [info] > git check-ignore -v -z --stdin [485ms]
2026-09-07 10:48:21.340 [info] > git for-each-ref --sort -committerdate --format %(refname)%00%(objectname)%00%(*objectname) [429ms]
2026-09-07 10:48:21.365 [info] > git status -z -uall [463ms]
2026-09-07 10:48:21.583 [info] > git check-ignore -v -z --stdin [128ms]
2026-09-07 10:48:21.825 [info] > git check-ignore -v -z --stdin [116ms]
2026-09-07 10:48:27.310 [info] > git config --get commit.template [863ms]
2026-09-07 10:48:27.320 [info] > git for-each-ref --format=%(refname)%00%(upstream:short)%00%(objectname)%00%(upstream:track)%00%(upstream:remotename)%00%(upstream:remoteref) --ignore-case refs/heads/main refs/remotes/main [801ms]
2026-09-07 10:48:28.032 [info] > git for-each-ref --sort -committerdate --format %(refname)%00%(objectname)%00%(*objectname) [689ms]
2026-09-07 10:48:28.098 [info] > git status -z -uall [769ms]
2026-09-07 10:48:28.766 [info] > git check-ignore -v -z --stdin [267ms]
2026-09-07 10:49:03.326 [info] > git check-ignore -v -z --stdin [133ms]
2026-09-07 10:49:04.302 [info] > git check-ignore -v -z --stdin [499ms]
2026-09-07 10:49:04.603 [info] > git check-ignore -v -z --stdin [200ms]
2026-09-07 10:49:04.821 [info] > git check-ignore -v -z --stdin [124ms]
2026-09-07 10:49:05.126 [info] > git check-ignore -v -z --stdin [213ms]
2026-09-07 10:49:05.854 [info] > git check-ignore -v -z --stdin [549ms]
2026-09-07 10:49:06.754 [info] > git check-ignore -v -z --stdin [403ms]
2026-09-07 10:49:07.596 [info] > git for-each-ref --format=%(refname)%00%(upstream:short)%00%(objectname)%00%(upstream:track)%00%(upstream:remotename)%00%(upstream:remoteref) --ignore-case refs/heads/main refs/remotes/main [328ms]
2026-09-07 10:49:07.834 [info] > git config --get commit.template [577ms]
2026-09-07 10:49:08.692 [info] > git for-each-ref --sort -committerdate --format %(refname)%00%(objectname)%00%(*objectname) [789ms]
2026-09-07 10:49:08.736 [info] > git status -z -uall [876ms]
2026-09-07 10:49:09.093 [info] > git check-ignore -v -z --stdin [512ms]
2026-09-07 10:49:09.603 [info] > git check-ignore -v -z --stdin [402ms]
2026-09-07 10:49:10.755 [info] > git check-ignore -v -z --stdin [974ms]
2026-09-07 10:49:11.096 [info] > git check-ignore -v -z --stdin [235ms]
2026-09-07 10:49:11.766 [info] > git check-ignore -v -z --stdin [450ms]
2026-09-07 10:49:12.114 [info] > git check-ignore -v -z --stdin [205ms]
2026-09-07 10:49:14.024 [info] > git config --get commit.template [218ms]
2026-09-07 10:49:14.118 [info] > git for-each-ref --format=%(refname)%00%(upstream:short)%00%(objectname)%00%(upstream:track)%00%(upstream:remotename)%00%(upstream:remoteref) --ignore-case refs/heads/main refs/remotes/main [295ms]
2026-09-07 10:49:15.282 [info] > git for-each-ref --sort -committerdate --format %(refname)%00%(objectname)%00%(*objectname) [1113ms]
2026-09-07 10:49:15.513 [info] > git status -z -uall [1362ms]
2026-09-07 10:49:16.914 [info] > git check-ignore -v -z --stdin [1014ms]
2026-09-07 10:50:14.435 [info] > git check-ignore -v -z --stdin [1923ms]
2026-09-07 10:50:14.746 [info] > git check-ignore -v -z --stdin [150ms]
2026-09-07 10:50:15.843 [info] > git check-ignore -v -z --stdin [166ms]
2026-09-07 10:50:17.655 [info] > git for-each-ref --format=%(refname)%00%(upstream:short)%00%(objectname)%00%(upstream:track)%00%(upstream:remotename)%00%(upstream:remoteref) --ignore-case refs/heads/main refs/remotes/main [986ms]
2026-09-07 10:50:17.683 [info] > git config --get commit.template [1070ms]
2026-09-07 10:50:18.279 [info] > git check-ignore -v -z --stdin [1318ms]
2026-09-07 10:50:18.348 [info] > git for-each-ref --sort -committerdate --format %(refname)%00%(objectname)%00%(*objectname) [588ms]
2026-09-07 10:50:18.412 [info] > git status -z -uall [668ms]
2026-09-07 10:50:18.810 [info] > git check-ignore -v -z --stdin [425ms]
2026-09-07 10:50:23.877 [info] > git check-ignore -v -z --stdin [3471ms]
2026-09-07 10:50:25.251 [info] > git for-each-ref --format=%(refname)%00%(upstream:short)%00%(objectname)%00%(upstream:track)%00%(upstream:remotename)%00%(upstream:remoteref) --ignore-case refs/heads/main refs/remotes/main [1633ms]
2026-09-07 10:50:25.275 [info] > git config --get commit.template [1686ms]
2026-09-07 10:50:25.377 [info] > git check-ignore -v -z --stdin [1357ms]
2026-09-07 10:50:25.748 [info] > git status -z -uall [465ms]
2026-09-07 10:50:25.754 [info] > git for-each-ref --sort -committerdate --format %(refname)%00%(objectname)%00%(*objectname) [390ms]
2026-09-07 10:50:26.550 [info] > git check-ignore -v -z --stdin [450ms]
2026-09-07 10:50:29.081 [info] > git check-ignore -v -z --stdin [147ms]
2026-09-07 10:50:30.694 [info] > git check-ignore -v -z --stdin [363ms]
2026-09-07 10:50:31.158 [info] > git config --get commit.template [359ms]
2026-09-07 10:50:31.186 [info] > git check-ignore -v -z --stdin [322ms]
2026-09-07 10:50:31.231 [info] > git for-each-ref --format=%(refname)%00%(upstream:short)%00%(objectname)%00%(upstream:track)%00%(upstream:remotename)%00%(upstream:remoteref) --ignore-case refs/heads/main refs/remotes/main [350ms]
2026-09-07 10:50:31.819 [info] > git status -z -uall [579ms]
2026-09-07 10:50:31.867 [info] > git for-each-ref --sort -committerdate --format %(refname)%00%(objectname)%00%(*objectname) [615ms]
2026-09-07 10:50:33.630 [info] > git check-ignore -v -z --stdin [1882ms]
2026-09-07 10:50:34.676 [info] > git check-ignore -v -z --stdin [583ms]
2026-09-07 10:50:35.392 [info] > git check-ignore -v -z --stdin [504ms]
2026-09-07 10:50:39.310 [info] > git for-each-ref --format=%(refname)%00%(upstream:short)%00%(objectname)%00%(upstream:track)%00%(upstream:remotename)%00%(upstream:remoteref) --ignore-case refs/heads/main refs/remotes/main [1505ms]
2026-09-07 10:50:39.315 [info] > git config --get commit.template [1531ms]
2026-09-07 10:50:40.827 [info] > git for-each-ref --sort -committerdate --format %(refname)%00%(objectname)%00%(*objectname) [1481ms]
2026-09-07 10:50:40.940 [info] > git status -z -uall [1610ms]
2026-09-07 10:50:43.467 [info] > git check-ignore -v -z --stdin [821ms]
2026-09-07 10:51:09.504 [info] > git check-ignore -v -z --stdin [2754ms]
2026-09-07 10:51:10.497 [info] > git check-ignore -v -z --stdin [518ms]
2026-09-07 10:51:12.419 [info] > git check-ignore -v -z --stdin [1722ms]
2026-09-07 10:51:13.242 [info] > git config --get commit.template [1562ms]
2026-09-07 10:51:13.320 [info] > git for-each-ref --format=%(refname)%00%(upstream:short)%00%(objectname)%00%(upstream:track)%00%(upstream:remotename)%00%(upstream:remoteref) --ignore-case refs/heads/main refs/remotes/main [1621ms]
2026-09-07 10:51:13.666 [info] > git check-ignore -v -z --stdin [982ms]
2026-09-07 10:51:14.119 [info] > git for-each-ref --sort -committerdate --format %(refname)%00%(objectname)%00%(*objectname) [702ms]
2026-09-07 10:51:14.212 [info] > git status -z -uall [881ms]
2026-09-07 10:51:14.496 [info] > git check-ignore -v -z --stdin [694ms]
2026-09-07 10:51:15.758 [info] > git check-ignore -v -z --stdin [1107ms]
2026-09-07 10:51:20.054 [info] > git config --get commit.template [791ms]
2026-09-07 10:51:20.083 [info] > git for-each-ref --format=%(refname)%00%(upstream:short)%00%(objectname)%00%(upstream:track)%00%(upstream:remotename)%00%(upstream:remoteref) --ignore-case refs/heads/main refs/remotes/main [735ms]
2026-09-07 10:51:20.557 [info] > git for-each-ref --sort -committerdate --format %(refname)%00%(objectname)%00%(*objectname) [456ms]
2026-09-07 10:51:20.582 [info] > git status -z -uall [489ms]
2026-09-07 10:51:22.941 [info] > git check-ignore -v -z --stdin [1851ms]
2026-09-07 10:51:23.505 [info] > git check-ignore -v -z --stdin [278ms]
2026-09-07 10:51:23.853 [info] > git check-ignore -v -z --stdin [218ms]
2026-09-07 10:51:24.414 [info] > git check-ignore -v -z --stdin [256ms]
2026-09-07 10:51:25.047 [info] > git check-ignore -v -z --stdin [184ms]
2026-09-07 10:51:27.652 [info] > git config --get commit.template [428ms]
2026-09-07 10:51:27.676 [info] > git for-each-ref --format=%(refname)%00%(upstream:short)%00%(objectname)%00%(upstream:track)%00%(upstream:remotename)%00%(upstream:remoteref) --ignore-case refs/heads/main refs/remotes/main [438ms]
2026-09-07 10:51:28.073 [info] > git status -z -uall [373ms]
2026-09-07 10:51:28.104 [info] > git for-each-ref --sort -committerdate --format %(refname)%00%(objectname)%00%(*objectname) [333ms]
2026-09-07 10:51:28.592 [info] > git check-ignore -v -z --stdin [144ms]
2026-09-07 10:51:33.404 [info] > git config --get commit.template [270ms]
2026-09-07 10:51:33.407 [info] > git for-each-ref --format=%(refname)%00%(upstream:short)%00%(objectname)%00%(upstream:track)%00%(upstream:remotename)%00%(upstream:remoteref) --ignore-case refs/heads/main refs/remotes/main [258ms]
2026-09-07 10:51:33.650 [info] > git status -z -uall [234ms]
2026-09-07 10:51:33.675 [info] > git for-each-ref --sort -committerdate --format %(refname)%00%(objectname)%00%(*objectname) [249ms]
2026-09-07 10:51:34.270 [info] > git check-ignore -v -z --stdin [241ms]
2026-09-07 10:51:37.753 [info] > git check-ignore -v -z --stdin [514ms]
2026-09-07 10:51:38.058 [info] > git check-ignore -v -z --stdin [215ms]
2026-09-07 10:51:38.833 [info] > git check-ignore -v -z --stdin [307ms]
2026-09-07 10:51:40.093 [info] > git config --get commit.template [1017ms]
2026-09-07 10:51:40.105 [info] > git for-each-ref --format=%(refname)%00%(upstream:short)%00%(objectname)%00%(upstream:track)%00%(upstream:remotename)%00%(upstream:remoteref) --ignore-case refs/heads/main refs/remotes/main [1009ms]
2026-09-07 10:51:40.897 [info] > git check-ignore -v -z --stdin [928ms]
2026-09-07 10:51:41.338 [info] > git for-each-ref --sort -committerdate --format %(refname)%00%(objectname)%00%(*objectname) [1207ms]
2026-09-07 10:51:41.519 [info] > git status -z -uall [1401ms]
2026-09-07 10:51:43.611 [info] > git check-ignore -v -z --stdin [1624ms]
2026-09-07 10:51:47.228 [info] > git config --get commit.template [636ms]
2026-09-07 10:51:47.489 [info] > git for-each-ref --format=%(refname)%00%(upstream:short)%00%(objectname)%00%(upstream:track)%00%(upstream:remotename)%00%(upstream:remoteref) --ignore-case refs/heads/main refs/remotes/main [538ms]
2026-09-07 10:51:48.198 [info] > git status -z -uall [474ms]
2026-09-07 10:51:48.210 [info] > git for-each-ref --sort -committerdate --format %(refname)%00%(objectname)%00%(*objectname) [398ms]
2026-09-07 10:51:48.862 [info] > git check-ignore -v -z --stdin [268ms]
2026-09-07 10:52:36.693 [info] > git config --get commit.template [581ms]
2026-09-07 10:52:36.845 [info] > git for-each-ref --format=%(refname)%00%(upstream:short)%00%(objectname)%00%(upstream:track)%00%(upstream:remotename)%00%(upstream:remoteref) --ignore-case refs/heads/main refs/remotes/main [331ms]
2026-09-07 10:52:37.308 [info] > git for-each-ref --sort -committerdate --format %(refname)%00%(objectname)%00%(*objectname) [434ms]
2026-09-07 10:52:37.322 [info] > git status -z -uall [465ms]
2026-09-07 10:52:43.252 [info] > git config --get commit.template [874ms]
2026-09-07 10:52:43.275 [info] > git for-each-ref --format=%(refname)%00%(upstream:short)%00%(objectname)%00%(upstream:track)%00%(upstream:remotename)%00%(upstream:remoteref) --ignore-case refs/heads/main refs/remotes/main [824ms]
2026-09-07 10:52:44.708 [info] > git status -z -uall [1420ms]
2026-09-07 10:52:44.744 [info] > git for-each-ref --sort -committerdate --format %(refname)%00%(objectname)%00%(*objectname) [1437ms]
2026-09-07 10:52:50.648 [info] > git config --get commit.template [865ms]
2026-09-07 10:52:50.754 [info] > git for-each-ref --format=%(refname)%00%(upstream:short)%00%(objectname)%00%(upstream:track)%00%(upstream:remotename)%00%(upstream:remoteref) --ignore-case refs/heads/main refs/remotes/main [952ms]
2026-09-07 10:52:51.564 [info] > git status -z -uall [791ms]
2026-09-07 10:52:51.596 [info] > git for-each-ref --sort -committerdate --format %(refname)%00%(objectname)%00%(*objectname) [655ms]
2026-09-07 10:53:11.848 [info] > git config --get commit.template [693ms]
2026-09-07 10:53:11.869 [info] > git for-each-ref --format=%(refname)%00%(upstream:short)%00%(objectname)%00%(upstream:track)%00%(upstream:remotename)%00%(upstream:remoteref) --ignore-case refs/heads/main refs/remotes/main [700ms]
2026-09-07 10:53:12.124 [info] > git for-each-ref --sort -committerdate --format %(refname)%00%(objectname)%00%(*objectname) [233ms]
2026-09-07 10:53:12.229 [info] > git status -z -uall [350ms]
2026-09-07 10:53:18.391 [info] > git for-each-ref --format=%(refname)%00%(upstream:short)%00%(objectname)%00%(upstream:track)%00%(upstream:remotename)%00%(upstream:remoteref) --ignore-case refs/heads/main refs/remotes/main [216ms]
2026-09-07 10:53:18.406 [info] > git config --get commit.template [240ms]
2026-09-07 10:53:18.810 [info] > git for-each-ref --sort -committerdate --format %(refname)%00%(objectname)%00%(*objectname) [324ms]
2026-09-07 10:53:18.816 [info] > git status -z -uall [401ms]
2026-09-07 10:53:24.116 [info] > git for-each-ref --format=%(refname)%00%(upstream:short)%00%(objectname)%00%(upstream:track)%00%(upstream:remotename)%00%(upstream:remoteref) --ignore-case refs/heads/main refs/remotes/main [228ms]
2026-09-07 10:53:24.117 [info] > git config --get commit.template [241ms]
2026-09-07 10:53:24.407 [info] > git status -z -uall [283ms]
2026-09-07 10:53:24.435 [info] > git for-each-ref --sort -committerdate --format %(refname)%00%(objectname)%00%(*objectname) [301ms]
2026-09-07 10:53:27.657 [info] > git check-ignore -v -z --stdin [509ms]
2026-09-07 10:53:30.366 [info] > git ls-files --stage -- src/app/pages/dashboard/dashboard.css [2348ms]
2026-09-07 10:53:30.594 [info] > git config --get commit.template [1115ms]
2026-09-07 10:53:30.600 [info] > git ls-tree -l HEAD -- src/app/pages/dashboard/dashboard.css [2305ms]
2026-09-07 10:53:30.862 [info] > git for-each-ref --format=%(refname)%00%(upstream:short)%00%(objectname)%00%(upstream:track)%00%(upstream:remotename)%00%(upstream:remoteref) --ignore-case refs/heads/main refs/remotes/main [1373ms]
2026-09-07 10:53:31.346 [info] > git show --textconv :src/app/pages/dashboard/dashboard.css [3601ms]
2026-09-07 10:53:31.368 [info] > git show --textconv HEAD:src/app/pages/dashboard/dashboard.css [3426ms]
2026-09-07 10:53:31.398 [info] > git for-each-ref --sort -committerdate --format %(refname)%00%(objectname)%00%(*objectname) [329ms]
2026-09-07 10:53:31.405 [info] > git status -z -uall [349ms]
2026-09-07 10:53:31.454 [info] > git cat-file -s a144600715a28dcd011be49d73c26b028502613b [906ms]
2026-09-07 10:53:32.566 [info] > git check-ignore -v -z --stdin [310ms]
2026-09-07 10:53:32.874 [info] > git check-ignore -v -z --stdin [139ms]
2026-09-07 10:53:33.327 [info] > git check-ignore -v -z --stdin [211ms]
2026-09-07 10:53:37.967 [info] > git check-ignore -v -z --stdin [3372ms]
2026-09-07 10:53:40.270 [info] > git for-each-ref --format=%(refname)%00%(upstream:short)%00%(objectname)%00%(upstream:track)%00%(upstream:remotename)%00%(upstream:remoteref) --ignore-case refs/heads/main refs/remotes/main [1037ms]
2026-09-07 10:53:40.853 [info] > git config --get commit.template [2873ms]
2026-09-07 10:53:41.146 [info] > git check-ignore -v -z --stdin [879ms]
2026-09-07 10:53:42.857 [info] > git for-each-ref --sort -committerdate --format %(refname)%00%(objectname)%00%(*objectname) [1885ms]
2026-09-07 10:53:43.123 [info] > git status -z -uall [2240ms]
2026-09-07 10:53:44.168 [info] > git check-ignore -v -z --stdin [2812ms]
2026-09-07 10:53:44.798 [info] > git check-ignore -v -z --stdin [245ms]
2026-09-07 10:53:46.805 [info] > git check-ignore -v -z --stdin [1395ms]
2026-09-07 10:53:47.960 [info] > git check-ignore -v -z --stdin [379ms]
2026-09-07 10:53:49.164 [info] > git config --get commit.template [411ms]
2026-09-07 10:53:49.199 [info] > git for-each-ref --format=%(refname)%00%(upstream:short)%00%(objectname)%00%(upstream:track)%00%(upstream:remotename)%00%(upstream:remoteref) --ignore-case refs/heads/main refs/remotes/main [431ms]
2026-09-07 10:53:49.716 [info] > git for-each-ref --sort -committerdate --format %(refname)%00%(objectname)%00%(*objectname) [488ms]
2026-09-07 10:53:49.794 [info] > git status -z -uall [585ms]
2026-09-07 10:53:50.321 [info] > git check-ignore -v -z --stdin [136ms]
2026-09-07 10:53:55.677 [info] > git for-each-ref --format=%(refname)%00%(upstream:short)%00%(objectname)%00%(upstream:track)%00%(upstream:remotename)%00%(upstream:remoteref) --ignore-case refs/heads/main refs/remotes/main [834ms]
2026-09-07 10:53:55.690 [info] > git config --get commit.template [855ms]
2026-09-07 10:53:55.898 [info] > git for-each-ref --sort -committerdate --format %(refname)%00%(objectname)%00%(*objectname) [190ms]
2026-09-07 10:53:55.913 [info] > git status -z -uall [215ms]
2026-09-07 10:53:56.774 [info] > git check-ignore -v -z --stdin [141ms]
2026-09-07 10:53:57.017 [info] > git check-ignore -v -z --stdin [151ms]
2026-09-07 10:53:58.168 [info] > git check-ignore -v -z --stdin [315ms]
2026-09-07 10:54:01.373 [info] > git config --get commit.template [415ms]
2026-09-07 10:54:01.389 [info] > git for-each-ref --format=%(refname)%00%(upstream:short)%00%(objectname)%00%(upstream:track)%00%(upstream:remotename)%00%(upstream:remoteref) --ignore-case refs/heads/main refs/remotes/main [420ms]
2026-09-07 10:54:02.077 [info] > git for-each-ref --sort -committerdate --format %(refname)%00%(objectname)%00%(*objectname) [653ms]
2026-09-07 10:54:02.120 [info] > git check-ignore -v -z --stdin [473ms]
2026-09-07 10:54:02.162 [info] > git status -z -uall [761ms]
2026-09-07 10:54:02.700 [info] > git check-ignore -v -z --stdin [204ms]
2026-09-07 10:54:07.483 [info] > git config --get commit.template [254ms]
2026-09-07 10:54:07.582 [info] > git for-each-ref --format=%(refname)%00%(upstream:short)%00%(objectname)%00%(upstream:track)%00%(upstream:remotename)%00%(upstream:remoteref) --ignore-case refs/heads/main refs/remotes/main [295ms]
2026-09-07 10:54:07.917 [info] > git for-each-ref --sort -committerdate --format %(refname)%00%(objectname)%00%(*objectname) [303ms]
2026-09-07 10:54:07.926 [info] > git status -z -uall [325ms]
2026-09-07 10:54:08.432 [info] > git check-ignore -v -z --stdin [158ms]
2026-09-07 10:54:10.087 [info] > git check-ignore -v -z --stdin [250ms]
2026-09-07 10:54:10.424 [info] > git check-ignore -v -z --stdin [222ms]
2026-09-07 10:54:10.694 [info] > git check-ignore -v -z --stdin [144ms]
2026-09-07 10:54:13.232 [info] > git config --get commit.template [257ms]
2026-09-07 10:54:13.395 [info] > git for-each-ref --format=%(refname)%00%(upstream:short)%00%(objectname)%00%(upstream:track)%00%(upstream:remotename)%00%(upstream:remoteref) --ignore-case refs/heads/main refs/remotes/main [412ms]
2026-09-07 10:54:14.101 [info] > git for-each-ref --sort -committerdate --format %(refname)%00%(objectname)%00%(*objectname) [620ms]
2026-09-07 10:54:14.134 [info] > git status -z -uall [716ms]
2026-09-07 10:54:14.697 [info] > git check-ignore -v -z --stdin [466ms]
2026-09-07 10:54:15.154 [info] > git check-ignore -v -z --stdin [284ms]
2026-09-07 10:54:19.497 [info] > git config --get commit.template [225ms]
2026-09-07 10:54:19.501 [info] > git for-each-ref --format=%(refname)%00%(upstream:short)%00%(objectname)%00%(upstream:track)%00%(upstream:remotename)%00%(upstream:remoteref) --ignore-case refs/heads/main refs/remotes/main [207ms]
2026-09-07 10:54:19.713 [info] > git for-each-ref --sort -committerdate --format %(refname)%00%(objectname)%00%(*objectname) [192ms]
2026-09-07 10:54:19.727 [info] > git status -z -uall [218ms]
2026-09-07 10:54:20.806 [info] > git check-ignore -v -z --stdin [654ms]
2026-09-07 10:54:24.967 [info] > git config --get commit.template [188ms]
2026-09-07 10:54:24.989 [info] > git for-each-ref --format=%(refname)%00%(upstream:short)%00%(objectname)%00%(upstream:track)%00%(upstream:remotename)%00%(upstream:remoteref) --ignore-case refs/heads/main refs/remotes/main [191ms]
2026-09-07 10:54:25.195 [info] > git status -z -uall [196ms]
2026-09-07 10:54:25.210 [info] > git for-each-ref --sort -committerdate --format %(refname)%00%(objectname)%00%(*objectname) [203ms]
2026-09-07 10:54:25.679 [info] > git check-ignore -v -z --stdin [116ms]
2026-09-07 10:57:34.195 [info] > git check-ignore -v -z --stdin [4773ms]
2026-09-07 10:57:41.812 [info] > git check-ignore -v -z --stdin [6816ms]
2026-09-07 10:57:44.136 [info] > git check-ignore -v -z --stdin [812ms]
2026-09-07 10:57:58.826 [info] > git check-ignore -v -z --stdin [621ms]
2026-09-07 10:58:06.370 [info] > git check-ignore -v -z --stdin [1986ms]
2026-09-07 10:58:06.911 [info] > git check-ignore -v -z --stdin [357ms]
2026-09-07 10:58:12.893 [info] > git check-ignore -v -z --stdin [230ms]
2026-09-07 10:58:16.529 [info] > git check-ignore -v -z --stdin [2586ms]
2026-09-07 10:58:17.471 [info] > git check-ignore -v -z --stdin [416ms]
2026-09-07 10:58:19.752 [info] > git check-ignore -v -z --stdin [299ms]
2026-09-07 10:58:22.912 [info] > git check-ignore -v -z --stdin [1561ms]
2026-09-07 10:58:23.878 [info] > git check-ignore -v -z --stdin [647ms]
2026-09-07 10:58:25.128 [info] > git check-ignore -v -z --stdin [740ms]
2026-09-07 10:58:30.087 [info] > git check-ignore -v -z --stdin [180ms]
2026-09-07 10:58:30.481 [info] > git check-ignore -v -z --stdin [134ms]
2026-09-07 10:58:31.434 [info] > git check-ignore -v -z --stdin [526ms]
2026-09-07 10:58:31.652 [info] > git check-ignore -v -z --stdin [125ms]
2026-09-07 10:58:40.380 [info] > git check-ignore -v -z --stdin [175ms]
2026-09-07 10:58:43.258 [info] > git check-ignore -v -z --stdin [314ms]
2026-09-07 10:58:43.605 [info] > git check-ignore -v -z --stdin [204ms]
2026-09-07 10:58:48.209 [info] > git check-ignore -v -z --stdin [178ms]
2026-09-07 10:58:56.270 [info] > git check-ignore -v -z --stdin [6382ms]
2026-09-07 10:58:56.751 [info] > git check-ignore -v -z --stdin [220ms]
2026-09-07 10:58:58.788 [info] > git check-ignore -v -z --stdin [928ms]
2026-09-07 10:59:01.258 [info] > git check-ignore -v -z --stdin [1589ms]
2026-09-07 10:59:10.052 [info] > git check-ignore -v -z --stdin [217ms]
2026-09-07 10:59:12.468 [info] > git check-ignore -v -z --stdin [201ms]
2026-09-07 10:59:13.487 [info] > git check-ignore -v -z --stdin [905ms]
2026-09-07 10:59:14.914 [info] > git check-ignore -v -z --stdin [239ms]
2026-09-07 10:59:15.422 [info] > git check-ignore -v -z --stdin [295ms]
2026-09-07 10:59:16.157 [info] > git check-ignore -v -z --stdin [177ms]
2026-09-07 10:59:16.623 [info] > git check-ignore -v -z --stdin [180ms]
2026-09-07 10:59:17.068 [info] > git check-ignore -v -z --stdin [159ms]
2026-09-07 10:59:19.903 [info] > git check-ignore -v -z --stdin [240ms]
2026-09-07 10:59:22.855 [info] > git check-ignore -v -z --stdin [1071ms]
2026-09-07 10:59:24.767 [info] > git check-ignore -v -z --stdin [1730ms]
2026-09-07 10:59:32.760 [info] > git check-ignore -v -z --stdin [7827ms]
2026-09-07 11:00:13.274 [info] > git for-each-ref --format=%(refname)%00%(upstream:short)%00%(objectname)%00%(upstream:track)%00%(upstream:remotename)%00%(upstream:remoteref) --ignore-case refs/heads/main refs/remotes/main [239ms]
2026-09-07 11:00:13.289 [info] > git config --get commit.template [282ms]
2026-09-07 11:00:13.543 [info] > git for-each-ref --sort -committerdate --format %(refname)%00%(objectname)%00%(*objectname) [227ms]
2026-09-07 11:00:13.587 [info] > git status -z -uall [289ms]
2026-09-07 11:00:14.123 [info] > git check-ignore -v -z --stdin [142ms]
2026-09-07 11:00:15.778 [info] > git check-ignore -v -z --stdin [182ms]
2026-09-07 11:00:19.382 [info] > git for-each-ref --format=%(refname)%00%(upstream:short)%00%(objectname)%00%(upstream:track)%00%(upstream:remotename)%00%(upstream:remoteref) --ignore-case refs/heads/main refs/remotes/main [723ms]
2026-09-07 11:00:19.389 [info] > git config --get commit.template [753ms]
2026-09-07 11:00:19.663 [info] > git for-each-ref --sort -committerdate --format %(refname)%00%(objectname)%00%(*objectname) [254ms]
2026-09-07 11:00:19.699 [info] > git status -z -uall [301ms]
2026-09-07 11:00:20.256 [info] > git check-ignore -v -z --stdin [203ms]
2026-09-07 11:00:25.506 [info] > git config --get commit.template [303ms]
2026-09-07 11:00:25.569 [info] > git for-each-ref --format=%(refname)%00%(upstream:short)%00%(objectname)%00%(upstream:track)%00%(upstream:remotename)%00%(upstream:remoteref) --ignore-case refs/heads/main refs/remotes/main [320ms]
2026-09-07 11:00:25.773 [info] > git for-each-ref --sort -committerdate --format %(refname)%00%(objectname)%00%(*objectname) [175ms]
2026-09-07 11:00:25.808 [info] > git status -z -uall [226ms]
2026-09-07 11:00:26.890 [info] > git check-ignore -v -z --stdin [631ms]
2026-09-07 11:00:27.222 [info] > git check-ignore -v -z --stdin [151ms]
2026-09-07 11:00:31.049 [info] > git config --get commit.template [168ms]
2026-09-07 11:00:31.059 [info] > git for-each-ref --format=%(refname)%00%(upstream:short)%00%(objectname)%00%(upstream:track)%00%(upstream:remotename)%00%(upstream:remoteref) --ignore-case refs/heads/main refs/remotes/main [167ms]
2026-09-07 11:00:31.265 [info] > git for-each-ref --sort -committerdate --format %(refname)%00%(objectname)%00%(*objectname) [181ms]
2026-09-07 11:00:31.271 [info] > git status -z -uall [200ms]
2026-09-07 11:00:31.757 [info] > git check-ignore -v -z --stdin [119ms]
2026-09-07 11:00:38.757 [info] > git check-ignore -v -z --stdin [134ms]
2026-09-07 11:00:41.600 [info] > git check-ignore -v -z --stdin [1344ms]
2026-09-07 11:00:42.138 [info] > git config --get commit.template [1016ms]
2026-09-07 11:00:42.154 [info] > git for-each-ref --format=%(refname)%00%(upstream:short)%00%(objectname)%00%(upstream:track)%00%(upstream:remotename)%00%(upstream:remoteref) --ignore-case refs/heads/main refs/remotes/main [624ms]
2026-09-07 11:00:42.675 [info] > git status -z -uall [511ms]
2026-09-07 11:00:42.926 [info] > git for-each-ref --sort -committerdate --format %(refname)%00%(objectname)%00%(*objectname) [751ms]
2026-09-07 11:00:43.654 [info] > git check-ignore -v -z --stdin [345ms]
2026-09-07 11:01:08.491 [info] > git for-each-ref --format=%(refname)%00%(upstream:short)%00%(objectname)%00%(upstream:track)%00%(upstream:remotename)%00%(upstream:remoteref) --ignore-case refs/heads/main refs/remotes/main [233ms]
2026-09-07 11:01:08.495 [info] > git config --get commit.template [379ms]
2026-09-07 11:01:09.272 [info] > git status -z -uall [768ms]
2026-09-07 11:01:09.295 [info] > git for-each-ref --sort -committerdate --format %(refname)%00%(objectname)%00%(*objectname) [744ms]
2026-09-07 11:01:09.834 [info] > git check-ignore -v -z --stdin [157ms]
2026-09-07 11:01:12.761 [info] > git check-ignore -v -z --stdin [148ms]
2026-09-07 11:01:13.715 [info] > git check-ignore -v -z --stdin [269ms]
2026-09-07 11:01:14.467 [info] > git check-ignore -v -z --stdin [597ms]
2026-09-07 11:01:14.903 [info] > git check-ignore -v -z --stdin [318ms]
2026-09-07 11:01:15.142 [info] > git check-ignore -v -z --stdin [121ms]
2026-09-07 11:01:15.594 [info] > git check-ignore -v -z --stdin [188ms]
2026-09-07 11:01:17.604 [info] > git config --get commit.template [254ms]
2026-09-07 11:01:17.615 [info] > git for-each-ref --format=%(refname)%00%(upstream:short)%00%(objectname)%00%(upstream:track)%00%(upstream:remotename)%00%(upstream:remoteref) --ignore-case refs/heads/main refs/remotes/main [209ms]
2026-09-07 11:01:19.012 [info] > git for-each-ref --sort -committerdate --format %(refname)%00%(objectname)%00%(*objectname) [1373ms]
2026-09-07 11:01:19.016 [info] > git status -z -uall [1392ms]
2026-09-07 11:01:19.787 [info] > git check-ignore -v -z --stdin [286ms]
2026-09-07 11:11:01.938 [info] > git config --get commit.template [1245ms]
2026-09-07 11:11:02.594 [info] > git for-each-ref --format=%(refname)%00%(upstream:short)%00%(objectname)%00%(upstream:track)%00%(upstream:remotename)%00%(upstream:remoteref) --ignore-case refs/heads/main refs/remotes/main [1843ms]
2026-09-07 11:11:03.117 [info] > git for-each-ref --sort -committerdate --format %(refname)%00%(objectname)%00%(*objectname) [477ms]
2026-09-07 11:11:03.277 [info] > git status -z -uall [646ms]
2026-09-07 11:11:09.591 [info] > git config --get commit.template [1110ms]
2026-09-07 11:11:09.635 [info] > git for-each-ref --format=%(refname)%00%(upstream:short)%00%(objectname)%00%(upstream:track)%00%(upstream:remotename)%00%(upstream:remoteref) --ignore-case refs/heads/main refs/remotes/main [1033ms]
2026-09-07 11:11:10.457 [info] > git for-each-ref --sort -committerdate --format %(refname)%00%(objectname)%00%(*objectname) [758ms]
2026-09-07 11:11:10.681 [info] > git status -z -uall [1036ms]
2026-09-07 11:11:16.336 [info] > git for-each-ref --format=%(refname)%00%(upstream:short)%00%(objectname)%00%(upstream:track)%00%(upstream:remotename)%00%(upstream:remoteref) --ignore-case refs/heads/main refs/remotes/main [418ms]
2026-09-07 11:11:16.354 [info] > git config --get commit.template [474ms]
2026-09-07 11:11:16.777 [info] > git status -z -uall [349ms]
2026-09-07 11:11:16.791 [info] > git for-each-ref --sort -committerdate --format %(refname)%00%(objectname)%00%(*objectname) [341ms]
2026-09-07 11:11:56.583 [info] > git for-each-ref --format=%(refname)%00%(upstream:short)%00%(objectname)%00%(upstream:track)%00%(upstream:remotename)%00%(upstream:remoteref) --ignore-case refs/heads/main refs/remotes/main [287ms]
2026-09-07 11:11:56.655 [info] > git config --get commit.template [374ms]
2026-09-07 11:11:57.004 [info] > git status -z -uall [338ms]
2026-09-07 11:11:57.042 [info] > git for-each-ref --sort -committerdate --format %(refname)%00%(objectname)%00%(*objectname) [358ms]
2026-09-07 11:12:02.329 [info] > git for-each-ref --format=%(refname)%00%(upstream:short)%00%(objectname)%00%(upstream:track)%00%(upstream:remotename)%00%(upstream:remoteref) --ignore-case refs/heads/main refs/remotes/main [195ms]
2026-09-07 11:12:02.335 [info] > git config --get commit.template [224ms]
2026-09-07 11:12:02.536 [info] > git for-each-ref --sort -committerdate --format %(refname)%00%(objectname)%00%(*objectname) [185ms]
2026-09-07 11:12:02.548 [info] > git status -z -uall [206ms]
2026-09-07 11:19:01.530 [info] > git config --get commit.template [766ms]
2026-09-07 11:19:01.831 [info] > git for-each-ref --format=%(refname)%00%(upstream:short)%00%(objectname)%00%(upstream:track)%00%(upstream:remotename)%00%(upstream:remoteref) --ignore-case refs/heads/main refs/remotes/main [991ms]
2026-09-07 11:19:02.487 [info] > git for-each-ref --sort -committerdate --format %(refname)%00%(objectname)%00%(*objectname) [541ms]
2026-09-07 11:19:02.586 [info] > git status -z -uall [732ms]
2026-09-07 11:19:08.007 [info] > git config --get commit.template [326ms]
2026-09-07 11:19:08.121 [info] > git for-each-ref --format=%(refname)%00%(upstream:short)%00%(objectname)%00%(upstream:track)%00%(upstream:remotename)%00%(upstream:remoteref) --ignore-case refs/heads/main refs/remotes/main [380ms]
2026-09-07 11:19:08.475 [info] > git status -z -uall [346ms]
2026-09-07 11:19:08.481 [info] > git for-each-ref --sort -committerdate --format %(refname)%00%(objectname)%00%(*objectname) [343ms]
2026-09-07 11:19:13.830 [info] > git config --get commit.template [194ms]
2026-09-07 11:19:13.838 [info] > git for-each-ref --format=%(refname)%00%(upstream:short)%00%(objectname)%00%(upstream:track)%00%(upstream:remotename)%00%(upstream:remoteref) --ignore-case refs/heads/main refs/remotes/main [185ms]
2026-09-07 11:19:14.024 [info] > git status -z -uall [178ms]
2026-09-07 11:19:14.039 [info] > git for-each-ref --sort -committerdate --format %(refname)%00%(objectname)%00%(*objectname) [184ms]
2026-09-07 11:23:02.968 [info] > git for-each-ref --format=%(refname)%00%(upstream:short)%00%(objectname)%00%(upstream:track)%00%(upstream:remotename)%00%(upstream:remoteref) --ignore-case refs/heads/main refs/remotes/main [1134ms]
2026-09-07 11:23:02.980 [info] > git config --get commit.template [1154ms]
2026-09-07 11:23:03.354 [info] > git for-each-ref --sort -committerdate --format %(refname)%00%(objectname)%00%(*objectname) [334ms]
2026-09-07 11:23:03.388 [info] > git status -z -uall [392ms]
2026-09-07 11:23:08.651 [info] > git config --get commit.template [193ms]
2026-09-07 11:23:08.707 [info] > git for-each-ref --format=%(refname)%00%(upstream:short)%00%(objectname)%00%(upstream:track)%00%(upstream:remotename)%00%(upstream:remoteref) --ignore-case refs/heads/main refs/remotes/main [234ms]
2026-09-07 11:23:08.917 [info] > git status -z -uall [201ms]
2026-09-07 11:23:08.944 [info] > git for-each-ref --sort -committerdate --format %(refname)%00%(objectname)%00%(*objectname) [220ms]
2026-09-07 11:23:14.250 [info] > git config --get commit.template [266ms]
2026-09-07 11:23:14.256 [info] > git for-each-ref --format=%(refname)%00%(upstream:short)%00%(objectname)%00%(upstream:track)%00%(upstream:remotename)%00%(upstream:remoteref) --ignore-case refs/heads/main refs/remotes/main [263ms]
2026-09-07 11:23:14.500 [info] > git for-each-ref --sort -committerdate --format %(refname)%00%(objectname)%00%(*objectname) [225ms]
2026-09-07 11:23:14.504 [info] > git status -z -uall [240ms]
2026-09-07 11:23:19.819 [info] > git config --get commit.template [287ms]
2026-09-07 11:23:19.820 [info] > git for-each-ref --format=%(refname)%00%(upstream:short)%00%(objectname)%00%(upstream:track)%00%(upstream:remotename)%00%(upstream:remoteref) --ignore-case refs/heads/main refs/remotes/main [277ms]
2026-09-07 11:23:20.100 [info] > git status -z -uall [267ms]
2026-09-07 11:23:20.106 [info] > git for-each-ref --sort -committerdate --format %(refname)%00%(objectname)%00%(*objectname) [227ms]
2026-09-07 11:23:25.745 [info] > git for-each-ref --format=%(refname)%00%(upstream:short)%00%(objectname)%00%(upstream:track)%00%(upstream:remotename)%00%(upstream:remoteref) --ignore-case refs/heads/main refs/remotes/main [472ms]
2026-09-07 11:23:25.773 [info] > git config --get commit.template [516ms]
2026-09-07 11:23:27.606 [info] > git for-each-ref --sort -committerdate --format %(refname)%00%(objectname)%00%(*objectname) [1805ms]
2026-09-07 11:23:27.724 [info] > git status -z -uall [1936ms]
2026-09-07 11:23:33.110 [info] > git for-each-ref --format=%(refname)%00%(upstream:short)%00%(objectname)%00%(upstream:track)%00%(upstream:remotename)%00%(upstream:remoteref) --ignore-case refs/heads/main refs/remotes/main [265ms]
2026-09-07 11:23:33.189 [info] > git config --get commit.template [397ms]
2026-09-07 11:23:33.457 [info] > git status -z -uall [241ms]
2026-09-07 11:23:33.537 [info] > git for-each-ref --sort -committerdate --format %(refname)%00%(objectname)%00%(*objectname) [252ms]
2026-09-07 11:23:38.875 [info] > git config --get commit.template [205ms]
2026-09-07 11:23:38.883 [info] > git for-each-ref --format=%(refname)%00%(upstream:short)%00%(objectname)%00%(upstream:track)%00%(upstream:remotename)%00%(upstream:remoteref) --ignore-case refs/heads/main refs/remotes/main [191ms]
2026-09-07 11:23:39.084 [info] > git status -z -uall [193ms]
2026-09-07 11:23:39.100 [info] > git for-each-ref --sort -committerdate --format %(refname)%00%(objectname)%00%(*objectname) [198ms]
2026-09-07 11:26:28.619 [info] > git for-each-ref --format=%(refname)%00%(upstream:short)%00%(objectname)%00%(upstream:track)%00%(upstream:remotename)%00%(upstream:remoteref) --ignore-case refs/heads/main refs/remotes/main [271ms]
2026-09-07 11:26:28.790 [info] > git config --get commit.template [473ms]
2026-09-07 11:26:29.036 [info] > git status -z -uall [237ms]
2026-09-07 11:26:29.048 [info] > git for-each-ref --sort -committerdate --format %(refname)%00%(objectname)%00%(*objectname) [230ms]
2026-09-07 11:26:34.250 [info] > git config --get commit.template [151ms]
2026-09-07 11:26:34.278 [info] > git for-each-ref --format=%(refname)%00%(upstream:short)%00%(objectname)%00%(upstream:track)%00%(upstream:remotename)%00%(upstream:remoteref) --ignore-case refs/heads/main refs/remotes/main [168ms]
2026-09-07 11:26:34.451 [info] > git status -z -uall [164ms]
2026-09-07 11:26:34.488 [info] > git for-each-ref --sort -committerdate --format %(refname)%00%(objectname)%00%(*objectname) [191ms]
2026-09-07 11:26:39.683 [info] > git config --get commit.template [149ms]
2026-09-07 11:26:39.715 [info] > git for-each-ref --format=%(refname)%00%(upstream:short)%00%(objectname)%00%(upstream:track)%00%(upstream:remotename)%00%(upstream:remoteref) --ignore-case refs/heads/main refs/remotes/main [170ms]
2026-09-07 11:26:39.923 [info] > git status -z -uall [199ms]
2026-09-07 11:26:39.932 [info] > git for-each-ref --sort -committerdate --format %(refname)%00%(objectname)%00%(*objectname) [197ms]
2026-09-07 11:26:45.135 [info] > git config --get commit.template [168ms]
2026-09-07 11:26:45.147 [info] > git for-each-ref --format=%(refname)%00%(upstream:short)%00%(objectname)%00%(upstream:track)%00%(upstream:remotename)%00%(upstream:remoteref) --ignore-case refs/heads/main refs/remotes/main [172ms]
2026-09-07 11:26:45.350 [info] > git status -z -uall [194ms]
2026-09-07 11:26:45.351 [info] > git for-each-ref --sort -committerdate --format %(refname)%00%(objectname)%00%(*objectname) [187ms]
2026-09-07 11:27:24.432 [info] > git config --get commit.template [203ms]
2026-09-07 11:27:24.440 [info] > git for-each-ref --format=%(refname)%00%(upstream:short)%00%(objectname)%00%(upstream:track)%00%(upstream:remotename)%00%(upstream:remoteref) --ignore-case refs/heads/main refs/remotes/main [204ms]
2026-09-07 11:27:24.728 [info] > git for-each-ref --sort -committerdate --format %(refname)%00%(objectname)%00%(*objectname) [266ms]
2026-09-07 11:27:24.740 [info] > git status -z -uall [291ms]
2026-09-07 11:27:31.741 [info] > git for-each-ref --format=%(refname)%00%(upstream:short)%00%(objectname)%00%(upstream:track)%00%(upstream:remotename)%00%(upstream:remoteref) --ignore-case refs/heads/main refs/remotes/main [1873ms]
2026-09-07 11:27:31.792 [info] > git config --get commit.template [1956ms]
2026-09-07 11:27:32.095 [info] > git for-each-ref --sort -committerdate --format %(refname)%00%(objectname)%00%(*objectname) [252ms]
2026-09-07 11:27:32.105 [info] > git status -z -uall [295ms]
2026-09-07 11:27:37.314 [info] > git config --get commit.template [162ms]
2026-09-07 11:27:37.322 [info] > git for-each-ref --format=%(refname)%00%(upstream:short)%00%(objectname)%00%(upstream:track)%00%(upstream:remotename)%00%(upstream:remoteref) --ignore-case refs/heads/main refs/remotes/main [158ms]
2026-09-07 11:27:37.526 [info] > git for-each-ref --sort -committerdate --format %(refname)%00%(objectname)%00%(*objectname) [187ms]
2026-09-07 11:27:37.536 [info] > git status -z -uall [205ms]
2026-09-07 11:27:47.506 [info] > git config --get commit.template [1002ms]
2026-09-07 11:27:53.253 [info] > git for-each-ref --format=%(refname)%00%(upstream:short)%00%(objectname)%00%(upstream:track)%00%(upstream:remotename)%00%(upstream:remoteref) --ignore-case refs/heads/main refs/remotes/main [5737ms]
2026-09-07 11:27:53.879 [info] > git for-each-ref --sort -committerdate --format %(refname)%00%(objectname)%00%(*objectname) [578ms]
2026-09-07 11:27:53.893 [info] > git status -z -uall [601ms]
2026-09-07 11:27:59.620 [info] > git config --get commit.template [649ms]
2026-09-07 11:27:59.629 [info] > git for-each-ref --format=%(refname)%00%(upstream:short)%00%(objectname)%00%(upstream:track)%00%(upstream:remotename)%00%(upstream:remoteref) --ignore-case refs/heads/main refs/remotes/main [400ms]
2026-09-07 11:27:59.812 [info] > git status -z -uall [174ms]
2026-09-07 11:27:59.825 [info] > git for-each-ref --sort -committerdate --format %(refname)%00%(objectname)%00%(*objectname) [180ms]
2026-09-07 11:28:08.786 [info] > git for-each-ref --format=%(refname)%00%(upstream:short)%00%(objectname)%00%(upstream:track)%00%(upstream:remotename)%00%(upstream:remoteref) --ignore-case refs/heads/main refs/remotes/main [228ms]
2026-09-07 11:28:08.796 [info] > git config --get commit.template [248ms]
2026-09-07 11:28:09.816 [info] > git for-each-ref --sort -committerdate --format %(refname)%00%(objectname)%00%(*objectname) [1000ms]
2026-09-07 11:28:09.830 [info] > git status -z -uall [1023ms]
2026-09-07 11:28:16.573 [info] > git config --get commit.template [270ms]
2026-09-07 11:28:16.597 [info] > git for-each-ref --format=%(refname)%00%(upstream:short)%00%(objectname)%00%(upstream:track)%00%(upstream:remotename)%00%(upstream:remoteref) --ignore-case refs/heads/main refs/remotes/main [285ms]
2026-09-07 11:28:16.818 [info] > git for-each-ref --sort -committerdate --format %(refname)%00%(objectname)%00%(*objectname) [204ms]
2026-09-07 11:28:16.834 [info] > git status -z -uall [227ms]
2026-09-07 11:28:28.364 [info] > git for-each-ref --format=%(refname)%00%(upstream:short)%00%(objectname)%00%(upstream:track)%00%(upstream:remotename)%00%(upstream:remoteref) --ignore-case refs/heads/main refs/remotes/main [272ms]
2026-09-07 11:28:28.371 [info] > git config --get commit.template [287ms]
2026-09-07 11:28:28.614 [info] > git status -z -uall [234ms]
2026-09-07 11:28:28.635 [info] > git for-each-ref --sort -committerdate --format %(refname)%00%(objectname)%00%(*objectname) [217ms]
2026-09-07 11:28:33.935 [info] > git for-each-ref --format=%(refname)%00%(upstream:short)%00%(objectname)%00%(upstream:track)%00%(upstream:remotename)%00%(upstream:remoteref) --ignore-case refs/heads/main refs/remotes/main [254ms]
2026-09-07 11:28:34.006 [info] > git config --get commit.template [333ms]
2026-09-07 11:28:35.053 [info] > git for-each-ref --sort -committerdate --format %(refname)%00%(objectname)%00%(*objectname) [1029ms]
2026-09-07 11:28:35.116 [info] > git status -z -uall [1101ms]
2026-09-07 11:28:40.983 [info] > git config --get commit.template [829ms]
2026-09-07 11:28:40.989 [info] > git for-each-ref --format=%(refname)%00%(upstream:short)%00%(objectname)%00%(upstream:track)%00%(upstream:remotename)%00%(upstream:remoteref) --ignore-case refs/heads/main refs/remotes/main [802ms]
2026-09-07 11:28:41.381 [info] > git for-each-ref --sort -committerdate --format %(refname)%00%(objectname)%00%(*objectname) [373ms]
2026-09-07 11:28:41.431 [info] > git status -z -uall [432ms]
2026-09-07 11:28:46.900 [info] > git for-each-ref --format=%(refname)%00%(upstream:short)%00%(objectname)%00%(upstream:track)%00%(upstream:remotename)%00%(upstream:remoteref) --ignore-case refs/heads/main refs/remotes/main [424ms]
2026-09-07 11:28:46.956 [info] > git config --get commit.template [490ms]
2026-09-07 11:28:47.649 [info] > git for-each-ref --sort -committerdate --format %(refname)%00%(objectname)%00%(*objectname) [666ms]
2026-09-07 11:28:47.672 [info] > git status -z -uall [704ms]
2026-09-07 11:28:52.915 [info] > git config --get commit.template [172ms]
2026-09-07 11:28:52.951 [info] > git for-each-ref --format=%(refname)%00%(upstream:short)%00%(objectname)%00%(upstream:track)%00%(upstream:remotename)%00%(upstream:remoteref) --ignore-case refs/heads/main refs/remotes/main [187ms]
2026-09-07 11:28:53.159 [info] > git status -z -uall [199ms]
2026-09-07 11:28:53.169 [info] > git for-each-ref --sort -committerdate --format %(refname)%00%(objectname)%00%(*objectname) [200ms]
2026-09-07 11:29:04.513 [info] > git check-ignore -v -z --stdin [487ms]
2026-09-07 11:29:04.915 [info] > git ls-files --stage -- src/app/pages/dashboard/dashboard.css [345ms]
2026-09-07 11:29:04.930 [info] > git show --textconv :src/app/pages/dashboard/dashboard.css [392ms]
2026-09-07 11:29:04.933 [info] > git show --textconv HEAD:src/app/pages/dashboard/dashboard.css [380ms]
2026-09-07 11:29:04.960 [info] > git ls-tree -l HEAD -- src/app/pages/dashboard/dashboard.css [376ms]
2026-09-07 11:29:05.120 [info] > git cat-file -s a144600715a28dcd011be49d73c26b028502613b [197ms]
2026-09-07 11:29:06.319 [info] > git check-ignore -v -z --stdin [132ms]
2026-09-07 11:29:07.089 [info] > git check-ignore -v -z --stdin [192ms]
2026-09-07 11:29:07.354 [info] > git check-ignore -v -z --stdin [169ms]
2026-09-07 11:29:07.657 [info] > git check-ignore -v -z --stdin [188ms]
2026-09-07 11:29:07.987 [info] > git check-ignore -v -z --stdin [200ms]
2026-09-07 11:29:08.182 [info] > git check-ignore -v -z --stdin [122ms]
2026-09-07 11:29:09.545 [info] > git check-ignore -v -z --stdin [598ms]
2026-09-07 11:29:09.770 [info] > git check-ignore -v -z --stdin [138ms]
2026-09-07 11:29:10.311 [info] > git check-ignore -v -z --stdin [153ms]
2026-09-07 11:29:11.619 [info] > git check-ignore -v -z --stdin [231ms]
2026-09-07 11:29:12.599 [info] > git config --get commit.template [381ms]
2026-09-07 11:29:12.783 [info] > git for-each-ref --format=%(refname)%00%(upstream:short)%00%(objectname)%00%(upstream:track)%00%(upstream:remotename)%00%(upstream:remoteref) --ignore-case refs/heads/main refs/remotes/main [557ms]
2026-09-07 11:29:13.627 [info] > git check-ignore -v -z --stdin [959ms]
2026-09-07 11:29:13.786 [info] > git status -z -uall [995ms]
2026-09-07 11:29:13.913 [info] > git for-each-ref --sort -committerdate --format %(refname)%00%(objectname)%00%(*objectname) [1110ms]
2026-09-07 11:29:14.575 [info] > git check-ignore -v -z --stdin [300ms]
2026-09-07 11:29:14.987 [info] > git check-ignore -v -z --stdin [331ms]
2026-09-07 11:29:15.981 [info] > git check-ignore -v -z --stdin [340ms]
2026-09-07 11:29:17.587 [info] > git check-ignore -v -z --stdin [293ms]
2026-09-07 11:29:17.801 [info] > git check-ignore -v -z --stdin [147ms]
2026-09-07 11:29:19.859 [info] > git config --get commit.template [896ms]
2026-09-07 11:29:19.915 [info] > git for-each-ref --format=%(refname)%00%(upstream:short)%00%(objectname)%00%(upstream:track)%00%(upstream:remotename)%00%(upstream:remoteref) --ignore-case refs/heads/main refs/remotes/main [944ms]
2026-09-07 11:29:19.956 [info] > git check-ignore -v -z --stdin [571ms]
2026-09-07 11:29:20.434 [info] > git status -z -uall [510ms]
2026-09-07 11:29:20.468 [info] > git for-each-ref --sort -committerdate --format %(refname)%00%(objectname)%00%(*objectname) [529ms]
2026-09-07 11:29:20.902 [info] > git check-ignore -v -z --stdin [848ms]
2026-09-07 11:29:24.521 [info] > git check-ignore -v -z --stdin [941ms]
2026-09-07 11:29:25.497 [info] > git check-ignore -v -z --stdin [851ms]
2026-09-07 11:29:27.969 [info] > git for-each-ref --format=%(refname)%00%(upstream:short)%00%(objectname)%00%(upstream:track)%00%(upstream:remotename)%00%(upstream:remoteref) --ignore-case refs/heads/main refs/remotes/main [2272ms]
2026-09-07 11:29:28.126 [info] > git check-ignore -v -z --stdin [2472ms]
2026-09-07 11:29:28.307 [info] > git config --get commit.template [2664ms]
2026-09-07 11:29:28.954 [info] > git for-each-ref --sort -committerdate --format %(refname)%00%(objectname)%00%(*objectname) [621ms]
2026-09-07 11:29:28.991 [info] > git check-ignore -v -z --stdin [722ms]
2026-09-07 11:29:29.265 [info] > git status -z -uall [947ms]
2026-09-07 11:29:29.764 [info] > git check-ignore -v -z --stdin [499ms]
2026-09-07 11:29:30.262 [info] > git check-ignore -v -z --stdin [306ms]
2026-09-07 11:29:34.517 [info] > git config --get commit.template [187ms]
2026-09-07 11:29:34.527 [info] > git for-each-ref --format=%(refname)%00%(upstream:short)%00%(objectname)%00%(upstream:track)%00%(upstream:remotename)%00%(upstream:remoteref) --ignore-case refs/heads/main refs/remotes/main [176ms]
2026-09-07 11:29:34.734 [info] > git for-each-ref --sort -committerdate --format %(refname)%00%(objectname)%00%(*objectname) [180ms]
2026-09-07 11:29:34.739 [info] > git status -z -uall [202ms]
2026-09-07 11:29:35.198 [info] > git check-ignore -v -z --stdin [111ms]
2026-09-07 11:29:59.517 [info] > git check-ignore -v -z --stdin [138ms]
2026-09-07 11:30:00.586 [info] > git check-ignore -v -z --stdin [318ms]
2026-09-07 11:30:01.151 [info] > git check-ignore -v -z --stdin [300ms]
2026-09-07 11:30:01.941 [info] > git check-ignore -v -z --stdin [625ms]
2026-09-07 11:30:02.340 [info] > git for-each-ref --format=%(refname)%00%(upstream:short)%00%(objectname)%00%(upstream:track)%00%(upstream:remotename)%00%(upstream:remoteref) --ignore-case refs/heads/main refs/remotes/main [481ms]
2026-09-07 11:30:02.340 [info] > git config --get commit.template [499ms]
2026-09-07 11:30:02.582 [info] > git for-each-ref --sort -committerdate --format %(refname)%00%(objectname)%00%(*objectname) [220ms]
2026-09-07 11:30:02.587 [info] > git status -z -uall [236ms]
2026-09-07 11:30:03.059 [info] > git check-ignore -v -z --stdin [111ms]
2026-09-07 11:30:05.247 [info] > git check-ignore -v -z --stdin [350ms]
2026-09-07 11:30:05.829 [info] > git check-ignore -v -z --stdin [479ms]
2026-09-07 11:30:06.183 [info] > git check-ignore -v -z --stdin [273ms]
2026-09-07 11:30:07.289 [info] > git check-ignore -v -z --stdin [489ms]
2026-09-07 11:30:08.198 [info] > git config --get commit.template [567ms]
2026-09-07 11:30:08.331 [info] > git for-each-ref --format=%(refname)%00%(upstream:short)%00%(objectname)%00%(upstream:track)%00%(upstream:remotename)%00%(upstream:remoteref) --ignore-case refs/heads/main refs/remotes/main [597ms]
2026-09-07 11:30:08.709 [info] > git for-each-ref --sort -committerdate --format %(refname)%00%(objectname)%00%(*objectname) [332ms]
2026-09-07 11:30:08.727 [info] > git status -z -uall [376ms]
2026-09-07 11:30:09.207 [info] > git check-ignore -v -z --stdin [141ms]
2026-09-07 11:30:14.144 [info] > git for-each-ref --format=%(refname)%00%(upstream:short)%00%(objectname)%00%(upstream:track)%00%(upstream:remotename)%00%(upstream:remoteref) --ignore-case refs/heads/main refs/remotes/main [328ms]
2026-09-07 11:30:14.150 [info] > git config --get commit.template [346ms]
2026-09-07 11:30:14.338 [info] > git for-each-ref --sort -committerdate --format %(refname)%00%(objectname)%00%(*objectname) [170ms]
2026-09-07 11:30:14.354 [info] > git status -z -uall [195ms]
2026-09-07 11:30:15.279 [info] > git check-ignore -v -z --stdin [554ms]
2026-09-07 11:30:15.487 [info] > git check-ignore -v -z --stdin [127ms]
2026-09-07 11:30:19.571 [info] > git config --get commit.template [165ms]
2026-09-07 11:30:19.589 [info] > git for-each-ref --format=%(refname)%00%(upstream:short)%00%(objectname)%00%(upstream:track)%00%(upstream:remotename)%00%(upstream:remoteref) --ignore-case refs/heads/main refs/remotes/main [175ms]
2026-09-07 11:30:19.772 [info] > git status -z -uall [174ms]
2026-09-07 11:30:19.783 [info] > git for-each-ref --sort -committerdate --format %(refname)%00%(objectname)%00%(*objectname) [177ms]
2026-09-07 11:30:20.524 [info] > git check-ignore -v -z --stdin [236ms]
2026-09-07 11:30:21.167 [info] > git check-ignore -v -z --stdin [485ms]
2026-09-07 11:30:25.074 [info] > git for-each-ref --format=%(refname)%00%(upstream:short)%00%(objectname)%00%(upstream:track)%00%(upstream:remotename)%00%(upstream:remoteref) --ignore-case refs/heads/main refs/remotes/main [215ms]
2026-09-07 11:30:25.092 [info] > git config --get commit.template [242ms]
2026-09-07 11:30:25.391 [info] > git for-each-ref --sort -committerdate --format %(refname)%00%(objectname)%00%(*objectname) [272ms]
2026-09-07 11:30:25.397 [info] > git status -z -uall [297ms]
2026-09-07 11:30:25.848 [info] > git check-ignore -v -z --stdin [115ms]
2026-09-07 11:30:26.714 [info] > git check-ignore -v -z --stdin [147ms]
2026-09-07 11:30:27.714 [info] > git check-ignore -v -z --stdin [334ms]
2026-09-07 11:30:28.284 [info] > git check-ignore -v -z --stdin [500ms]
2026-09-07 11:30:29.272 [info] > git check-ignore -v -z --stdin [267ms]
2026-09-07 11:30:30.557 [info] > git check-ignore -v -z --stdin [446ms]
2026-09-07 11:30:31.126 [info] > git for-each-ref --format=%(refname)%00%(upstream:short)%00%(objectname)%00%(upstream:track)%00%(upstream:remotename)%00%(upstream:remoteref) --ignore-case refs/heads/main refs/remotes/main [657ms]
2026-09-07 11:30:31.215 [info] > git config --get commit.template [755ms]
2026-09-07 11:30:31.495 [info] > git check-ignore -v -z --stdin [742ms]
2026-09-07 11:30:31.866 [info] > git for-each-ref --sort -committerdate --format %(refname)%00%(objectname)%00%(*objectname) [631ms]
2026-09-07 11:30:31.892 [info] > git status -z -uall [669ms]
2026-09-07 11:30:32.705 [info] > git check-ignore -v -z --stdin [1109ms]
2026-09-07 11:30:33.031 [info] > git check-ignore -v -z --stdin [224ms]
2026-09-07 11:30:37.198 [info] > git config --get commit.template [242ms]
2026-09-07 11:30:37.206 [info] > git for-each-ref --format=%(refname)%00%(upstream:short)%00%(objectname)%00%(upstream:track)%00%(upstream:remotename)%00%(upstream:remoteref) --ignore-case refs/heads/main refs/remotes/main [225ms]
2026-09-07 11:30:37.410 [info] > git for-each-ref --sort -committerdate --format %(refname)%00%(objectname)%00%(*objectname) [186ms]
2026-09-07 11:30:37.418 [info] > git status -z -uall [203ms]
2026-09-07 11:30:37.892 [info] > git check-ignore -v -z --stdin [123ms]
2026-09-07 11:30:38.708 [info] > git check-ignore -v -z --stdin [190ms]
2026-09-07 11:30:38.944 [info] > git check-ignore -v -z --stdin [156ms]
2026-09-07 11:30:42.732 [info] > git for-each-ref --format=%(refname)%00%(upstream:short)%00%(objectname)%00%(upstream:track)%00%(upstream:remotename)%00%(upstream:remoteref) --ignore-case refs/heads/main refs/remotes/main [265ms]
2026-09-07 11:30:42.735 [info] > git config --get commit.template [276ms]
2026-09-07 11:30:43.065 [info] > git for-each-ref --sort -committerdate --format %(refname)%00%(objectname)%00%(*objectname) [282ms]
2026-09-07 11:30:43.079 [info] > git status -z -uall [330ms]
2026-09-07 11:30:43.587 [info] > git check-ignore -v -z --stdin [141ms]
2026-09-07 11:30:45.666 [info] > git check-ignore -v -z --stdin [129ms]
2026-09-07 11:30:46.116 [info] > git check-ignore -v -z --stdin [122ms]
2026-09-07 11:30:47.241 [info] > git check-ignore -v -z --stdin [147ms]
2026-09-07 11:30:47.464 [info] > git check-ignore -v -z --stdin [142ms]
2026-09-07 11:30:48.427 [info] > git config --get commit.template [280ms]
2026-09-07 11:30:48.439 [info] > git for-each-ref --format=%(refname)%00%(upstream:short)%00%(objectname)%00%(upstream:track)%00%(upstream:remotename)%00%(upstream:remoteref) --ignore-case refs/heads/main refs/remotes/main [248ms]
2026-09-07 11:30:48.798 [info] > git status -z -uall [345ms]
2026-09-07 11:30:48.809 [info] > git for-each-ref --sort -committerdate --format %(refname)%00%(objectname)%00%(*objectname) [344ms]
2026-09-07 11:30:49.471 [info] > git check-ignore -v -z --stdin [315ms]
2026-09-07 11:30:50.409 [info] > git check-ignore -v -z --stdin [218ms]
2026-09-07 11:30:51.567 [info] > git check-ignore -v -z --stdin [398ms]
2026-09-07 11:30:52.285 [info] > git check-ignore -v -z --stdin [577ms]
2026-09-07 11:30:52.505 [info] > git check-ignore -v -z --stdin [143ms]
2026-09-07 11:30:53.207 [info] > git check-ignore -v -z --stdin [142ms]
2026-09-07 11:30:54.293 [info] > git check-ignore -v -z --stdin [319ms]
2026-09-07 11:30:54.321 [info] > git config --get commit.template [338ms]
2026-09-07 11:30:54.345 [info] > git for-each-ref --format=%(refname)%00%(upstream:short)%00%(objectname)%00%(upstream:track)%00%(upstream:remotename)%00%(upstream:remoteref) --ignore-case refs/heads/main refs/remotes/main [343ms]
2026-09-07 11:30:54.643 [info] > git check-ignore -v -z --stdin [246ms]
2026-09-07 11:30:54.677 [info] > git for-each-ref --sort -committerdate --format %(refname)%00%(objectname)%00%(*objectname) [311ms]
2026-09-07 11:30:54.696 [info] > git status -z -uall [343ms]
2026-09-07 11:30:55.366 [info] > git check-ignore -v -z --stdin [307ms]
2026-09-07 11:30:59.936 [info] > git for-each-ref --format=%(refname)%00%(upstream:short)%00%(objectname)%00%(upstream:track)%00%(upstream:remotename)%00%(upstream:remoteref) --ignore-case refs/heads/main refs/remotes/main [169ms]
2026-09-07 11:30:59.943 [info] > git config --get commit.template [195ms]
2026-09-07 11:31:00.161 [info] > git status -z -uall [211ms]
2026-09-07 11:31:00.177 [info] > git for-each-ref --sort -committerdate --format %(refname)%00%(objectname)%00%(*objectname) [217ms]
2026-09-07 11:31:00.648 [info] > git check-ignore -v -z --stdin [115ms]
2026-09-07 11:31:21.016 [info] > git check-ignore -v -z --stdin [245ms]
2026-09-07 11:31:21.260 [info] > git check-ignore -v -z --stdin [115ms]
2026-09-07 11:31:21.465 [info] > git check-ignore -v -z --stdin [132ms]
2026-09-07 11:31:22.652 [info] > git check-ignore -v -z --stdin [269ms]
2026-09-07 11:31:24.207 [info] > git config --get commit.template [953ms]
2026-09-07 11:31:24.680 [info] > git for-each-ref --format=%(refname)%00%(upstream:short)%00%(objectname)%00%(upstream:track)%00%(upstream:remotename)%00%(upstream:remoteref) --ignore-case refs/heads/main refs/remotes/main [1418ms]
2026-09-07 11:31:24.747 [info] > git check-ignore -v -z --stdin [477ms]
2026-09-07 11:31:25.094 [info] > git status -z -uall [374ms]
2026-09-07 11:31:25.111 [info] > git for-each-ref --sort -committerdate --format %(refname)%00%(objectname)%00%(*objectname) [365ms]
2026-09-07 11:31:25.920 [info] > git check-ignore -v -z --stdin [377ms]
2026-09-07 11:31:26.453 [info] > git check-ignore -v -z --stdin [427ms]
2026-09-07 11:31:26.974 [info] > git check-ignore -v -z --stdin [378ms]
2026-09-07 11:31:27.871 [info] > git check-ignore -v -z --stdin [802ms]
2026-09-07 11:31:28.140 [info] > git check-ignore -v -z --stdin [186ms]
2026-09-07 11:31:30.341 [info] > git config --get commit.template [202ms]
2026-09-07 11:31:30.363 [info] > git for-each-ref --format=%(refname)%00%(upstream:short)%00%(objectname)%00%(upstream:track)%00%(upstream:remotename)%00%(upstream:remoteref) --ignore-case refs/heads/main refs/remotes/main [212ms]
2026-09-07 11:31:30.579 [info] > git for-each-ref --sort -committerdate --format %(refname)%00%(objectname)%00%(*objectname) [187ms]
2026-09-07 11:31:30.586 [info] > git status -z -uall [212ms]
2026-09-07 11:31:31.053 [info] > git check-ignore -v -z --stdin [113ms]
2026-09-07 11:31:32.702 [info] > git check-ignore -v -z --stdin [140ms]
2026-09-07 11:31:35.800 [info] > git config --get commit.template [158ms]
2026-09-07 11:31:35.800 [info] > git for-each-ref --format=%(refname)%00%(upstream:short)%00%(objectname)%00%(upstream:track)%00%(upstream:remotename)%00%(upstream:remoteref) --ignore-case refs/heads/main refs/remotes/main [150ms]
2026-09-07 11:31:36.002 [info] > git for-each-ref --sort -committerdate --format %(refname)%00%(objectname)%00%(*objectname) [185ms]
2026-09-07 11:31:36.015 [info] > git status -z -uall [206ms]
2026-09-07 11:31:36.522 [info] > git check-ignore -v -z --stdin [135ms]
2026-09-07 11:31:41.258 [info] > git config --get commit.template [184ms]
2026-09-07 11:31:41.267 [info] > git for-each-ref --format=%(refname)%00%(upstream:short)%00%(objectname)%00%(upstream:track)%00%(upstream:remotename)%00%(upstream:remoteref) --ignore-case refs/heads/main refs/remotes/main [171ms]
2026-09-07 11:31:41.490 [info] > git for-each-ref --sort -committerdate --format %(refname)%00%(objectname)%00%(*objectname) [206ms]
2026-09-07 11:31:41.496 [info] > git status -z -uall [220ms]
2026-09-07 11:31:41.975 [info] > git check-ignore -v -z --stdin [113ms]
2026-09-07 11:31:48.498 [info] > git check-ignore -v -z --stdin [345ms]
2026-09-07 11:31:49.175 [info] > git check-ignore -v -z --stdin [525ms]
2026-09-07 11:31:49.387 [info] > git check-ignore -v -z --stdin [129ms]
2026-09-07 11:31:49.952 [info] > git check-ignore -v -z --stdin [131ms]
2026-09-07 11:31:51.905 [info] > git check-ignore -v -z --stdin [247ms]
2026-09-07 11:31:52.179 [info] > git config --get commit.template [363ms]
2026-09-07 11:31:52.214 [info] > git for-each-ref --format=%(refname)%00%(upstream:short)%00%(objectname)%00%(upstream:track)%00%(upstream:remotename)%00%(upstream:remoteref) --ignore-case refs/heads/main refs/remotes/main [361ms]
2026-09-07 11:31:52.349 [info] > git check-ignore -v -z --stdin [362ms]
2026-09-07 11:31:52.610 [info] > git status -z -uall [387ms]
2026-09-07 11:31:52.629 [info] > git for-each-ref --sort -committerdate --format %(refname)%00%(objectname)%00%(*objectname) [397ms]
2026-09-07 11:31:52.822 [info] > git check-ignore -v -z --stdin [147ms]
2026-09-07 11:31:53.383 [info] > git check-ignore -v -z --stdin [125ms]
2026-09-07 11:31:56.664 [info] > git check-ignore -v -z --stdin [119ms]
2026-09-07 11:31:57.995 [info] > git for-each-ref --format=%(refname)%00%(upstream:short)%00%(objectname)%00%(upstream:track)%00%(upstream:remotename)%00%(upstream:remoteref) --ignore-case refs/heads/main refs/remotes/main [297ms]
2026-09-07 11:31:57.995 [info] > git config --get commit.template [311ms]
2026-09-07 11:31:58.398 [info] > git for-each-ref --sort -committerdate --format %(refname)%00%(objectname)%00%(*objectname) [385ms]
2026-09-07 11:31:58.424 [info] > git status -z -uall [419ms]
2026-09-07 11:31:58.916 [info] > git check-ignore -v -z --stdin [120ms]
2026-09-07 11:32:00.686 [info] > git check-ignore -v -z --stdin [296ms]
2026-09-07 11:32:00.899 [info] > git check-ignore -v -z --stdin [131ms]
2026-09-07 11:32:01.893 [info] > git check-ignore -v -z --stdin [153ms]
2026-09-07 11:32:03.679 [info] > git config --get commit.template [201ms]
2026-09-07 11:32:03.689 [info] > git for-each-ref --format=%(refname)%00%(upstream:short)%00%(objectname)%00%(upstream:track)%00%(upstream:remotename)%00%(upstream:remoteref) --ignore-case refs/heads/main refs/remotes/main [193ms]
2026-09-07 11:32:03.886 [info] > git for-each-ref --sort -committerdate --format %(refname)%00%(objectname)%00%(*objectname) [180ms]
2026-09-07 11:32:03.888 [info] > git status -z -uall [190ms]
2026-09-07 11:32:04.396 [info] > git check-ignore -v -z --stdin [162ms]
2026-09-07 11:32:09.107 [info] > git config --get commit.template [177ms]
2026-09-07 11:32:09.108 [info] > git for-each-ref --format=%(refname)%00%(upstream:short)%00%(objectname)%00%(upstream:track)%00%(upstream:remotename)%00%(upstream:remoteref) --ignore-case refs/heads/main refs/remotes/main [166ms]
2026-09-07 11:32:09.299 [info] > git status -z -uall [182ms]
2026-09-07 11:32:09.321 [info] > git for-each-ref --sort -committerdate --format %(refname)%00%(objectname)%00%(*objectname) [196ms]
2026-09-07 11:32:10.143 [info] > git check-ignore -v -z --stdin [439ms]
2026-09-07 11:32:19.820 [info] > git check-ignore -v -z --stdin [133ms]
2026-09-07 11:32:20.407 [info] > git check-ignore -v -z --stdin [162ms]
2026-09-07 11:32:20.804 [info] > git check-ignore -v -z --stdin [132ms]
2026-09-07 11:32:21.260 [info] > git check-ignore -v -z --stdin [116ms]
2026-09-07 11:32:21.880 [info] > git check-ignore -v -z --stdin [378ms]
2026-09-07 11:32:23.658 [info] > git config --get commit.template [198ms]
2026-09-07 11:32:23.673 [info] > git for-each-ref --format=%(refname)%00%(upstream:short)%00%(objectname)%00%(upstream:track)%00%(upstream:remotename)%00%(upstream:remoteref) --ignore-case refs/heads/main refs/remotes/main [192ms]
2026-09-07 11:32:23.899 [info] > git for-each-ref --sort -committerdate --format %(refname)%00%(objectname)%00%(*objectname) [208ms]
2026-09-07 11:32:23.904 [info] > git status -z -uall [222ms]
2026-09-07 11:32:24.394 [info] > git check-ignore -v -z --stdin [133ms]
2026-09-07 11:32:31.726 [info] > git check-ignore -v -z --stdin [1076ms]
2026-09-07 11:32:31.985 [info] > git check-ignore -v -z --stdin [135ms]
2026-09-07 11:32:33.277 [info] > git check-ignore -v -z --stdin [227ms]
2026-09-07 11:32:34.109 [info] > git config --get commit.template [335ms]
2026-09-07 11:32:34.120 [info] > git for-each-ref --format=%(refname)%00%(upstream:short)%00%(objectname)%00%(upstream:track)%00%(upstream:remotename)%00%(upstream:remoteref) --ignore-case refs/heads/main refs/remotes/main [331ms]
2026-09-07 11:32:34.604 [info] > git status -z -uall [474ms]
2026-09-07 11:32:34.614 [info] > git for-each-ref --sort -committerdate --format %(refname)%00%(objectname)%00%(*objectname) [474ms]
2026-09-07 11:32:35.218 [info] > git check-ignore -v -z --stdin [274ms]
2026-09-07 11:32:39.845 [info] > git for-each-ref --format=%(refname)%00%(upstream:short)%00%(objectname)%00%(upstream:track)%00%(upstream:remotename)%00%(upstream:remoteref) --ignore-case refs/heads/main refs/remotes/main [162ms]
2026-09-07 11:32:39.865 [info] > git config --get commit.template [200ms]
2026-09-07 11:32:40.057 [info] > git for-each-ref --sort -committerdate --format %(refname)%00%(objectname)%00%(*objectname) [175ms]
2026-09-07 11:32:40.064 [info] > git status -z -uall [191ms]
2026-09-07 11:32:40.923 [info] > git check-ignore -v -z --stdin [432ms]
2026-09-07 11:32:45.300 [info] > git config --get commit.template [185ms]
2026-09-07 11:32:45.304 [info] > git for-each-ref --format=%(refname)%00%(upstream:short)%00%(objectname)%00%(upstream:track)%00%(upstream:remotename)%00%(upstream:remoteref) --ignore-case refs/heads/main refs/remotes/main [171ms]
2026-09-07 11:32:45.553 [info] > git for-each-ref --sort -committerdate --format %(refname)%00%(objectname)%00%(*objectname) [226ms]
2026-09-07 11:32:45.560 [info] > git status -z -uall [246ms]
2026-09-07 11:32:46.078 [info] > git check-ignore -v -z --stdin [118ms]
2026-09-07 11:33:43.058 [info] > git config --get commit.template [348ms]
2026-09-07 11:33:43.414 [info] > git for-each-ref --format=%(refname)%00%(upstream:short)%00%(objectname)%00%(upstream:track)%00%(upstream:remotename)%00%(upstream:remoteref) --ignore-case refs/heads/main refs/remotes/main [689ms]
2026-09-07 11:33:44.262 [info] > git for-each-ref --sort -committerdate --format %(refname)%00%(objectname)%00%(*objectname) [831ms]
2026-09-07 11:33:44.291 [info] > git status -z -uall [869ms]
2026-09-07 11:33:49.766 [info] > git for-each-ref --format=%(refname)%00%(upstream:short)%00%(objectname)%00%(upstream:track)%00%(upstream:remotename)%00%(upstream:remoteref) --ignore-case refs/heads/main refs/remotes/main [325ms]
2026-09-07 11:33:49.768 [info] > git config --get commit.template [406ms]
2026-09-07 11:33:50.015 [info] > git for-each-ref --sort -committerdate --format %(refname)%00%(objectname)%00%(*objectname) [226ms]
2026-09-07 11:33:50.028 [info] > git status -z -uall [250ms]
2026-09-07 11:33:56.466 [info] > git config --get commit.template [300ms]
2026-09-07 11:33:56.477 [info] > git for-each-ref --format=%(refname)%00%(upstream:short)%00%(objectname)%00%(upstream:track)%00%(upstream:remotename)%00%(upstream:remoteref) --ignore-case refs/heads/main refs/remotes/main [302ms]
2026-09-07 11:33:56.769 [info] > git for-each-ref --sort -committerdate --format %(refname)%00%(objectname)%00%(*objectname) [274ms]
2026-09-07 11:33:56.777 [info] > git status -z -uall [291ms]
2026-09-07 11:34:02.234 [info] > git check-ignore -v -z --stdin [972ms]
2026-09-07 11:34:02.484 [info] > git config --get commit.template [509ms]
2026-09-07 11:34:02.517 [info] > git for-each-ref --format=%(refname)%00%(upstream:short)%00%(objectname)%00%(upstream:track)%00%(upstream:remotename)%00%(upstream:remoteref) --ignore-case refs/heads/main refs/remotes/main [532ms]
2026-09-07 11:34:03.643 [info] > git show --textconv :src/app/pages/dashboard/dashboard.css [1392ms]
2026-09-07 11:34:03.647 [info] > git show --textconv HEAD:src/app/pages/dashboard/dashboard.css [1385ms]
2026-09-07 11:34:03.722 [info] > git ls-tree -l HEAD -- src/app/pages/dashboard/dashboard.css [1438ms]
2026-09-07 11:34:03.725 [info] > git ls-files --stage -- src/app/pages/dashboard/dashboard.css [1451ms]
2026-09-07 11:34:03.881 [info] > git status -z -uall [1355ms]
2026-09-07 11:34:03.928 [info] > git for-each-ref --sort -committerdate --format %(refname)%00%(objectname)%00%(*objectname) [1394ms]
2026-09-07 11:34:04.075 [info] > git cat-file -s a144600715a28dcd011be49d73c26b028502613b [342ms]
2026-09-07 11:34:04.374 [info] > git check-ignore -v -z --stdin [124ms]
2026-09-07 11:34:05.316 [info] > git check-ignore -v -z --stdin [126ms]
2026-09-07 11:34:08.869 [info] > git check-ignore -v -z --stdin [162ms]
2026-09-07 11:34:09.828 [info] > git for-each-ref --format=%(refname)%00%(upstream:short)%00%(objectname)%00%(upstream:track)%00%(upstream:remotename)%00%(upstream:remoteref) --ignore-case refs/heads/main refs/remotes/main [839ms]
2026-09-07 11:34:09.829 [info] > git config --get commit.template [870ms]
2026-09-07 11:34:09.911 [info] > git check-ignore -v -z --stdin [828ms]
2026-09-07 11:34:10.197 [info] > git for-each-ref --sort -committerdate --format %(refname)%00%(objectname)%00%(*objectname) [351ms]
2026-09-07 11:34:10.220 [info] > git status -z -uall [384ms]
2026-09-07 11:34:10.332 [info] > git check-ignore -v -z --stdin [314ms]
2026-09-07 11:34:10.546 [info] > git check-ignore -v -z --stdin [138ms]
2026-09-07 11:34:10.737 [info] > git check-ignore -v -z --stdin [116ms]
2026-09-07 11:34:13.549 [info] > git check-ignore -v -z --stdin [133ms]
2026-09-07 11:34:15.484 [info] > git config --get commit.template [208ms]
2026-09-07 11:34:15.495 [info] > git for-each-ref --format=%(refname)%00%(upstream:short)%00%(objectname)%00%(upstream:track)%00%(upstream:remotename)%00%(upstream:remoteref) --ignore-case refs/heads/main refs/remotes/main [209ms]
2026-09-07 11:34:15.772 [info] > git for-each-ref --sort -committerdate --format %(refname)%00%(objectname)%00%(*objectname) [259ms]
2026-09-07 11:34:15.781 [info] > git status -z -uall [277ms]
2026-09-07 11:34:16.680 [info] > git check-ignore -v -z --stdin [538ms]
2026-09-07 11:34:20.790 [info] > git check-ignore -v -z --stdin [139ms]
2026-09-07 11:34:21.036 [info] > git config --get commit.template [207ms]
2026-09-07 11:34:21.036 [info] > git for-each-ref --format=%(refname)%00%(upstream:short)%00%(objectname)%00%(upstream:track)%00%(upstream:remotename)%00%(upstream:remoteref) --ignore-case refs/heads/main refs/remotes/main [199ms]
2026-09-07 11:34:21.427 [info] > git for-each-ref --sort -committerdate --format %(refname)%00%(objectname)%00%(*objectname) [374ms]
2026-09-07 11:34:21.475 [info] > git status -z -uall [431ms]
2026-09-07 11:34:21.556 [info] > git check-ignore -v -z --stdin [248ms]
2026-09-07 11:34:21.972 [info] > git check-ignore -v -z --stdin [132ms]
2026-09-07 11:34:24.858 [info] > git check-ignore -v -z --stdin [146ms]
2026-09-07 11:34:26.921 [info] > git check-ignore -v -z --stdin [767ms]
2026-09-07 11:34:27.786 [info] > git config --get commit.template [1212ms]
2026-09-07 11:34:28.415 [info] > git for-each-ref --format=%(refname)%00%(upstream:short)%00%(objectname)%00%(upstream:track)%00%(upstream:remotename)%00%(upstream:remoteref) --ignore-case refs/heads/main refs/remotes/main [1606ms]
2026-09-07 11:34:28.646 [info] > git check-ignore -v -z --stdin [1599ms]
2026-09-07 11:34:28.965 [info] > git status -z -uall [490ms]
2026-09-07 11:34:28.983 [info] > git for-each-ref --sort -committerdate --format %(refname)%00%(objectname)%00%(*objectname) [449ms]
2026-09-07 11:34:29.069 [info] > git check-ignore -v -z --stdin [338ms]
2026-09-07 11:34:29.549 [info] > git check-ignore -v -z --stdin [226ms]
2026-09-07 11:34:31.119 [info] > git check-ignore -v -z --stdin [247ms]
2026-09-07 11:34:33.270 [info] > git check-ignore -v -z --stdin [178ms]
2026-09-07 11:34:34.369 [info] > git config --get commit.template [344ms]
2026-09-07 11:34:34.439 [info] > git for-each-ref --format=%(refname)%00%(upstream:short)%00%(objectname)%00%(upstream:track)%00%(upstream:remotename)%00%(upstream:remoteref) --ignore-case refs/heads/main refs/remotes/main [408ms]
2026-09-07 11:34:34.895 [info] > git status -z -uall [446ms]
2026-09-07 11:34:34.896 [info] > git check-ignore -v -z --stdin [499ms]
2026-09-07 11:34:34.954 [info] > git for-each-ref --sort -committerdate --format %(refname)%00%(objectname)%00%(*objectname) [490ms]
2026-09-07 11:34:35.615 [info] > git check-ignore -v -z --stdin [307ms]
2026-09-07 11:34:36.864 [info] > git check-ignore -v -z --stdin [1151ms]
2026-09-07 11:34:37.435 [info] > git check-ignore -v -z --stdin [437ms]
2026-09-07 11:34:37.771 [info] > git check-ignore -v -z --stdin [208ms]
2026-09-07 11:34:40.245 [info] > git config --get commit.template [247ms]
2026-09-07 11:34:40.283 [info] > git for-each-ref --format=%(refname)%00%(upstream:short)%00%(objectname)%00%(upstream:track)%00%(upstream:remotename)%00%(upstream:remoteref) --ignore-case refs/heads/main refs/remotes/main [260ms]
2026-09-07 11:34:40.501 [info] > git status -z -uall [207ms]
2026-09-07 11:34:40.508 [info] > git for-each-ref --sort -committerdate --format %(refname)%00%(objectname)%00%(*objectname) [178ms]
2026-09-07 11:34:41.017 [info] > git check-ignore -v -z --stdin [148ms]
2026-09-07 11:35:07.968 [info] > git check-ignore -v -z --stdin [124ms]
2026-09-07 11:35:10.173 [info] > git config --get commit.template [349ms]
2026-09-07 11:35:10.182 [info] > git for-each-ref --format=%(refname)%00%(upstream:short)%00%(objectname)%00%(upstream:track)%00%(upstream:remotename)%00%(upstream:remoteref) --ignore-case refs/heads/main refs/remotes/main [346ms]
2026-09-07 11:35:10.393 [info] > git status -z -uall [201ms]
2026-09-07 11:35:10.394 [info] > git for-each-ref --sort -committerdate --format %(refname)%00%(objectname)%00%(*objectname) [190ms]
2026-09-07 11:35:10.859 [info] > git check-ignore -v -z --stdin [120ms]
2026-09-07 11:35:12.310 [info] > git check-ignore -v -z --stdin [174ms]
2026-09-07 11:35:13.396 [info] > git check-ignore -v -z --stdin [219ms]
2026-09-07 11:35:15.828 [info] > git check-ignore -v -z --stdin [582ms]
2026-09-07 11:35:16.181 [info] > git config --get commit.template [485ms]
2026-09-07 11:35:16.208 [info] > git for-each-ref --format=%(refname)%00%(upstream:short)%00%(objectname)%00%(upstream:track)%00%(upstream:remotename)%00%(upstream:remoteref) --ignore-case refs/heads/main refs/remotes/main [496ms]
2026-09-07 11:35:16.752 [info] > git for-each-ref --sort -committerdate --format %(refname)%00%(objectname)%00%(*objectname) [514ms]
2026-09-07 11:35:16.767 [info] > git status -z -uall [547ms]
2026-09-07 11:35:17.276 [info] > git check-ignore -v -z --stdin [125ms]
2026-09-07 11:35:18.648 [info] > git check-ignore -v -z --stdin [716ms]
2026-09-07 11:35:18.871 [info] > git check-ignore -v -z --stdin [127ms]
2026-09-07 11:35:21.860 [info] > git check-ignore -v -z --stdin [193ms]
2026-09-07 11:35:22.092 [info] > git config --get commit.template [268ms]
2026-09-07 11:35:22.117 [info] > git for-each-ref --format=%(refname)%00%(upstream:short)%00%(objectname)%00%(upstream:track)%00%(upstream:remotename)%00%(upstream:remoteref) --ignore-case refs/heads/main refs/remotes/main [278ms]
2026-09-07 11:35:22.344 [info] > git for-each-ref --sort -committerdate --format %(refname)%00%(objectname)%00%(*objectname) [194ms]
2026-09-07 11:35:22.357 [info] > git status -z -uall [227ms]
2026-09-07 11:35:22.928 [info] > git check-ignore -v -z --stdin [215ms]
2026-09-07 11:35:24.542 [info] > git check-ignore -v -z --stdin [154ms]
2026-09-07 11:35:26.042 [info] > git check-ignore -v -z --stdin [414ms]
2026-09-07 11:35:26.618 [info] > git check-ignore -v -z --stdin [134ms]
2026-09-07 11:35:27.180 [info] > git check-ignore -v -z --stdin [136ms]
2026-09-07 11:35:27.979 [info] > git for-each-ref --format=%(refname)%00%(upstream:short)%00%(objectname)%00%(upstream:track)%00%(upstream:remotename)%00%(upstream:remoteref) --ignore-case refs/heads/main refs/remotes/main [437ms]
2026-09-07 11:35:28.085 [info] > git config --get commit.template [569ms]
2026-09-07 11:35:28.153 [info] > git check-ignore -v -z --stdin [627ms]
2026-09-07 11:35:28.480 [info] > git for-each-ref --sort -committerdate --format %(refname)%00%(objectname)%00%(*objectname) [358ms]
2026-09-07 11:35:28.505 [info] > git check-ignore -v -z --stdin [264ms]
2026-09-07 11:35:28.525 [info] > git status -z -uall [413ms]
2026-09-07 11:35:28.779 [info] > git check-ignore -v -z --stdin [184ms]
2026-09-07 11:35:29.088 [info] > git check-ignore -v -z --stdin [143ms]
2026-09-07 11:35:33.175 [info] > git check-ignore -v -z --stdin [153ms]
2026-09-07 11:35:33.835 [info] > git check-ignore -v -z --stdin [307ms]
2026-09-07 11:35:33.856 [info] > git config --get commit.template [306ms]
2026-09-07 11:35:33.877 [info] > git for-each-ref --format=%(refname)%00%(upstream:short)%00%(objectname)%00%(upstream:track)%00%(upstream:remotename)%00%(upstream:remoteref) --ignore-case refs/heads/main refs/remotes/main [312ms]
2026-09-07 11:35:34.577 [info] > git status -z -uall [691ms]
2026-09-07 11:35:34.578 [info] > git for-each-ref --sort -committerdate --format %(refname)%00%(objectname)%00%(*objectname) [376ms]
2026-09-07 11:35:34.613 [info] > git check-ignore -v -z --stdin [304ms]
2026-09-07 11:35:35.264 [info] > git check-ignore -v -z --stdin [343ms]
2026-09-07 11:35:39.387 [info] > git check-ignore -v -z --stdin [178ms]
2026-09-07 11:35:39.593 [info] > git check-ignore -v -z --stdin [118ms]
2026-09-07 11:35:39.823 [info] > git for-each-ref --format=%(refname)%00%(upstream:short)%00%(objectname)%00%(upstream:track)%00%(upstream:remotename)%00%(upstream:remoteref) --ignore-case refs/heads/main refs/remotes/main [207ms]
2026-09-07 11:35:39.831 [info] > git config --get commit.template [223ms]
2026-09-07 11:35:40.169 [info] > git for-each-ref --sort -committerdate --format %(refname)%00%(objectname)%00%(*objectname) [315ms]
2026-09-07 11:35:40.181 [info] > git status -z -uall [342ms]
2026-09-07 11:35:40.815 [info] > git check-ignore -v -z --stdin [665ms]
2026-09-07 11:35:41.061 [info] > git check-ignore -v -z --stdin [121ms]
2026-09-07 11:35:42.196 [info] > git check-ignore -v -z --stdin [238ms]
2026-09-07 11:35:45.498 [info] > git config --get commit.template [235ms]
2026-09-07 11:35:45.510 [info] > git for-each-ref --format=%(refname)%00%(upstream:short)%00%(objectname)%00%(upstream:track)%00%(upstream:remotename)%00%(upstream:remoteref) --ignore-case refs/heads/main refs/remotes/main [233ms]
2026-09-07 11:35:45.705 [info] > git for-each-ref --sort -committerdate --format %(refname)%00%(objectname)%00%(*objectname) [178ms]
2026-09-07 11:35:45.707 [info] > git status -z -uall [189ms]
2026-09-07 11:35:46.229 [info] > git check-ignore -v -z --stdin [184ms]
2026-09-07 11:35:47.956 [info] > git check-ignore -v -z --stdin [117ms]
2026-09-07 11:35:48.161 [info] > git check-ignore -v -z --stdin [125ms]
2026-09-07 11:35:50.972 [info] > git config --get commit.template [240ms]
2026-09-07 11:35:50.985 [info] > git for-each-ref --format=%(refname)%00%(upstream:short)%00%(objectname)%00%(upstream:track)%00%(upstream:remotename)%00%(upstream:remoteref) --ignore-case refs/heads/main refs/remotes/main [246ms]
2026-09-07 11:35:51.219 [info] > git for-each-ref --sort -committerdate --format %(refname)%00%(objectname)%00%(*objectname) [217ms]
2026-09-07 11:35:51.242 [info] > git status -z -uall [248ms]
2026-09-07 11:35:51.749 [info] > git check-ignore -v -z --stdin [143ms]
2026-09-07 11:35:56.521 [info] > git config --get commit.template [226ms]
2026-09-07 11:35:56.524 [info] > git for-each-ref --format=%(refname)%00%(upstream:short)%00%(objectname)%00%(upstream:track)%00%(upstream:remotename)%00%(upstream:remoteref) --ignore-case refs/heads/main refs/remotes/main [213ms]
2026-09-07 11:35:56.724 [info] > git for-each-ref --sort -committerdate --format %(refname)%00%(objectname)%00%(*objectname) [182ms]
2026-09-07 11:35:56.736 [info] > git status -z -uall [203ms]
2026-09-07 11:35:57.247 [info] > git check-ignore -v -z --stdin [134ms]
2026-09-07 11:36:18.599 [info] > git check-ignore -v -z --stdin [173ms]
2026-09-07 11:36:18.951 [info] > git check-ignore -v -z --stdin [123ms]
2026-09-07 11:36:19.182 [info] > git check-ignore -v -z --stdin [128ms]
2026-09-07 11:36:21.759 [info] > git config --get commit.template [367ms]
2026-09-07 11:36:21.774 [info] > git for-each-ref --format=%(refname)%00%(upstream:short)%00%(objectname)%00%(upstream:track)%00%(upstream:remotename)%00%(upstream:remoteref) --ignore-case refs/heads/main refs/remotes/main [368ms]
2026-09-07 11:36:22.086 [info] > git status -z -uall [302ms]
2026-09-07 11:36:22.099 [info] > git for-each-ref --sort -committerdate --format %(refname)%00%(objectname)%00%(*objectname) [299ms]
2026-09-07 11:36:37.717 [info] > git for-each-ref --format=%(refname)%00%(upstream:short)%00%(objectname)%00%(upstream:track)%00%(upstream:remotename)%00%(upstream:remoteref) --ignore-case refs/heads/main refs/remotes/main [348ms]
2026-09-07 11:36:37.728 [info] > git config --get commit.template [370ms]
2026-09-07 11:36:38.024 [info] > git for-each-ref --sort -committerdate --format %(refname)%00%(objectname)%00%(*objectname) [247ms]
2026-09-07 11:36:38.031 [info] > git status -z -uall [290ms]
2026-09-07 11:36:43.282 [info] > git config --get commit.template [195ms]
2026-09-07 11:36:43.296 [info] > git for-each-ref --format=%(refname)%00%(upstream:short)%00%(objectname)%00%(upstream:track)%00%(upstream:remotename)%00%(upstream:remoteref) --ignore-case refs/heads/main refs/remotes/main [201ms]
2026-09-07 11:36:43.729 [info] > git for-each-ref --sort -committerdate --format %(refname)%00%(objectname)%00%(*objectname) [415ms]
2026-09-07 11:36:43.756 [info] > git status -z -uall [452ms]
2026-09-07 11:36:49.342 [info] > git config --get commit.template [523ms]
2026-09-07 11:36:49.390 [info] > git for-each-ref --format=%(refname)%00%(upstream:short)%00%(objectname)%00%(upstream:track)%00%(upstream:remotename)%00%(upstream:remoteref) --ignore-case refs/heads/main refs/remotes/main [555ms]
2026-09-07 11:36:49.808 [info] > git for-each-ref --sort -committerdate --format %(refname)%00%(objectname)%00%(*objectname) [398ms]
2026-09-07 11:36:49.810 [info] > git status -z -uall [411ms]
2026-09-07 11:36:55.715 [info] > git config --get commit.template [780ms]
2026-09-07 11:36:55.776 [info] > git for-each-ref --format=%(refname)%00%(upstream:short)%00%(objectname)%00%(upstream:track)%00%(upstream:remotename)%00%(upstream:remoteref) --ignore-case refs/heads/main refs/remotes/main [826ms]
2026-09-07 11:36:56.398 [info] > git for-each-ref --sort -committerdate --format %(refname)%00%(objectname)%00%(*objectname) [597ms]
2026-09-07 11:36:56.490 [info] > git status -z -uall [704ms]
2026-09-07 11:37:02.435 [info] > git for-each-ref --format=%(refname)%00%(upstream:short)%00%(objectname)%00%(upstream:track)%00%(upstream:remotename)%00%(upstream:remoteref) --ignore-case refs/heads/main refs/remotes/main [498ms]
2026-09-07 11:37:02.457 [info] > git config --get commit.template [536ms]
2026-09-07 11:37:02.668 [info] > git for-each-ref --sort -committerdate --format %(refname)%00%(objectname)%00%(*objectname) [192ms]
2026-09-07 11:37:02.676 [info] > git status -z -uall [211ms]
2026-09-07 11:37:15.206 [info] > git for-each-ref --format=%(refname)%00%(upstream:short)%00%(objectname)%00%(upstream:track)%00%(upstream:remotename)%00%(upstream:remoteref) --ignore-case refs/heads/main refs/remotes/main [179ms]
2026-09-07 11:37:15.212 [info] > git config --get commit.template [193ms]
2026-09-07 11:37:15.471 [info] > git status -z -uall [251ms]
2026-09-07 11:37:15.472 [info] > git for-each-ref --sort -committerdate --format %(refname)%00%(objectname)%00%(*objectname) [243ms]
2026-09-07 11:37:20.795 [info] > git config --get commit.template [273ms]
2026-09-07 11:37:21.621 [info] > git for-each-ref --format=%(refname)%00%(upstream:short)%00%(objectname)%00%(upstream:track)%00%(upstream:remotename)%00%(upstream:remoteref) --ignore-case refs/heads/main refs/remotes/main [1008ms]
2026-09-07 11:37:21.978 [info] > git status -z -uall [337ms]
2026-09-07 11:37:21.993 [info] > git for-each-ref --sort -committerdate --format %(refname)%00%(objectname)%00%(*objectname) [311ms]
2026-09-07 11:37:27.457 [info] > git config --get commit.template [399ms]
2026-09-07 11:37:27.495 [info] > git for-each-ref --format=%(refname)%00%(upstream:short)%00%(objectname)%00%(upstream:track)%00%(upstream:remotename)%00%(upstream:remoteref) --ignore-case refs/heads/main refs/remotes/main [402ms]
2026-09-07 11:37:27.739 [info] > git for-each-ref --sort -committerdate --format %(refname)%00%(objectname)%00%(*objectname) [226ms]
2026-09-07 11:37:27.755 [info] > git status -z -uall [251ms]
2026-09-07 11:37:33.307 [info] > git config --get commit.template [514ms]
2026-09-07 11:37:33.335 [info] > git for-each-ref --format=%(refname)%00%(upstream:short)%00%(objectname)%00%(upstream:track)%00%(upstream:remotename)%00%(upstream:remoteref) --ignore-case refs/heads/main refs/remotes/main [529ms]
2026-09-07 11:37:33.698 [info] > git status -z -uall [354ms]
2026-09-07 11:37:33.771 [info] > git for-each-ref --sort -committerdate --format %(refname)%00%(objectname)%00%(*objectname) [417ms]
2026-09-07 11:37:38.998 [info] > git for-each-ref --format=%(refname)%00%(upstream:short)%00%(objectname)%00%(upstream:track)%00%(upstream:remotename)%00%(upstream:remoteref) --ignore-case refs/heads/main refs/remotes/main [174ms]
2026-09-07 11:37:38.998 [info] > git config --get commit.template [182ms]
2026-09-07 11:37:39.219 [info] > git for-each-ref --sort -committerdate --format %(refname)%00%(objectname)%00%(*objectname) [191ms]
2026-09-07 11:37:39.225 [info] > git status -z -uall [218ms]
2026-09-07 11:37:44.560 [info] > git config --get commit.template [284ms]
2026-09-07 11:37:44.592 [info] > git for-each-ref --format=%(refname)%00%(upstream:short)%00%(objectname)%00%(upstream:track)%00%(upstream:remotename)%00%(upstream:remoteref) --ignore-case refs/heads/main refs/remotes/main [300ms]
2026-09-07 11:37:45.440 [info] > git for-each-ref --sort -committerdate --format %(refname)%00%(objectname)%00%(*objectname) [825ms]
2026-09-07 11:37:45.519 [info] > git status -z -uall [915ms]
2026-09-07 11:37:50.732 [info] > git for-each-ref --format=%(refname)%00%(upstream:short)%00%(objectname)%00%(upstream:track)%00%(upstream:remotename)%00%(upstream:remoteref) --ignore-case refs/heads/main refs/remotes/main [172ms]
2026-09-07 11:37:50.732 [info] > git config --get commit.template [180ms]
2026-09-07 11:37:51.024 [info] > git status -z -uall [283ms]
2026-09-07 11:37:51.025 [info] > git for-each-ref --sort -committerdate --format %(refname)%00%(objectname)%00%(*objectname) [258ms]
2026-09-07 11:37:56.286 [info] > git config --get commit.template [203ms]
2026-09-07 11:37:56.290 [info] > git for-each-ref --format=%(refname)%00%(upstream:short)%00%(objectname)%00%(upstream:track)%00%(upstream:remotename)%00%(upstream:remoteref) --ignore-case refs/heads/main refs/remotes/main [187ms]
2026-09-07 11:37:56.506 [info] > git status -z -uall [206ms]
2026-09-07 11:37:56.515 [info] > git for-each-ref --sort -committerdate --format %(refname)%00%(objectname)%00%(*objectname) [206ms]
2026-09-07 11:38:01.782 [info] > git config --get commit.template [225ms]
2026-09-07 11:38:01.782 [info] > git for-each-ref --format=%(refname)%00%(upstream:short)%00%(objectname)%00%(upstream:track)%00%(upstream:remotename)%00%(upstream:remoteref) --ignore-case refs/heads/main refs/remotes/main [191ms]
2026-09-07 11:38:01.999 [info] > git status -z -uall [208ms]
2026-09-07 11:38:02.000 [info] > git for-each-ref --sort -committerdate --format %(refname)%00%(objectname)%00%(*objectname) [192ms]
2026-09-07 11:38:05.582 [info] > git check-ignore -v -z --stdin [678ms]
2026-09-07 11:38:06.587 [info] > git ls-files --stage -- src/app/pages/dashboard/dashboard.css [960ms]
2026-09-07 11:38:06.716 [info] > git ls-tree -l HEAD -- src/app/pages/dashboard/dashboard.css [1036ms]
2026-09-07 11:38:08.020 [info] > git show --textconv HEAD:src/app/pages/dashboard/dashboard.css [2404ms]
2026-09-07 11:38:08.033 [info] > git show --textconv :src/app/pages/dashboard/dashboard.css [2428ms]
2026-09-07 11:38:08.195 [info] > git cat-file -s a144600715a28dcd011be49d73c26b028502613b [1597ms]
2026-09-07 11:38:08.370 [info] > git config --get commit.template [366ms]
2026-09-07 11:38:08.389 [info] > git for-each-ref --format=%(refname)%00%(upstream:short)%00%(objectname)%00%(upstream:track)%00%(upstream:remotename)%00%(upstream:remoteref) --ignore-case refs/heads/main refs/remotes/main [335ms]
2026-09-07 11:38:08.751 [info] > git for-each-ref --sort -committerdate --format %(refname)%00%(objectname)%00%(*objectname) [304ms]
2026-09-07 11:38:08.763 [info] > git status -z -uall [328ms]
2026-09-07 11:38:09.284 [info] > git check-ignore -v -z --stdin [136ms]
2026-09-07 11:38:17.536 [info] > git check-ignore -v -z --stdin [214ms]
2026-09-07 11:38:18.041 [info] > git show --textconv :src/app/pages/dashboard/dashboard.css [480ms]
2026-09-07 11:38:18.046 [info] > git ls-files --stage -- src/app/pages/dashboard/dashboard.css [408ms]
2026-09-07 11:38:18.100 [info] > git show --textconv HEAD:src/app/pages/dashboard/dashboard.css [477ms]
2026-09-07 11:38:18.134 [info] > git ls-tree -l HEAD -- src/app/pages/dashboard/dashboard.css [479ms]
2026-09-07 11:38:18.266 [info] > git cat-file -s a144600715a28dcd011be49d73c26b028502613b [212ms]
2026-09-07 11:38:21.333 [info] > git check-ignore -v -z --stdin [134ms]
2026-09-07 11:38:21.777 [info] > git check-ignore -v -z --stdin [134ms]
2026-09-07 11:38:23.779 [info] > git config --get commit.template [179ms]
2026-09-07 11:38:23.790 [info] > git for-each-ref --format=%(refname)%00%(upstream:short)%00%(objectname)%00%(upstream:track)%00%(upstream:remotename)%00%(upstream:remoteref) --ignore-case refs/heads/main refs/remotes/main [184ms]
2026-09-07 11:38:24.053 [info] > git status -z -uall [254ms]
2026-09-07 11:38:24.083 [info] > git for-each-ref --sort -committerdate --format %(refname)%00%(objectname)%00%(*objectname) [276ms]
2026-09-07 11:38:25.033 [info] > git check-ignore -v -z --stdin [615ms]
2026-09-07 11:38:26.549 [info] > git check-ignore -v -z --stdin [119ms]
2026-09-07 11:38:27.172 [info] > git check-ignore -v -z --stdin [129ms]
2026-09-07 11:38:27.375 [info] > git check-ignore -v -z --stdin [126ms]
2026-09-07 11:38:29.430 [info] > git config --get commit.template [296ms]
2026-09-07 11:38:29.450 [info] > git for-each-ref --format=%(refname)%00%(upstream:short)%00%(objectname)%00%(upstream:track)%00%(upstream:remotename)%00%(upstream:remoteref) --ignore-case refs/heads/main refs/remotes/main [301ms]
2026-09-07 11:38:29.670 [info] > git for-each-ref --sort -committerdate --format %(refname)%00%(objectname)%00%(*objectname) [203ms]
2026-09-07 11:38:29.695 [info] > git status -z -uall [236ms]
2026-09-07 11:38:30.259 [info] > git check-ignore -v -z --stdin [126ms]
2026-09-07 11:38:30.823 [info] > git check-ignore -v -z --stdin [118ms]
2026-09-07 11:38:31.954 [info] > git check-ignore -v -z --stdin [153ms]
2026-09-07 11:38:34.405 [info] > git check-ignore -v -z --stdin [151ms]
2026-09-07 11:38:34.897 [info] > git check-ignore -v -z --stdin [265ms]
2026-09-07 11:38:35.053 [info] > git config --get commit.template [332ms]
2026-09-07 11:38:35.091 [info] > git for-each-ref --format=%(refname)%00%(upstream:short)%00%(objectname)%00%(upstream:track)%00%(upstream:remotename)%00%(upstream:remoteref) --ignore-case refs/heads/main refs/remotes/main [362ms]
2026-09-07 11:38:35.347 [info] > git for-each-ref --sort -committerdate --format %(refname)%00%(objectname)%00%(*objectname) [239ms]
2026-09-07 11:38:35.359 [info] > git status -z -uall [260ms]
2026-09-07 11:38:36.389 [info] > git check-ignore -v -z --stdin [457ms]
2026-09-07 11:38:36.737 [info] > git check-ignore -v -z --stdin [253ms]
2026-09-07 11:38:41.420 [info] > git config --get commit.template [349ms]
2026-09-07 11:38:41.442 [info] > git for-each-ref --format=%(refname)%00%(upstream:short)%00%(objectname)%00%(upstream:track)%00%(upstream:remotename)%00%(upstream:remoteref) --ignore-case refs/heads/main refs/remotes/main [353ms]
2026-09-07 11:38:41.880 [info] > git status -z -uall [429ms]
2026-09-07 11:38:41.909 [info] > git for-each-ref --sort -committerdate --format %(refname)%00%(objectname)%00%(*objectname) [448ms]
2026-09-07 11:38:42.396 [info] > git check-ignore -v -z --stdin [142ms]
2026-09-07 11:38:45.043 [info] > git check-ignore -v -z --stdin [254ms]
2026-09-07 11:38:45.375 [info] > git check-ignore -v -z --stdin [143ms]
2026-09-07 11:38:47.153 [info] > git config --get commit.template [186ms]
2026-09-07 11:38:47.163 [info] > git for-each-ref --format=%(refname)%00%(upstream:short)%00%(objectname)%00%(upstream:track)%00%(upstream:remotename)%00%(upstream:remoteref) --ignore-case refs/heads/main refs/remotes/main [182ms]
2026-09-07 11:38:47.350 [info] > git status -z -uall [179ms]
2026-09-07 11:38:47.352 [info] > git for-each-ref --sort -committerdate --format %(refname)%00%(objectname)%00%(*objectname) [171ms]
2026-09-07 11:38:47.843 [info] > git check-ignore -v -z --stdin [153ms]
2026-09-07 11:38:52.551 [info] > git config --get commit.template [160ms]
2026-09-07 11:38:52.556 [info] > git for-each-ref --format=%(refname)%00%(upstream:short)%00%(objectname)%00%(upstream:track)%00%(upstream:remotename)%00%(upstream:remoteref) --ignore-case refs/heads/main refs/remotes/main [158ms]
2026-09-07 11:38:52.752 [info] > git for-each-ref --sort -committerdate --format %(refname)%00%(objectname)%00%(*objectname) [180ms]
2026-09-07 11:38:52.766 [info] > git status -z -uall [202ms]
2026-09-07 11:38:53.289 [info] > git check-ignore -v -z --stdin [183ms]
2026-09-07 11:39:07.229 [info] > git check-ignore -v -z --stdin [241ms]
2026-09-07 11:39:07.449 [info] > git check-ignore -v -z --stdin [138ms]
2026-09-07 11:39:09.509 [info] > git config --get commit.template [176ms]
2026-09-07 11:39:09.520 [info] > git for-each-ref --format=%(refname)%00%(upstream:short)%00%(objectname)%00%(upstream:track)%00%(upstream:remotename)%00%(upstream:remoteref) --ignore-case refs/heads/main refs/remotes/main [178ms]
2026-09-07 11:39:09.727 [info] > git status -z -uall [199ms]
2026-09-07 11:39:09.728 [info] > git for-each-ref --sort -committerdate --format %(refname)%00%(objectname)%00%(*objectname) [188ms]
2026-09-07 11:39:10.210 [info] > git check-ignore -v -z --stdin [148ms]
2026-09-07 11:39:15.098 [info] > git config --get commit.template [316ms]
2026-09-07 11:39:15.105 [info] > git for-each-ref --format=%(refname)%00%(upstream:short)%00%(objectname)%00%(upstream:track)%00%(upstream:remotename)%00%(upstream:remoteref) --ignore-case refs/heads/main refs/remotes/main [311ms]
2026-09-07 11:39:15.175 [info] > git check-ignore -v -z --stdin [458ms]
2026-09-07 11:39:15.490 [info] > git for-each-ref --sort -committerdate --format %(refname)%00%(objectname)%00%(*objectname) [357ms]
2026-09-07 11:39:15.555 [info] > git status -z -uall [440ms]
2026-09-07 11:39:16.651 [info] > git check-ignore -v -z --stdin [747ms]
2026-09-07 11:39:18.939 [info] > git check-ignore -v -z --stdin [137ms]
2026-09-07 11:39:19.911 [info] > git check-ignore -v -z --stdin [143ms]
2026-09-07 11:39:20.887 [info] > git config --get commit.template [279ms]
2026-09-07 11:39:20.981 [info] > git for-each-ref --format=%(refname)%00%(upstream:short)%00%(objectname)%00%(upstream:track)%00%(upstream:remotename)%00%(upstream:remoteref) --ignore-case refs/heads/main refs/remotes/main [364ms]
2026-09-07 11:39:21.428 [info] > git status -z -uall [437ms]
2026-09-07 11:39:21.467 [info] > git for-each-ref --sort -committerdate --format %(refname)%00%(objectname)%00%(*objectname) [462ms]
2026-09-07 11:39:21.665 [info] > git check-ignore -v -z --stdin [503ms]
2026-09-07 11:39:22.301 [info] > git check-ignore -v -z --stdin [170ms]
2026-09-07 11:39:23.442 [info] > git check-ignore -v -z --stdin [155ms]
2026-09-07 11:39:23.719 [info] > git check-ignore -v -z --stdin [120ms]
2026-09-07 11:39:24.221 [info] > git check-ignore -v -z --stdin [168ms]
2026-09-07 11:39:24.780 [info] > git check-ignore -v -z --stdin [121ms]
2026-09-07 11:39:25.040 [info] > git check-ignore -v -z --stdin [170ms]
2026-09-07 11:39:25.325 [info] > git check-ignore -v -z --stdin [160ms]
2026-09-07 11:39:25.540 [info] > git check-ignore -v -z --stdin [116ms]
2026-09-07 11:39:26.738 [info] > git config --get commit.template [243ms]
2026-09-07 11:39:26.754 [info] > git for-each-ref --format=%(refname)%00%(upstream:short)%00%(objectname)%00%(upstream:track)%00%(upstream:remotename)%00%(upstream:remoteref) --ignore-case refs/heads/main refs/remotes/main [252ms]
2026-09-07 11:39:27.415 [info] > git status -z -uall [651ms]
2026-09-07 11:39:27.422 [info] > git for-each-ref --sort -committerdate --format %(refname)%00%(objectname)%00%(*objectname) [636ms]
2026-09-07 11:39:28.074 [info] > git check-ignore -v -z --stdin [931ms]
2026-09-07 11:39:28.470 [info] > git check-ignore -v -z --stdin [293ms]
2026-09-07 11:39:32.644 [info] > git config --get commit.template [159ms]
2026-09-07 11:39:32.657 [info] > git for-each-ref --format=%(refname)%00%(upstream:short)%00%(objectname)%00%(upstream:track)%00%(upstream:remotename)%00%(upstream:remoteref) --ignore-case refs/heads/main refs/remotes/main [162ms]
2026-09-07 11:39:32.844 [info] > git for-each-ref --sort -committerdate --format %(refname)%00%(objectname)%00%(*objectname) [170ms]
2026-09-07 11:39:32.855 [info] > git status -z -uall [189ms]
2026-09-07 11:39:33.313 [info] > git check-ignore -v -z --stdin [109ms]
2026-09-07 11:39:38.237 [info] > git check-ignore -v -z --stdin [923ms]
2026-09-07 11:39:38.610 [info] > git check-ignore -v -z --stdin [159ms]
2026-09-07 11:39:39.873 [info] > git check-ignore -v -z --stdin [353ms]
2026-09-07 11:39:40.757 [info] > git config --get commit.template [485ms]
2026-09-07 11:39:40.787 [info] > git for-each-ref --format=%(refname)%00%(upstream:short)%00%(objectname)%00%(upstream:track)%00%(upstream:remotename)%00%(upstream:remoteref) --ignore-case refs/heads/main refs/remotes/main [504ms]
2026-09-07 11:39:41.482 [info] > git for-each-ref --sort -committerdate --format %(refname)%00%(objectname)%00%(*objectname) [678ms]
2026-09-07 11:39:41.488 [info] > git status -z -uall [692ms]
2026-09-07 11:39:41.792 [info] > git check-ignore -v -z --stdin [698ms]
2026-09-07 11:39:42.118 [info] > git check-ignore -v -z --stdin [188ms]
2026-09-07 11:39:44.251 [info] > git check-ignore -v -z --stdin [171ms]
2026-09-07 11:39:46.729 [info] > git config --get commit.template [190ms]
2026-09-07 11:39:46.729 [info] > git for-each-ref --format=%(refname)%00%(upstream:short)%00%(objectname)%00%(upstream:track)%00%(upstream:remotename)%00%(upstream:remoteref) --ignore-case refs/heads/main refs/remotes/main [182ms]
2026-09-07 11:39:46.940 [info] > git for-each-ref --sort -committerdate --format %(refname)%00%(objectname)%00%(*objectname) [192ms]
2026-09-07 11:39:46.947 [info] > git status -z -uall [209ms]
2026-09-07 11:39:47.433 [info] > git check-ignore -v -z --stdin [119ms]
2026-09-07 11:39:52.196 [info] > git for-each-ref --format=%(refname)%00%(upstream:short)%00%(objectname)%00%(upstream:track)%00%(upstream:remotename)%00%(upstream:remoteref) --ignore-case refs/heads/main refs/remotes/main [171ms]
2026-09-07 11:39:52.199 [info] > git config --get commit.template [196ms]
2026-09-07 11:39:52.395 [info] > git for-each-ref --sort -committerdate --format %(refname)%00%(objectname)%00%(*objectname) [181ms]
2026-09-07 11:39:52.406 [info] > git status -z -uall [200ms]
2026-09-07 11:39:52.906 [info] > git check-ignore -v -z --stdin [131ms]
2026-09-07 11:41:49.659 [info] > git config --get commit.template [1522ms]
2026-09-07 11:41:52.207 [info] > git for-each-ref --format=%(refname)%00%(upstream:short)%00%(objectname)%00%(upstream:track)%00%(upstream:remotename)%00%(upstream:remoteref) --ignore-case refs/heads/main refs/remotes/main [3688ms]
2026-09-07 11:41:52.208 [info] > git check-ignore -v -z --stdin [9371ms]
2026-09-07 11:41:52.993 [info] > git check-ignore -v -z --stdin [511ms]
2026-09-07 11:41:53.159 [info] > git for-each-ref --sort -committerdate --format %(refname)%00%(objectname)%00%(*objectname) [929ms]
2026-09-07 11:41:53.172 [info] > git status -z -uall [951ms]
2026-09-07 11:41:53.833 [info] > git check-ignore -v -z --stdin [233ms]
2026-09-07 11:41:54.704 [info] > git check-ignore -v -z --stdin [232ms]
2026-09-07 11:41:55.462 [info] > git check-ignore -v -z --stdin [197ms]
2026-09-07 11:41:58.439 [info] > git for-each-ref --format=%(refname)%00%(upstream:short)%00%(objectname)%00%(upstream:track)%00%(upstream:remotename)%00%(upstream:remoteref) --ignore-case refs/heads/main refs/remotes/main [223ms]
2026-09-07 11:41:58.450 [info] > git config --get commit.template [241ms]
2026-09-07 11:41:58.661 [info] > git for-each-ref --sort -committerdate --format %(refname)%00%(objectname)%00%(*objectname) [196ms]
2026-09-07 11:41:58.669 [info] > git status -z -uall [211ms]
2026-09-07 11:41:59.149 [info] > git check-ignore -v -z --stdin [142ms]
2026-09-07 11:42:03.898 [info] > git for-each-ref --format=%(refname)%00%(upstream:short)%00%(objectname)%00%(upstream:track)%00%(upstream:remotename)%00%(upstream:remoteref) --ignore-case refs/heads/main refs/remotes/main [167ms]
2026-09-07 11:42:03.910 [info] > git config --get commit.template [187ms]
2026-09-07 11:42:04.107 [info] > git status -z -uall [189ms]
2026-09-07 11:42:04.120 [info] > git for-each-ref --sort -committerdate --format %(refname)%00%(objectname)%00%(*objectname) [195ms]
2026-09-07 11:42:04.589 [info] > git check-ignore -v -z --stdin [129ms]
2026-09-07 11:42:36.037 [info] > git check-ignore -v -z --stdin [310ms]
2026-09-07 11:42:40.468 [info] > git config --get commit.template [2702ms]
2026-09-07 11:42:41.470 [info] > git for-each-ref --format=%(refname)%00%(upstream:short)%00%(objectname)%00%(upstream:track)%00%(upstream:remotename)%00%(upstream:remoteref) --ignore-case refs/heads/main refs/remotes/main [3745ms]
2026-09-07 11:42:42.430 [info] > git for-each-ref --sort -committerdate --format %(refname)%00%(objectname)%00%(*objectname) [843ms]
2026-09-07 11:42:45.615 [info] > git status -z -uall [4136ms]
2026-09-07 11:42:46.188 [info] > git check-ignore -v -z --stdin [151ms]
2026-09-07 11:42:47.729 [info] > git check-ignore -v -z --stdin [164ms]
2026-09-07 11:42:48.575 [info] > git check-ignore -v -z --stdin [416ms]
2026-09-07 11:42:51.132 [info] > git config --get commit.template [413ms]
2026-09-07 11:42:51.252 [info] > git for-each-ref --format=%(refname)%00%(upstream:short)%00%(objectname)%00%(upstream:track)%00%(upstream:remotename)%00%(upstream:remoteref) --ignore-case refs/heads/main refs/remotes/main [525ms]
2026-09-07 11:42:51.561 [info] > git for-each-ref --sort -committerdate --format %(refname)%00%(objectname)%00%(*objectname) [291ms]
2026-09-07 11:42:51.600 [info] > git status -z -uall [338ms]
2026-09-07 11:42:52.233 [info] > git check-ignore -v -z --stdin [278ms]
2026-09-07 11:43:10.146 [info] > git check-ignore -v -z --stdin [207ms]
2026-09-07 11:43:10.489 [info] > git check-ignore -v -z --stdin [224ms]
2026-09-07 11:43:12.339 [info] > git config --get commit.template [162ms]
2026-09-07 11:43:12.344 [info] > git for-each-ref --format=%(refname)%00%(upstream:short)%00%(objectname)%00%(upstream:track)%00%(upstream:remotename)%00%(upstream:remoteref) --ignore-case refs/heads/main refs/remotes/main [159ms]
2026-09-07 11:43:12.561 [info] > git for-each-ref --sort -committerdate --format %(refname)%00%(objectname)%00%(*objectname) [199ms]
2026-09-07 11:43:12.574 [info] > git status -z -uall [222ms]
2026-09-07 11:43:13.048 [info] > git check-ignore -v -z --stdin [112ms]
2026-09-07 11:43:17.308 [info] > git check-ignore -v -z --stdin [192ms]
2026-09-07 11:43:17.701 [info] > git check-ignore -v -z --stdin [242ms]
2026-09-07 11:43:17.896 [info] > git config --get commit.template [288ms]
2026-09-07 11:43:17.910 [info] > git for-each-ref --format=%(refname)%00%(upstream:short)%00%(objectname)%00%(upstream:track)%00%(upstream:remotename)%00%(upstream:remoteref) --ignore-case refs/heads/main refs/remotes/main [269ms]
2026-09-07 11:43:18.112 [info] > git for-each-ref --sort -committerdate --format %(refname)%00%(objectname)%00%(*objectname) [177ms]
2026-09-07 11:43:18.127 [info] > git status -z -uall [208ms]
2026-09-07 11:43:18.620 [info] > git check-ignore -v -z --stdin [156ms]
2026-09-07 11:43:23.356 [info] > git config --get commit.template [184ms]
2026-09-07 11:43:23.361 [info] > git for-each-ref --format=%(refname)%00%(upstream:short)%00%(objectname)%00%(upstream:track)%00%(upstream:remotename)%00%(upstream:remoteref) --ignore-case refs/heads/main refs/remotes/main [181ms]
2026-09-07 11:43:23.548 [info] > git for-each-ref --sort -committerdate --format %(refname)%00%(objectname)%00%(*objectname) [169ms]
2026-09-07 11:43:23.563 [info] > git status -z -uall [193ms]
2026-09-07 11:43:24.077 [info] > git check-ignore -v -z --stdin [126ms]
2026-09-07 11:43:25.235 [info] > git check-ignore -v -z --stdin [119ms]
2026-09-07 11:43:25.707 [info] > git check-ignore -v -z --stdin [132ms]
2026-09-07 11:43:28.792 [info] > git config --get commit.template [204ms]
2026-09-07 11:43:28.808 [info] > git for-each-ref --format=%(refname)%00%(upstream:short)%00%(objectname)%00%(upstream:track)%00%(upstream:remotename)%00%(upstream:remoteref) --ignore-case refs/heads/main refs/remotes/main [210ms]
2026-09-07 11:43:29.042 [info] > git status -z -uall [225ms]
2026-09-07 11:43:29.054 [info] > git for-each-ref --sort -committerdate --format %(refname)%00%(objectname)%00%(*objectname) [229ms]
2026-09-07 11:43:29.592 [info] > git check-ignore -v -z --stdin [180ms]
2026-09-07 11:43:34.290 [info] > git config --get commit.template [182ms]
2026-09-07 11:43:34.304 [info] > git for-each-ref --format=%(refname)%00%(upstream:short)%00%(objectname)%00%(upstream:track)%00%(upstream:remotename)%00%(upstream:remoteref) --ignore-case refs/heads/main refs/remotes/main [188ms]
2026-09-07 11:43:34.522 [info] > git for-each-ref --sort -committerdate --format %(refname)%00%(objectname)%00%(*objectname) [201ms]
2026-09-07 11:43:34.531 [info] > git status -z -uall [217ms]
2026-09-07 11:43:35.014 [info] > git check-ignore -v -z --stdin [124ms]
2026-09-07 11:44:11.419 [info] > git check-ignore -v -z --stdin [540ms]
2026-09-07 11:44:13.308 [info] > git config --get commit.template [512ms]
2026-09-07 11:44:13.309 [info] > git for-each-ref --format=%(refname)%00%(upstream:short)%00%(objectname)%00%(upstream:track)%00%(upstream:remotename)%00%(upstream:remoteref) --ignore-case refs/heads/main refs/remotes/main [496ms]
2026-09-07 11:44:13.554 [info] > git status -z -uall [235ms]
2026-09-07 11:44:13.556 [info] > git for-each-ref --sort -committerdate --format %(refname)%00%(objectname)%00%(*objectname) [227ms]
2026-09-07 11:44:14.032 [info] > git check-ignore -v -z --stdin [113ms]
2026-09-07 11:44:14.546 [info] > git check-ignore -v -z --stdin [167ms]
2026-09-07 11:44:17.430 [info] > git check-ignore -v -z --stdin [156ms]
2026-09-07 11:44:18.926 [info] > git config --get commit.template [222ms]
2026-09-07 11:44:19.006 [info] > git for-each-ref --format=%(refname)%00%(upstream:short)%00%(objectname)%00%(upstream:track)%00%(upstream:remotename)%00%(upstream:remoteref) --ignore-case refs/heads/main refs/remotes/main [292ms]
2026-09-07 11:44:19.746 [info] > git check-ignore -v -z --stdin [861ms]
2026-09-07 11:44:20.036 [info] > git for-each-ref --sort -committerdate --format %(refname)%00%(objectname)%00%(*objectname) [970ms]
2026-09-07 11:44:20.535 [info] > git status -z -uall [1515ms]
2026-09-07 11:44:21.141 [info] > git check-ignore -v -z --stdin [280ms]
2026-09-07 11:44:27.005 [info] > git check-ignore -v -z --stdin [152ms]
2026-09-07 11:44:28.651 [info] > git check-ignore -v -z --stdin [192ms]
2026-09-07 11:44:31.374 [info] > git config --get commit.template [185ms]
2026-09-07 11:44:31.395 [info] > git for-each-ref --format=%(refname)%00%(upstream:short)%00%(objectname)%00%(upstream:track)%00%(upstream:remotename)%00%(upstream:remoteref) --ignore-case refs/heads/main refs/remotes/main [195ms]
2026-09-07 11:44:31.610 [info] > git for-each-ref --sort -committerdate --format %(refname)%00%(objectname)%00%(*objectname) [198ms]
2026-09-07 11:44:31.617 [info] > git status -z -uall [213ms]
2026-09-07 11:44:32.098 [info] > git check-ignore -v -z --stdin [117ms]
2026-09-07 11:44:37.918 [info] > git check-ignore -v -z --stdin [428ms]
2026-09-07 11:44:39.433 [info] > git check-ignore -v -z --stdin [593ms]
2026-09-07 11:44:41.828 [info] > git config --get commit.template [183ms]
2026-09-07 11:44:41.834 [info] > git for-each-ref --format=%(refname)%00%(upstream:short)%00%(objectname)%00%(upstream:track)%00%(upstream:remotename)%00%(upstream:remoteref) --ignore-case refs/heads/main refs/remotes/main [180ms]
2026-09-07 11:44:42.045 [info] > git status -z -uall [203ms]
2026-09-07 11:44:42.051 [info] > git for-each-ref --sort -committerdate --format %(refname)%00%(objectname)%00%(*objectname) [200ms]
2026-09-07 11:44:42.536 [info] > git check-ignore -v -z --stdin [120ms]
2026-09-07 11:44:43.911 [info] > git check-ignore -v -z --stdin [119ms]
2026-09-07 11:44:47.250 [info] > git config --get commit.template [172ms]
2026-09-07 11:44:47.265 [info] > git for-each-ref --format=%(refname)%00%(upstream:short)%00%(objectname)%00%(upstream:track)%00%(upstream:remotename)%00%(upstream:remoteref) --ignore-case refs/heads/main refs/remotes/main [176ms]
2026-09-07 11:44:47.458 [info] > git for-each-ref --sort -committerdate --format %(refname)%00%(objectname)%00%(*objectname) [176ms]
2026-09-07 11:44:47.460 [info] > git status -z -uall [187ms]
2026-09-07 11:44:47.939 [info] > git check-ignore -v -z --stdin [119ms]
2026-09-07 11:45:32.068 [info] > git check-ignore -v -z --stdin [158ms]
2026-09-07 11:45:35.603 [info] > git for-each-ref --format=%(refname)%00%(upstream:short)%00%(objectname)%00%(upstream:track)%00%(upstream:remotename)%00%(upstream:remoteref) --ignore-case refs/heads/main refs/remotes/main [1271ms]
2026-09-07 11:45:35.604 [info] > git config --get commit.template [1583ms]
2026-09-07 11:45:35.748 [info] > git check-ignore -v -z --stdin [1446ms]
2026-09-07 11:45:36.239 [info] > git for-each-ref --sort -committerdate --format %(refname)%00%(objectname)%00%(*objectname) [554ms]
2026-09-07 11:45:36.304 [info] > git status -z -uall [649ms]
2026-09-07 11:45:36.771 [info] > git check-ignore -v -z --stdin [787ms]
2026-09-07 11:45:37.443 [info] > git check-ignore -v -z --stdin [440ms]
2026-09-07 11:45:40.177 [info] > git check-ignore -v -z --stdin [293ms]
2026-09-07 11:45:40.663 [info] > git check-ignore -v -z --stdin [291ms]
2026-09-07 11:45:40.911 [info] > git check-ignore -v -z --stdin [144ms]
2026-09-07 11:45:41.639 [info] > git check-ignore -v -z --stdin [429ms]
2026-09-07 11:45:42.496 [info] > git for-each-ref --format=%(refname)%00%(upstream:short)%00%(objectname)%00%(upstream:track)%00%(upstream:remotename)%00%(upstream:remoteref) --ignore-case refs/heads/main refs/remotes/main [923ms]
2026-09-07 11:45:42.523 [info] > git config --get commit.template [979ms]
2026-09-07 11:45:42.677 [info] > git check-ignore -v -z --stdin [932ms]
2026-09-07 11:45:42.986 [info] > git check-ignore -v -z --stdin [212ms]
2026-09-07 11:45:43.032 [info] > git status -z -uall [502ms]
2026-09-07 11:45:43.448 [info] > git for-each-ref --sort -committerdate --format %(refname)%00%(objectname)%00%(*objectname) [905ms]
2026-09-07 11:45:43.653 [info] > git check-ignore -v -z --stdin [430ms]
2026-09-07 11:45:43.910 [info] > git check-ignore -v -z --stdin [123ms]
2026-09-07 11:45:48.691 [info] > git config --get commit.template [193ms]
2026-09-07 11:45:48.699 [info] > git for-each-ref --format=%(refname)%00%(upstream:short)%00%(objectname)%00%(upstream:track)%00%(upstream:remotename)%00%(upstream:remoteref) --ignore-case refs/heads/main refs/remotes/main [184ms]
2026-09-07 11:45:48.901 [info] > git for-each-ref --sort -committerdate --format %(refname)%00%(objectname)%00%(*objectname) [179ms]
2026-09-07 11:45:48.912 [info] > git status -z -uall [205ms]
2026-09-07 11:45:49.754 [info] > git check-ignore -v -z --stdin [377ms]
2026-09-07 11:45:52.192 [info] > git check-ignore -v -z --stdin [223ms]
2026-09-07 11:45:52.468 [info] > git check-ignore -v -z --stdin [125ms]
2026-09-07 11:45:54.148 [info] > git config --get commit.template [199ms]
2026-09-07 11:45:54.155 [info] > git for-each-ref --format=%(refname)%00%(upstream:short)%00%(objectname)%00%(upstream:track)%00%(upstream:remotename)%00%(upstream:remoteref) --ignore-case refs/heads/main refs/remotes/main [195ms]
2026-09-07 11:45:54.794 [info] > git for-each-ref --sort -committerdate --format %(refname)%00%(objectname)%00%(*objectname) [618ms]
2026-09-07 11:45:54.796 [info] > git status -z -uall [630ms]
2026-09-07 11:45:55.287 [info] > git check-ignore -v -z --stdin [122ms]
2026-09-07 11:46:00.008 [info] > git config --get commit.template [164ms]
2026-09-07 11:46:00.013 [info] > git for-each-ref --format=%(refname)%00%(upstream:short)%00%(objectname)%00%(upstream:track)%00%(upstream:remotename)%00%(upstream:remoteref) --ignore-case refs/heads/main refs/remotes/main [161ms]
2026-09-07 11:46:00.252 [info] > git status -z -uall [231ms]
2026-09-07 11:46:00.261 [info] > git for-each-ref --sort -committerdate --format %(refname)%00%(objectname)%00%(*objectname) [232ms]
2026-09-07 11:46:00.744 [info] > git check-ignore -v -z --stdin [123ms]
2026-09-07 11:46:06.412 [info] > git check-ignore -v -z --stdin [138ms]
2026-09-07 11:46:08.535 [info] > git config --get commit.template [331ms]
2026-09-07 11:46:08.545 [info] > git for-each-ref --format=%(refname)%00%(upstream:short)%00%(objectname)%00%(upstream:track)%00%(upstream:remotename)%00%(upstream:remoteref) --ignore-case refs/heads/main refs/remotes/main [327ms]
2026-09-07 11:46:08.795 [info] > git for-each-ref --sort -committerdate --format %(refname)%00%(objectname)%00%(*objectname) [228ms]
2026-09-07 11:46:08.805 [info] > git status -z -uall [252ms]
2026-09-07 11:46:09.277 [info] > git check-ignore -v -z --stdin [124ms]
2026-09-07 11:46:10.519 [info] > git check-ignore -v -z --stdin [142ms]
2026-09-07 11:46:12.669 [info] > git check-ignore -v -z --stdin [229ms]
2026-09-07 11:46:13.012 [info] > git check-ignore -v -z --stdin [159ms]
2026-09-07 11:46:14.651 [info] > git config --get commit.template [199ms]
2026-09-07 11:46:14.664 [info] > git for-each-ref --format=%(refname)%00%(upstream:short)%00%(objectname)%00%(upstream:track)%00%(upstream:remotename)%00%(upstream:remoteref) --ignore-case refs/heads/main refs/remotes/main [203ms]
2026-09-07 11:46:14.941 [info] > git for-each-ref --sort -committerdate --format %(refname)%00%(objectname)%00%(*objectname) [259ms]
2026-09-07 11:46:14.942 [info] > git status -z -uall [270ms]
2026-09-07 11:46:15.572 [info] > git check-ignore -v -z --stdin [258ms]
2026-09-07 11:46:16.135 [info] > git check-ignore -v -z --stdin [118ms]
2026-09-07 11:46:19.237 [info] > git check-ignore -v -z --stdin [158ms]
2026-09-07 11:46:20.135 [info] > git for-each-ref --format=%(refname)%00%(upstream:short)%00%(objectname)%00%(upstream:track)%00%(upstream:remotename)%00%(upstream:remoteref) --ignore-case refs/heads/main refs/remotes/main [150ms]
2026-09-07 11:46:21.257 [info] > git config --get commit.template [1281ms]
2026-09-07 11:46:22.213 [info] > git check-ignore -v -z --stdin [2086ms]
2026-09-07 11:46:22.602 [info] > git for-each-ref --sort -committerdate --format %(refname)%00%(objectname)%00%(*objectname) [366ms]
2026-09-07 11:46:22.842 [info] > git status -z -uall [615ms]
2026-09-07 11:46:22.915 [info] > git check-ignore -v -z --stdin [368ms]
2026-09-07 11:46:23.452 [info] > git check-ignore -v -z --stdin [224ms]
2026-09-07 11:46:24.210 [info] > git check-ignore -v -z --stdin [409ms]
2026-09-07 11:46:27.318 [info] > git check-ignore -v -z --stdin [184ms]
2026-09-07 11:46:28.117 [info] > git config --get commit.template [185ms]
2026-09-07 11:46:28.596 [info] > git for-each-ref --format=%(refname)%00%(upstream:short)%00%(objectname)%00%(upstream:track)%00%(upstream:remotename)%00%(upstream:remoteref) --ignore-case refs/heads/main refs/remotes/main [651ms]
2026-09-07 11:46:29.059 [info] > git for-each-ref --sort -committerdate --format %(refname)%00%(objectname)%00%(*objectname) [392ms]
2026-09-07 11:46:29.099 [info] > git status -z -uall [494ms]
2026-09-07 11:46:29.431 [info] > git check-ignore -v -z --stdin [212ms]
2026-09-07 11:46:29.877 [info] > git check-ignore -v -z --stdin [268ms]
2026-09-07 11:46:34.393 [info] > git config --get commit.template [247ms]
2026-09-07 11:46:34.409 [info] > git for-each-ref --format=%(refname)%00%(upstream:short)%00%(objectname)%00%(upstream:track)%00%(upstream:remotename)%00%(upstream:remoteref) --ignore-case refs/heads/main refs/remotes/main [256ms]
2026-09-07 11:46:34.641 [info] > git status -z -uall [224ms]
2026-09-07 11:46:34.657 [info] > git for-each-ref --sort -committerdate --format %(refname)%00%(objectname)%00%(*objectname) [230ms]
2026-09-07 11:46:35.132 [info] > git check-ignore -v -z --stdin [113ms]
2026-09-07 11:48:41.461 [info] > git config --get commit.template [416ms]
2026-09-07 11:48:41.473 [info] > git for-each-ref --format=%(refname)%00%(upstream:short)%00%(objectname)%00%(upstream:track)%00%(upstream:remotename)%00%(upstream:remoteref) --ignore-case refs/heads/main refs/remotes/main [380ms]
2026-09-07 11:48:41.814 [info] > git for-each-ref --sort -committerdate --format %(refname)%00%(objectname)%00%(*objectname) [322ms]
2026-09-07 11:48:41.979 [info] > git status -z -uall [495ms]
2026-09-07 11:48:42.641 [info] > git check-ignore -v -z --stdin [281ms]
2026-09-07 11:48:47.303 [info] > git for-each-ref --format=%(refname)%00%(upstream:short)%00%(objectname)%00%(upstream:track)%00%(upstream:remotename)%00%(upstream:remoteref) --ignore-case refs/heads/main refs/remotes/main [250ms]
2026-09-07 11:48:47.314 [info] > git config --get commit.template [287ms]
2026-09-07 11:48:47.882 [info] > git for-each-ref --sort -committerdate --format %(refname)%00%(objectname)%00%(*objectname) [542ms]
2026-09-07 11:48:47.987 [info] > git status -z -uall [665ms]
2026-09-07 11:48:49.581 [info] > git check-ignore -v -z --stdin [186ms]
2026-09-07 11:48:52.792 [info] > git check-ignore -v -z --stdin [138ms]
2026-09-07 11:48:53.312 [info] > git check-ignore -v -z --stdin [145ms]
2026-09-07 11:48:53.711 [info] > git check-ignore -v -z --stdin [149ms]
2026-09-07 11:48:54.394 [info] > git check-ignore -v -z --stdin [220ms]
2026-09-07 11:48:54.677 [info] > git check-ignore -v -z --stdin [134ms]
2026-09-07 11:48:55.322 [info] > git check-ignore -v -z --stdin [146ms]
2026-09-07 11:48:56.662 [info] > git check-ignore -v -z --stdin [283ms]
2026-09-07 11:48:58.586 [info] > git for-each-ref --format=%(refname)%00%(upstream:short)%00%(objectname)%00%(upstream:track)%00%(upstream:remotename)%00%(upstream:remoteref) --ignore-case refs/heads/main refs/remotes/main [1418ms]
2026-09-07 11:48:58.761 [info] > git config --get commit.template [1626ms]
2026-09-07 11:48:59.294 [info] > git status -z -uall [500ms]
2026-09-07 11:48:59.360 [info] > git for-each-ref --sort -committerdate --format %(refname)%00%(objectname)%00%(*objectname) [557ms]
2026-09-07 11:49:05.128 [info] > git check-ignore -v -z --stdin [365ms]
2026-09-07 11:49:14.855 [info] > git config --get commit.template [1932ms]
2026-09-07 11:49:14.881 [info] > git check-ignore -v -z --stdin [606ms]
2026-09-07 11:49:14.916 [info] > git for-each-ref --format=%(refname)%00%(upstream:short)%00%(objectname)%00%(upstream:track)%00%(upstream:remotename)%00%(upstream:remoteref) --ignore-case refs/heads/main refs/remotes/main [1259ms]
2026-09-07 11:49:15.676 [info] > git status -z -uall [745ms]
2026-09-07 11:49:15.689 [info] > git for-each-ref --sort -committerdate --format %(refname)%00%(objectname)%00%(*objectname) [748ms]
2026-09-07 11:49:17.728 [info] > git check-ignore -v -z --stdin [1677ms]
2026-09-07 11:49:21.260 [info] > git config --get commit.template [491ms]
2026-09-07 11:49:21.321 [info] > git for-each-ref --format=%(refname)%00%(upstream:short)%00%(objectname)%00%(upstream:track)%00%(upstream:remotename)%00%(upstream:remoteref) --ignore-case refs/heads/main refs/remotes/main [256ms]
2026-09-07 11:49:22.086 [info] > git status -z -uall [755ms]
2026-09-07 11:49:22.561 [info] > git for-each-ref --sort -committerdate --format %(refname)%00%(objectname)%00%(*objectname) [1096ms]
2026-09-07 11:49:26.636 [info] > git check-ignore -v -z --stdin [722ms]
2026-09-07 11:49:28.608 [info] > git check-ignore -v -z --stdin [321ms]
2026-09-07 11:49:29.036 [info] > git check-ignore -v -z --stdin [125ms]
2026-09-07 11:49:29.639 [info] > git check-ignore -v -z --stdin [158ms]
2026-09-07 11:49:30.070 [info] > git check-ignore -v -z --stdin [273ms]
2026-09-07 11:49:33.354 [info] > git config --get commit.template [679ms]
2026-09-07 11:49:33.378 [info] > git for-each-ref --format=%(refname)%00%(upstream:short)%00%(objectname)%00%(upstream:track)%00%(upstream:remotename)%00%(upstream:remoteref) --ignore-case refs/heads/main refs/remotes/main [655ms]
2026-09-07 11:49:33.729 [info] > git for-each-ref --sort -committerdate --format %(refname)%00%(objectname)%00%(*objectname) [331ms]
2026-09-07 11:49:33.757 [info] > git status -z -uall [370ms]
2026-09-07 11:49:34.347 [info] > git check-ignore -v -z --stdin [212ms]
2026-09-07 11:49:37.834 [info] > git check-ignore -v -z --stdin [457ms]
2026-09-07 11:49:38.317 [info] > git check-ignore -v -z --stdin [296ms]
2026-09-07 11:49:38.720 [info] > git check-ignore -v -z --stdin [215ms]
2026-09-07 11:49:39.022 [info] > git check-ignore -v -z --stdin [154ms]
2026-09-07 11:49:39.442 [info] > git check-ignore -v -z --stdin [171ms]
2026-09-07 11:49:39.981 [info] > git check-ignore -v -z --stdin [148ms]
2026-09-07 11:49:44.943 [info] > git for-each-ref --format=%(refname)%00%(upstream:short)%00%(objectname)%00%(upstream:track)%00%(upstream:remotename)%00%(upstream:remoteref) --ignore-case refs/heads/main refs/remotes/main [3071ms]
2026-09-07 11:49:44.983 [info] > git config --get commit.template [3164ms]
2026-09-07 11:49:45.505 [info] > git for-each-ref --sort -committerdate --format %(refname)%00%(objectname)%00%(*objectname) [498ms]
2026-09-07 11:49:45.567 [info] > git status -z -uall [574ms]
2026-09-07 11:49:51.047 [info] > git check-ignore -v -z --stdin [4417ms]
2026-09-07 11:49:52.147 [info] > git check-ignore -v -z --stdin [139ms]
2026-09-07 11:49:52.855 [info] > git check-ignore -v -z --stdin [193ms]
2026-09-07 11:49:53.184 [info] > git check-ignore -v -z --stdin [148ms]
2026-09-07 11:49:53.623 [info] > git check-ignore -v -z --stdin [145ms]
2026-09-07 11:49:54.076 [info] > git check-ignore -v -z --stdin [132ms]
2026-09-07 11:49:54.998 [info] > git check-ignore -v -z --stdin [528ms]
2026-09-07 11:49:59.221 [info] > git config --get commit.template [418ms]
2026-09-07 11:49:59.236 [info] > git for-each-ref --format=%(refname)%00%(upstream:short)%00%(objectname)%00%(upstream:track)%00%(upstream:remotename)%00%(upstream:remoteref) --ignore-case refs/heads/main refs/remotes/main [421ms]
2026-09-07 11:49:59.872 [info] > git for-each-ref --sort -committerdate --format %(refname)%00%(objectname)%00%(*objectname) [271ms]
2026-09-07 11:49:59.874 [info] > git status -z -uall [285ms]
2026-09-07 11:50:00.835 [info] > git check-ignore -v -z --stdin [349ms]
2026-09-07 11:50:04.358 [info] > git check-ignore -v -z --stdin [740ms]
2026-09-07 11:50:04.854 [info] > git check-ignore -v -z --stdin [136ms]
2026-09-07 11:50:05.173 [info] > git config --get commit.template [249ms]
2026-09-07 11:50:05.258 [info] > git for-each-ref --format=%(refname)%00%(upstream:short)%00%(objectname)%00%(upstream:track)%00%(upstream:remotename)%00%(upstream:remoteref) --ignore-case refs/heads/main refs/remotes/main [323ms]
2026-09-07 11:50:05.559 [info] > git status -z -uall [288ms]
2026-09-07 11:50:05.569 [info] > git for-each-ref --sort -committerdate --format %(refname)%00%(objectname)%00%(*objectname) [287ms]
2026-09-07 11:50:06.338 [info] > git check-ignore -v -z --stdin [427ms]
2026-09-07 11:50:08.805 [info] > git check-ignore -v -z --stdin [159ms]
2026-09-07 11:50:09.172 [info] > git check-ignore -v -z --stdin [195ms]
2026-09-07 11:50:09.620 [info] > git check-ignore -v -z --stdin [263ms]
2026-09-07 11:50:10.124 [info] > git check-ignore -v -z --stdin [178ms]
2026-09-07 11:50:10.897 [info] > git for-each-ref --format=%(refname)%00%(upstream:short)%00%(objectname)%00%(upstream:track)%00%(upstream:remotename)%00%(upstream:remoteref) --ignore-case refs/heads/main refs/remotes/main [261ms]
2026-09-07 11:50:10.945 [info] > git config --get commit.template [325ms]
2026-09-07 11:50:11.925 [info] > git status -z -uall [971ms]
2026-09-07 11:50:12.085 [info] > git for-each-ref --sort -committerdate --format %(refname)%00%(objectname)%00%(*objectname) [1122ms]
2026-09-07 11:50:12.293 [info] > git check-ignore -v -z --stdin [663ms]
2026-09-07 11:50:12.807 [info] > git check-ignore -v -z --stdin [270ms]
2026-09-07 11:50:18.185 [info] > git for-each-ref --format=%(refname)%00%(upstream:short)%00%(objectname)%00%(upstream:track)%00%(upstream:remotename)%00%(upstream:remoteref) --ignore-case refs/heads/main refs/remotes/main [1022ms]
2026-09-07 11:50:18.335 [info] > git config --get commit.template [1185ms]
2026-09-07 11:50:18.677 [info] > git status -z -uall [332ms]
2026-09-07 11:50:18.710 [info] > git for-each-ref --sort -committerdate --format %(refname)%00%(objectname)%00%(*objectname) [353ms]
2026-09-07 11:50:18.749 [info] > git check-ignore -v -z --stdin [583ms]
2026-09-07 11:50:19.161 [info] > git check-ignore -v -z --stdin [161ms]
2026-09-07 11:50:19.796 [info] > git check-ignore -v -z --stdin [224ms]
2026-09-07 11:50:20.314 [info] > git check-ignore -v -z --stdin [355ms]
2026-09-07 11:50:20.859 [info] > git check-ignore -v -z --stdin [268ms]
2026-09-07 11:50:21.673 [info] > git check-ignore -v -z --stdin [167ms]
2026-09-07 11:50:25.090 [info] > git config --get commit.template [1333ms]
2026-09-07 11:50:25.132 [info] > git for-each-ref --format=%(refname)%00%(upstream:short)%00%(objectname)%00%(upstream:track)%00%(upstream:remotename)%00%(upstream:remoteref) --ignore-case refs/heads/main refs/remotes/main [1247ms]
2026-09-07 11:50:25.621 [info] > git status -z -uall [477ms]
2026-09-07 11:50:25.634 [info] > git for-each-ref --sort -committerdate --format %(refname)%00%(objectname)%00%(*objectname) [478ms]
2026-09-07 11:50:26.500 [info] > git check-ignore -v -z --stdin [454ms]
2026-09-07 11:50:31.133 [info] > git config --get commit.template [419ms]
2026-09-07 11:50:31.181 [info] > git check-ignore -v -z --stdin [1232ms]
2026-09-07 11:50:31.240 [info] > git for-each-ref --format=%(refname)%00%(upstream:short)%00%(objectname)%00%(upstream:track)%00%(upstream:remotename)%00%(upstream:remoteref) --ignore-case refs/heads/main refs/remotes/main [483ms]
2026-09-07 11:50:31.703 [info] > git for-each-ref --sort -committerdate --format %(refname)%00%(objectname)%00%(*objectname) [383ms]
2026-09-07 11:50:31.706 [info] > git status -z -uall [441ms]
2026-09-07 11:50:31.822 [info] > git check-ignore -v -z --stdin [412ms]
2026-09-07 11:50:32.181 [info] > git check-ignore -v -z --stdin [140ms]
2026-09-07 11:50:32.639 [info] > git check-ignore -v -z --stdin [166ms]
2026-09-07 11:50:33.882 [info] > git check-ignore -v -z --stdin [406ms]
2026-09-07 11:50:34.958 [info] > git check-ignore -v -z --stdin [440ms]
2026-09-07 11:50:38.894 [info] > git for-each-ref --format=%(refname)%00%(upstream:short)%00%(objectname)%00%(upstream:track)%00%(upstream:remotename)%00%(upstream:remoteref) --ignore-case refs/heads/main refs/remotes/main [925ms]
2026-09-07 11:50:39.065 [info] > git config --get commit.template [1179ms]
2026-09-07 11:50:39.504 [info] > git for-each-ref --sort -committerdate --format %(refname)%00%(objectname)%00%(*objectname) [423ms]
2026-09-07 11:50:39.518 [info] > git status -z -uall [445ms]
2026-09-07 11:50:40.001 [info] > git check-ignore -v -z --stdin [134ms]
2026-09-07 11:50:42.557 [info] > git check-ignore -v -z --stdin [370ms]
2026-09-07 11:50:42.824 [info] > git check-ignore -v -z --stdin [131ms]
2026-09-07 11:50:43.843 [info] > git check-ignore -v -z --stdin [123ms]
2026-09-07 11:50:46.450 [info] > git config --get commit.template [699ms]
2026-09-07 11:50:46.460 [info] > git for-each-ref --format=%(refname)%00%(upstream:short)%00%(objectname)%00%(upstream:track)%00%(upstream:remotename)%00%(upstream:remoteref) --ignore-case refs/heads/main refs/remotes/main [700ms]
2026-09-07 11:50:46.860 [info] > git status -z -uall [392ms]
2026-09-07 11:50:47.775 [info] > git for-each-ref --sort -committerdate --format %(refname)%00%(objectname)%00%(*objectname) [1056ms]
2026-09-07 11:50:48.503 [info] > git check-ignore -v -z --stdin [362ms]
2026-09-07 11:50:53.052 [info] > git config --get commit.template [183ms]
2026-09-07 11:50:53.118 [info] > git for-each-ref --format=%(refname)%00%(upstream:short)%00%(objectname)%00%(upstream:track)%00%(upstream:remotename)%00%(upstream:remoteref) --ignore-case refs/heads/main refs/remotes/main [239ms]
2026-09-07 11:50:53.309 [info] > git status -z -uall [183ms]
2026-09-07 11:50:53.341 [info] > git for-each-ref --sort -committerdate --format %(refname)%00%(objectname)%00%(*objectname) [204ms]
2026-09-07 11:50:53.909 [info] > git check-ignore -v -z --stdin [124ms]
2026-09-07 11:50:54.924 [info] > git check-ignore -v -z --stdin [123ms]
2026-09-07 11:50:55.460 [info] > git check-ignore -v -z --stdin [141ms]
2026-09-07 11:50:58.565 [info] > git config --get commit.template [179ms]
2026-09-07 11:50:58.580 [info] > git for-each-ref --format=%(refname)%00%(upstream:short)%00%(objectname)%00%(upstream:track)%00%(upstream:remotename)%00%(upstream:remoteref) --ignore-case refs/heads/main refs/remotes/main [187ms]
2026-09-07 11:50:58.796 [info] > git for-each-ref --sort -committerdate --format %(refname)%00%(objectname)%00%(*objectname) [195ms]
2026-09-07 11:50:58.804 [info] > git status -z -uall [214ms]
2026-09-07 11:50:59.293 [info] > git check-ignore -v -z --stdin [138ms]
2026-09-07 11:51:28.893 [info] > git config --get commit.template [1224ms]
2026-09-07 11:51:28.915 [info] > git for-each-ref --format=%(refname)%00%(upstream:short)%00%(objectname)%00%(upstream:track)%00%(upstream:remotename)%00%(upstream:remoteref) --ignore-case refs/heads/main refs/remotes/main [1114ms]
2026-09-07 11:51:29.193 [info] > git for-each-ref --sort -committerdate --format %(refname)%00%(objectname)%00%(*objectname) [260ms]
2026-09-07 11:51:29.209 [info] > git status -z -uall [285ms]
2026-09-07 11:51:55.942 [info] > git for-each-ref --format=%(refname)%00%(upstream:short)%00%(objectname)%00%(upstream:track)%00%(upstream:remotename)%00%(upstream:remoteref) --ignore-case refs/heads/main refs/remotes/main [2098ms]
2026-09-07 11:51:55.950 [info] > git config --get commit.template [2117ms]
2026-09-07 11:51:56.241 [info] > git for-each-ref --sort -committerdate --format %(refname)%00%(objectname)%00%(*objectname) [270ms]
2026-09-07 11:51:56.252 [info] > git status -z -uall [290ms]
2026-09-07 11:52:01.655 [info] > git config --get commit.template [323ms]
2026-09-07 11:52:01.806 [info] > git for-each-ref --format=%(refname)%00%(upstream:short)%00%(objectname)%00%(upstream:track)%00%(upstream:remotename)%00%(upstream:remoteref) --ignore-case refs/heads/main refs/remotes/main [384ms]
2026-09-07 11:52:02.072 [info] > git status -z -uall [251ms]
2026-09-07 11:52:02.107 [info] > git for-each-ref --sort -committerdate --format %(refname)%00%(objectname)%00%(*objectname) [270ms]
2026-09-07 11:52:07.323 [info] > git config --get commit.template [176ms]
2026-09-07 11:52:07.354 [info] > git for-each-ref --format=%(refname)%00%(upstream:short)%00%(objectname)%00%(upstream:track)%00%(upstream:remotename)%00%(upstream:remoteref) --ignore-case refs/heads/main refs/remotes/main [199ms]
2026-09-07 11:52:07.730 [info] > git for-each-ref --sort -committerdate --format %(refname)%00%(objectname)%00%(*objectname) [358ms]
2026-09-07 11:52:07.732 [info] > git status -z -uall [369ms]
2026-09-07 11:52:19.335 [info] > git config --get commit.template [667ms]
2026-09-07 11:52:19.380 [info] > git for-each-ref --format=%(refname)%00%(upstream:short)%00%(objectname)%00%(upstream:track)%00%(upstream:remotename)%00%(upstream:remoteref) --ignore-case refs/heads/main refs/remotes/main [674ms]
2026-09-07 11:52:19.957 [info] > git status -z -uall [517ms]
2026-09-07 11:52:19.971 [info] > git for-each-ref --sort -committerdate --format %(refname)%00%(objectname)%00%(*objectname) [516ms]
2026-09-07 11:52:38.968 [info] > git for-each-ref --format=%(refname)%00%(upstream:short)%00%(objectname)%00%(upstream:track)%00%(upstream:remotename)%00%(upstream:remoteref) --ignore-case refs/heads/main refs/remotes/main [4088ms]
2026-09-07 11:52:38.969 [info] > git config --get commit.template [4120ms]
2026-09-07 11:52:39.688 [info] > git for-each-ref --sort -committerdate --format %(refname)%00%(objectname)%00%(*objectname) [563ms]
2026-09-07 11:52:39.712 [info] > git status -z -uall [657ms]
2026-09-07 11:52:51.728 [info] > git for-each-ref --format=%(refname)%00%(upstream:short)%00%(objectname)%00%(upstream:track)%00%(upstream:remotename)%00%(upstream:remoteref) --ignore-case refs/heads/main refs/remotes/main [213ms]
2026-09-07 11:52:51.729 [info] > git config --get commit.template [229ms]
2026-09-07 11:52:52.263 [info] > git for-each-ref --sort -committerdate --format %(refname)%00%(objectname)%00%(*objectname) [505ms]
2026-09-07 11:52:52.504 [info] > git status -z -uall [761ms]
2026-09-07 11:53:00.358 [info] > git config --get commit.template [1352ms]
2026-09-07 11:53:01.179 [info] > git for-each-ref --format=%(refname)%00%(upstream:short)%00%(objectname)%00%(upstream:track)%00%(upstream:remotename)%00%(upstream:remoteref) --ignore-case refs/heads/main refs/remotes/main [823ms]
2026-09-07 11:53:02.238 [info] > git status -z -uall [213ms]
2026-09-07 11:53:02.368 [info] > git for-each-ref --sort -committerdate --format %(refname)%00%(objectname)%00%(*objectname) [334ms]
2026-09-07 11:53:08.045 [info] > git config --get commit.template [239ms]
2026-09-07 11:53:08.055 [info] > git for-each-ref --format=%(refname)%00%(upstream:short)%00%(objectname)%00%(upstream:track)%00%(upstream:remotename)%00%(upstream:remoteref) --ignore-case refs/heads/main refs/remotes/main [231ms]
2026-09-07 11:53:08.268 [info] > git status -z -uall [205ms]
2026-09-07 11:53:08.274 [info] > git for-each-ref --sort -committerdate --format %(refname)%00%(objectname)%00%(*objectname) [202ms]
2026-09-07 11:53:13.894 [info] > git config --get commit.template [581ms]
2026-09-07 11:53:14.107 [info] > git for-each-ref --format=%(refname)%00%(upstream:short)%00%(objectname)%00%(upstream:track)%00%(upstream:remotename)%00%(upstream:remoteref) --ignore-case refs/heads/main refs/remotes/main [625ms]
2026-09-07 11:53:19.767 [info] > git for-each-ref --sort -committerdate --format %(refname)%00%(objectname)%00%(*objectname) [5609ms]
2026-09-07 11:53:19.954 [info] > git status -z -uall [5833ms]
2026-09-07 11:53:37.004 [info] > git config --get commit.template [1044ms]
2026-09-07 11:53:37.042 [info] > git for-each-ref --format=%(refname)%00%(upstream:short)%00%(objectname)%00%(upstream:track)%00%(upstream:remotename)%00%(upstream:remoteref) --ignore-case refs/heads/main refs/remotes/main [872ms]
2026-09-07 11:53:37.324 [info] > git for-each-ref --sort -committerdate --format %(refname)%00%(objectname)%00%(*objectname) [249ms]
2026-09-07 11:53:37.330 [info] > git status -z -uall [272ms]
2026-09-07 11:53:38.646 [info] > git check-ignore -v -z --stdin [222ms]
2026-09-07 11:53:39.126 [info] > git ls-files --stage -- src/app/pages/dashboard/dashboard.css [390ms]
2026-09-07 11:53:39.185 [info] > git ls-tree -l HEAD -- src/app/pages/dashboard/dashboard.css [437ms]
2026-09-07 11:53:39.213 [info] > git show --textconv :src/app/pages/dashboard/dashboard.css [522ms]
2026-09-07 11:53:39.234 [info] > git show --textconv HEAD:src/app/pages/dashboard/dashboard.css [508ms]
2026-09-07 11:53:39.351 [info] > git cat-file -s a144600715a28dcd011be49d73c26b028502613b [215ms]
2026-09-07 11:53:46.320 [info] > git check-ignore -v -z --stdin [138ms]
2026-09-07 11:53:48.241 [info] > git config --get commit.template [165ms]
2026-09-07 11:53:48.262 [info] > git for-each-ref --format=%(refname)%00%(upstream:short)%00%(objectname)%00%(upstream:track)%00%(upstream:remotename)%00%(upstream:remoteref) --ignore-case refs/heads/main refs/remotes/main [179ms]
2026-09-07 11:53:49.022 [info] > git for-each-ref --sort -committerdate --format %(refname)%00%(objectname)%00%(*objectname) [743ms]
2026-09-07 11:53:49.029 [info] > git status -z -uall [759ms]
2026-09-07 11:53:49.811 [info] > git check-ignore -v -z --stdin [1053ms]
2026-09-07 11:53:50.309 [info] > git check-ignore -v -z --stdin [239ms]
2026-09-07 11:53:50.592 [info] > git check-ignore -v -z --stdin [122ms]
2026-09-07 11:53:51.483 [info] > git check-ignore -v -z --stdin [190ms]
2026-09-07 11:53:53.509 [info] > git check-ignore -v -z --stdin [157ms]
2026-09-07 11:53:56.303 [info] > git for-each-ref --format=%(refname)%00%(upstream:short)%00%(objectname)%00%(upstream:track)%00%(upstream:remotename)%00%(upstream:remoteref) --ignore-case refs/heads/main refs/remotes/main [2211ms]
2026-09-07 11:53:56.304 [info] > git config --get commit.template [2229ms]
2026-09-07 11:53:56.698 [info] > git check-ignore -v -z --stdin [398ms]
2026-09-07 11:53:56.743 [info] > git for-each-ref --sort -committerdate --format %(refname)%00%(objectname)%00%(*objectname) [350ms]
2026-09-07 11:53:56.924 [info] > git status -z -uall [597ms]
2026-09-07 11:53:57.934 [info] > git check-ignore -v -z --stdin [1013ms]
2026-09-07 11:53:58.626 [info] > git check-ignore -v -z --stdin [516ms]
2026-09-07 11:53:59.284 [info] > git check-ignore -v -z --stdin [490ms]
2026-09-07 11:54:00.544 [info] > git check-ignore -v -z --stdin [183ms]
2026-09-07 11:54:03.581 [info] > git check-ignore -v -z --stdin [788ms]
2026-09-07 11:54:03.586 [info] > git for-each-ref --format=%(refname)%00%(upstream:short)%00%(objectname)%00%(upstream:track)%00%(upstream:remotename)%00%(upstream:remoteref) --ignore-case refs/heads/main refs/remotes/main [771ms]
2026-09-07 11:54:03.587 [info] > git config --get commit.template [835ms]
2026-09-07 11:54:04.259 [info] > git status -z -uall [648ms]
2026-09-07 11:54:04.490 [info] > git check-ignore -v -z --stdin [597ms]
2026-09-07 11:54:04.647 [info] > git for-each-ref --sort -committerdate --format %(refname)%00%(objectname)%00%(*objectname) [786ms]
2026-09-07 11:54:05.409 [info] > git check-ignore -v -z --stdin [404ms]
2026-09-07 11:54:05.995 [info] > git check-ignore -v -z --stdin [383ms]
2026-09-07 11:54:16.605 [info] > git config --get commit.template [433ms]
2026-09-07 11:54:16.639 [info] > git for-each-ref --format=%(refname)%00%(upstream:short)%00%(objectname)%00%(upstream:track)%00%(upstream:remotename)%00%(upstream:remoteref) --ignore-case refs/heads/main refs/remotes/main [393ms]
2026-09-07 11:54:16.938 [info] > git for-each-ref --sort -committerdate --format %(refname)%00%(objectname)%00%(*objectname) [268ms]
2026-09-07 11:54:16.958 [info] > git status -z -uall [302ms]
2026-09-07 11:54:17.459 [info] > git check-ignore -v -z --stdin [147ms]
2026-09-07 11:54:19.119 [info] > git check-ignore -v -z --stdin [456ms]
2026-09-07 11:54:19.611 [info] > git check-ignore -v -z --stdin [333ms]
2026-09-07 11:54:19.852 [info] > git check-ignore -v -z --stdin [145ms]
2026-09-07 11:54:25.536 [info] > git check-ignore -v -z --stdin [4604ms]
2026-09-07 11:54:26.537 [info] > git config --get commit.template [4428ms]
2026-09-07 11:54:26.537 [info] > git for-each-ref --format=%(refname)%00%(upstream:short)%00%(objectname)%00%(upstream:track)%00%(upstream:remotename)%00%(upstream:remoteref) --ignore-case refs/heads/main refs/remotes/main [4305ms]
2026-09-07 11:54:28.539 [info] > git status -z -uall [491ms]
2026-09-07 11:54:28.552 [info] > git for-each-ref --sort -committerdate --format %(refname)%00%(objectname)%00%(*objectname) [455ms]
2026-09-07 11:54:28.608 [info] > git check-ignore -v -z --stdin [594ms]
2026-09-07 11:54:29.617 [info] > git check-ignore -v -z --stdin [157ms]
2026-09-07 11:54:38.122 [info] > git config --get commit.template [348ms]
2026-09-07 11:54:38.122 [info] > git for-each-ref --format=%(refname)%00%(upstream:short)%00%(objectname)%00%(upstream:track)%00%(upstream:remotename)%00%(upstream:remoteref) --ignore-case refs/heads/main refs/remotes/main [301ms]
2026-09-07 11:54:38.454 [info] > git for-each-ref --sort -committerdate --format %(refname)%00%(objectname)%00%(*objectname) [314ms]
2026-09-07 11:54:38.469 [info] > git status -z -uall [337ms]
2026-09-07 11:54:38.986 [info] > git check-ignore -v -z --stdin [157ms]
2026-09-07 11:54:48.575 [info] > git check-ignore -v -z --stdin [149ms]
2026-09-07 11:54:50.579 [info] > git config --get commit.template [216ms]
2026-09-07 11:54:50.589 [info] > git for-each-ref --format=%(refname)%00%(upstream:short)%00%(objectname)%00%(upstream:track)%00%(upstream:remotename)%00%(upstream:remoteref) --ignore-case refs/heads/main refs/remotes/main [215ms]
2026-09-07 11:54:50.796 [info] > git for-each-ref --sort -committerdate --format %(refname)%00%(objectname)%00%(*objectname) [190ms]
2026-09-07 11:54:50.844 [info] > git status -z -uall [246ms]
2026-09-07 11:54:51.319 [info] > git check-ignore -v -z --stdin [129ms]
2026-09-07 11:54:58.029 [info] > git config --get commit.template [989ms]
2026-09-07 11:54:58.269 [info] > git for-each-ref --format=%(refname)%00%(upstream:short)%00%(objectname)%00%(upstream:track)%00%(upstream:remotename)%00%(upstream:remoteref) --ignore-case refs/heads/main refs/remotes/main [1209ms]
2026-09-07 11:54:58.830 [info] > git check-ignore -v -z --stdin [645ms]
2026-09-07 11:54:59.447 [info] > git status -z -uall [927ms]
2026-09-07 11:54:59.525 [info] > git for-each-ref --sort -committerdate --format %(refname)%00%(objectname)%00%(*objectname) [984ms]
2026-09-07 11:54:59.820 [info] > git check-ignore -v -z --stdin [785ms]
2026-09-07 11:55:02.569 [info] > git check-ignore -v -z --stdin [375ms]
2026-09-07 11:55:02.868 [info] > git check-ignore -v -z --stdin [151ms]
2026-09-07 11:55:28.764 [info] > git config --get commit.template [207ms]
2026-09-07 11:55:28.799 [info] > git for-each-ref --format=%(refname)%00%(upstream:short)%00%(objectname)%00%(upstream:track)%00%(upstream:remotename)%00%(upstream:remoteref) --ignore-case refs/heads/main refs/remotes/main [233ms]
2026-09-07 11:55:29.140 [info] > git for-each-ref --sort -committerdate --format %(refname)%00%(objectname)%00%(*objectname) [317ms]
2026-09-07 11:55:29.152 [info] > git status -z -uall [344ms]
2026-09-07 11:55:29.717 [info] > git check-ignore -v -z --stdin [206ms]
2026-09-07 11:55:34.457 [info] > git config --get commit.template [253ms]
2026-09-07 11:55:34.463 [info] > git for-each-ref --format=%(refname)%00%(upstream:short)%00%(objectname)%00%(upstream:track)%00%(upstream:remotename)%00%(upstream:remoteref) --ignore-case refs/heads/main refs/remotes/main [246ms]
2026-09-07 11:55:34.717 [info] > git status -z -uall [245ms]
2026-09-07 11:55:34.752 [info] > git for-each-ref --sort -committerdate --format %(refname)%00%(objectname)%00%(*objectname) [209ms]
2026-09-07 11:55:35.237 [info] > git check-ignore -v -z --stdin [156ms]
2026-09-07 11:55:37.001 [info] > git check-ignore -v -z --stdin [113ms]
2026-09-07 11:55:40.212 [info] > git check-ignore -v -z --stdin [396ms]
2026-09-07 11:55:41.375 [info] > git for-each-ref --format=%(refname)%00%(upstream:short)%00%(objectname)%00%(upstream:track)%00%(upstream:remotename)%00%(upstream:remoteref) --ignore-case refs/heads/main refs/remotes/main [976ms]
2026-09-07 11:55:41.406 [info] > git check-ignore -v -z --stdin [1068ms]
2026-09-07 11:55:41.486 [info] > git config --get commit.template [1094ms]
2026-09-07 11:55:42.135 [info] > git status -z -uall [640ms]
2026-09-07 11:55:42.148 [info] > git for-each-ref --sort -committerdate --format %(refname)%00%(objectname)%00%(*objectname) [638ms]
2026-09-07 11:55:42.928 [info] > git check-ignore -v -z --stdin [167ms]
2026-09-07 11:55:44.423 [info] > git check-ignore -v -z --stdin [387ms]
2026-09-07 11:55:44.944 [info] > git check-ignore -v -z --stdin [321ms]
2026-09-07 11:55:45.220 [info] > git check-ignore -v -z --stdin [149ms]
2026-09-07 11:55:47.353 [info] > git config --get commit.template [169ms]
2026-09-07 11:55:47.356 [info] > git for-each-ref --format=%(refname)%00%(upstream:short)%00%(objectname)%00%(upstream:track)%00%(upstream:remotename)%00%(upstream:remoteref) --ignore-case refs/heads/main refs/remotes/main [164ms]
2026-09-07 11:55:47.568 [info] > git status -z -uall [203ms]
2026-09-07 11:55:47.573 [info] > git for-each-ref --sort -committerdate --format %(refname)%00%(objectname)%00%(*objectname) [199ms]
2026-09-07 11:55:48.297 [info] > git check-ignore -v -z --stdin [215ms]
2026-09-07 11:56:07.083 [info] > git check-ignore -v -z --stdin [642ms]
2026-09-07 11:56:07.381 [info] > git check-ignore -v -z --stdin [147ms]
2026-09-07 11:56:07.866 [info] > git check-ignore -v -z --stdin [131ms]
2026-09-07 11:56:10.315 [info] > git config --get commit.template [535ms]
2026-09-07 11:56:10.329 [info] > git for-each-ref --format=%(refname)%00%(upstream:short)%00%(objectname)%00%(upstream:track)%00%(upstream:remotename)%00%(upstream:remoteref) --ignore-case refs/heads/main refs/remotes/main [540ms]
2026-09-07 11:56:10.586 [info] > git status -z -uall [242ms]
2026-09-07 11:56:10.591 [info] > git for-each-ref --sort -committerdate --format %(refname)%00%(objectname)%00%(*objectname) [235ms]
2026-09-07 11:56:11.086 [info] > git check-ignore -v -z --stdin [114ms]
2026-09-07 11:56:19.481 [info] > git check-ignore -v -z --stdin [137ms]
2026-09-07 11:56:20.879 [info] > git check-ignore -v -z --stdin [225ms]
2026-09-07 11:56:21.602 [info] > git for-each-ref --format=%(refname)%00%(upstream:short)%00%(objectname)%00%(upstream:track)%00%(upstream:remotename)%00%(upstream:remoteref) --ignore-case refs/heads/main refs/remotes/main [335ms]
2026-09-07 11:56:21.611 [info] > git config --get commit.template [351ms]
2026-09-07 11:56:22.019 [info] > git for-each-ref --sort -committerdate --format %(refname)%00%(objectname)%00%(*objectname) [389ms]
2026-09-07 11:56:22.043 [info] > git status -z -uall [423ms]
2026-09-07 11:56:23.389 [info] > git check-ignore -v -z --stdin [895ms]
2026-09-07 11:56:25.485 [info] > git check-ignore -v -z --stdin [1163ms]
2026-09-07 11:56:25.885 [info] > git check-ignore -v -z --stdin [145ms]
2026-09-07 11:56:26.235 [info] > git check-ignore -v -z --stdin [170ms]
2026-09-07 11:56:26.498 [info] > git check-ignore -v -z --stdin [131ms]
2026-09-07 11:56:27.333 [info] > git config --get commit.template [261ms]
2026-09-07 11:56:27.366 [info] > git for-each-ref --format=%(refname)%00%(upstream:short)%00%(objectname)%00%(upstream:track)%00%(upstream:remotename)%00%(upstream:remoteref) --ignore-case refs/heads/main refs/remotes/main [282ms]
2026-09-07 11:56:27.487 [info] > git check-ignore -v -z --stdin [361ms]
2026-09-07 11:56:27.690 [info] > git status -z -uall [285ms]
2026-09-07 11:56:27.712 [info] > git for-each-ref --sort -committerdate --format %(refname)%00%(objectname)%00%(*objectname) [296ms]
2026-09-07 11:56:28.260 [info] > git check-ignore -v -z --stdin [193ms]
2026-09-07 11:56:29.762 [info] > git check-ignore -v -z --stdin [186ms]
2026-09-07 11:56:31.819 [info] > git check-ignore -v -z --stdin [130ms]
2026-09-07 11:56:32.855 [info] > git check-ignore -v -z --stdin [299ms]
2026-09-07 11:56:33.084 [info] > git config --get commit.template [336ms]
2026-09-07 11:56:33.678 [info] > git for-each-ref --format=%(refname)%00%(upstream:short)%00%(objectname)%00%(upstream:track)%00%(upstream:remotename)%00%(upstream:remoteref) --ignore-case refs/heads/main refs/remotes/main [868ms]
2026-09-07 11:56:34.493 [info] > git check-ignore -v -z --stdin [1428ms]
2026-09-07 11:56:35.332 [info] > git status -z -uall [1642ms]
2026-09-07 11:56:35.411 [info] > git for-each-ref --sort -committerdate --format %(refname)%00%(objectname)%00%(*objectname) [1674ms]
2026-09-07 11:56:35.728 [info] > git check-ignore -v -z --stdin [562ms]
2026-09-07 11:56:36.336 [info] > git check-ignore -v -z --stdin [382ms]
2026-09-07 11:56:36.934 [info] > git check-ignore -v -z --stdin [367ms]
2026-09-07 11:56:39.558 [info] > git check-ignore -v -z --stdin [705ms]
2026-09-07 11:56:40.145 [info] > git check-ignore -v -z --stdin [379ms]
2026-09-07 11:56:40.792 [info] > git config --get commit.template [331ms]
2026-09-07 11:56:40.798 [info] > git for-each-ref --format=%(refname)%00%(upstream:short)%00%(objectname)%00%(upstream:track)%00%(upstream:remotename)%00%(upstream:remoteref) --ignore-case refs/heads/main refs/remotes/main [328ms]
2026-09-07 11:56:41.068 [info] > git status -z -uall [259ms]
2026-09-07 11:56:41.098 [info] > git for-each-ref --sort -committerdate --format %(refname)%00%(objectname)%00%(*objectname) [260ms]
2026-09-07 11:56:41.765 [info] > git check-ignore -v -z --stdin [304ms]
2026-09-07 11:56:42.086 [info] > git check-ignore -v -z --stdin [157ms]
2026-09-07 11:56:43.719 [info] > git check-ignore -v -z --stdin [392ms]
2026-09-07 11:56:55.470 [info] > git config --get commit.template [1375ms]
2026-09-07 11:56:55.520 [info] > git for-each-ref --format=%(refname)%00%(upstream:short)%00%(objectname)%00%(upstream:track)%00%(upstream:remotename)%00%(upstream:remoteref) --ignore-case refs/heads/main refs/remotes/main [1249ms]
2026-09-07 11:56:55.799 [info] > git for-each-ref --sort -committerdate --format %(refname)%00%(objectname)%00%(*objectname) [254ms]
2026-09-07 11:56:55.832 [info] > git status -z -uall [299ms]
2026-09-07 11:56:56.445 [info] > git check-ignore -v -z --stdin [268ms]
2026-09-07 11:56:56.887 [info] > git check-ignore -v -z --stdin [265ms]
2026-09-07 11:56:57.884 [info] > git check-ignore -v -z --stdin [813ms]
2026-09-07 11:56:58.373 [info] > git check-ignore -v -z --stdin [233ms]
2026-09-07 11:56:59.627 [info] > git check-ignore -v -z --stdin [439ms]
2026-09-07 11:57:01.623 [info] > git config --get commit.template [747ms]
2026-09-07 11:57:01.743 [info] > git for-each-ref --format=%(refname)%00%(upstream:short)%00%(objectname)%00%(upstream:track)%00%(upstream:remotename)%00%(upstream:remoteref) --ignore-case refs/heads/main refs/remotes/main [857ms]
2026-09-07 11:57:03.375 [info] > git check-ignore -v -z --stdin [1656ms]
2026-09-07 11:57:03.446 [info] > git status -z -uall [1688ms]
2026-09-07 11:57:03.597 [info] > git for-each-ref --sort -committerdate --format %(refname)%00%(objectname)%00%(*objectname) [1827ms]
2026-09-07 11:57:05.963 [info] > git check-ignore -v -z --stdin [1026ms]
2026-09-07 11:57:08.995 [info] > git check-ignore -v -z --stdin [380ms]
2026-09-07 11:57:09.037 [info] > git config --get commit.template [393ms]
2026-09-07 11:57:09.115 [info] > git for-each-ref --format=%(refname)%00%(upstream:short)%00%(objectname)%00%(upstream:track)%00%(upstream:remotename)%00%(upstream:remoteref) --ignore-case refs/heads/main refs/remotes/main [456ms]
2026-09-07 11:57:09.504 [info] > git status -z -uall [376ms]
2026-09-07 11:57:09.509 [info] > git for-each-ref --sort -committerdate --format %(refname)%00%(objectname)%00%(*objectname) [355ms]
2026-09-07 11:57:10.141 [info] > git check-ignore -v -z --stdin [302ms]
2026-09-07 11:57:11.663 [info] > git check-ignore -v -z --stdin [320ms]
2026-09-07 11:57:12.056 [info] > git check-ignore -v -z --stdin [211ms]
2026-09-07 11:57:13.079 [info] > git check-ignore -v -z --stdin [401ms]
2026-09-07 11:57:14.891 [info] > git config --get commit.template [312ms]
2026-09-07 11:57:14.924 [info] > git for-each-ref --format=%(refname)%00%(upstream:short)%00%(objectname)%00%(upstream:track)%00%(upstream:remotename)%00%(upstream:remoteref) --ignore-case refs/heads/main refs/remotes/main [307ms]
2026-09-07 11:57:15.325 [info] > git status -z -uall [392ms]
2026-09-07 11:57:15.345 [info] > git for-each-ref --sort -committerdate --format %(refname)%00%(objectname)%00%(*objectname) [397ms]
2026-09-07 11:57:15.926 [info] > git check-ignore -v -z --stdin [219ms]
2026-09-07 11:57:20.573 [info] > git config --get commit.template [172ms]
2026-09-07 11:57:20.583 [info] > git for-each-ref --format=%(refname)%00%(upstream:short)%00%(objectname)%00%(upstream:track)%00%(upstream:remotename)%00%(upstream:remoteref) --ignore-case refs/heads/main refs/remotes/main [174ms]
2026-09-07 11:57:20.774 [info] > git status -z -uall [183ms]
2026-09-07 11:57:20.784 [info] > git for-each-ref --sort -committerdate --format %(refname)%00%(objectname)%00%(*objectname) [182ms]
2026-09-07 11:57:21.270 [info] > git check-ignore -v -z --stdin [112ms]
2026-09-07 11:57:24.802 [info] > git check-ignore -v -z --stdin [118ms]
2026-09-07 11:57:27.080 [info] > git config --get commit.template [446ms]
2026-09-07 11:57:27.191 [info] > git for-each-ref --format=%(refname)%00%(upstream:short)%00%(objectname)%00%(upstream:track)%00%(upstream:remotename)%00%(upstream:remoteref) --ignore-case refs/heads/main refs/remotes/main [532ms]
2026-09-07 11:57:27.330 [info] > git check-ignore -v -z --stdin [277ms]
2026-09-07 11:57:27.743 [info] > git status -z -uall [531ms]
2026-09-07 11:57:27.815 [info] > git for-each-ref --sort -committerdate --format %(refname)%00%(objectname)%00%(*objectname) [546ms]
2026-09-07 11:57:29.463 [info] > git check-ignore -v -z --stdin [1186ms]
2026-09-07 11:57:37.609 [info] > git config --get commit.template [298ms]
2026-09-07 11:57:37.668 [info] > git for-each-ref --format=%(refname)%00%(upstream:short)%00%(objectname)%00%(upstream:track)%00%(upstream:remotename)%00%(upstream:remoteref) --ignore-case refs/heads/main refs/remotes/main [338ms]
2026-09-07 11:57:37.884 [info] > git for-each-ref --sort -committerdate --format %(refname)%00%(objectname)%00%(*objectname) [176ms]
2026-09-07 11:57:37.896 [info] > git status -z -uall [204ms]
2026-09-07 11:57:38.469 [info] > git check-ignore -v -z --stdin [210ms]
2026-09-07 11:57:39.398 [info] > git check-ignore -v -z --stdin [132ms]
2026-09-07 11:57:40.321 [info] > git check-ignore -v -z --stdin [486ms]
2026-09-07 11:57:42.047 [info] > git check-ignore -v -z --stdin [135ms]
2026-09-07 11:57:43.344 [info] > git config --get commit.template [409ms]
2026-09-07 11:57:43.684 [info] > git for-each-ref --format=%(refname)%00%(upstream:short)%00%(objectname)%00%(upstream:track)%00%(upstream:remotename)%00%(upstream:remoteref) --ignore-case refs/heads/main refs/remotes/main [738ms]
2026-09-07 11:57:44.044 [info] > git for-each-ref --sort -committerdate --format %(refname)%00%(objectname)%00%(*objectname) [298ms]
2026-09-07 11:57:44.068 [info] > git status -z -uall [335ms]
2026-09-07 11:57:44.570 [info] > git check-ignore -v -z --stdin [129ms]
2026-09-07 11:58:17.281 [info] > git config --get commit.template [752ms]
2026-09-07 11:58:17.287 [info] > git for-each-ref --format=%(refname)%00%(upstream:short)%00%(objectname)%00%(upstream:track)%00%(upstream:remotename)%00%(upstream:remoteref) --ignore-case refs/heads/main refs/remotes/main [713ms]
2026-09-07 11:58:17.481 [info] > git status -z -uall [184ms]
2026-09-07 11:58:17.493 [info] > git for-each-ref --sort -committerdate --format %(refname)%00%(objectname)%00%(*objectname) [183ms]
2026-09-07 11:58:17.977 [info] > git check-ignore -v -z --stdin [123ms]
2026-09-07 11:58:22.683 [info] > git config --get commit.template [159ms]
2026-09-07 11:58:22.709 [info] > git for-each-ref --format=%(refname)%00%(upstream:short)%00%(objectname)%00%(upstream:track)%00%(upstream:remotename)%00%(upstream:remoteref) --ignore-case refs/heads/main refs/remotes/main [177ms]
2026-09-07 11:58:22.972 [info] > git for-each-ref --sort -committerdate --format %(refname)%00%(objectname)%00%(*objectname) [240ms]
2026-09-07 11:58:22.979 [info] > git status -z -uall [260ms]
2026-09-07 11:58:23.464 [info] > git check-ignore -v -z --stdin [146ms]
2026-09-07 11:58:29.851 [info] > git check-ignore -v -z --stdin [136ms]
2026-09-07 11:58:32.151 [info] > git check-ignore -v -z --stdin [179ms]
2026-09-07 11:58:32.614 [info] > git config --get commit.template [401ms]
2026-09-07 11:58:32.623 [info] > git for-each-ref --format=%(refname)%00%(upstream:short)%00%(objectname)%00%(upstream:track)%00%(upstream:remotename)%00%(upstream:remoteref) --ignore-case refs/heads/main refs/remotes/main [374ms]
2026-09-07 11:58:32.857 [info] > git status -z -uall [227ms]
2026-09-07 11:58:32.936 [info] > git for-each-ref --sort -committerdate --format %(refname)%00%(objectname)%00%(*objectname) [293ms]
2026-09-07 11:58:33.585 [info] > git check-ignore -v -z --stdin [121ms]
2026-09-07 11:58:35.923 [info] > git check-ignore -v -z --stdin [194ms]
2026-09-07 11:58:36.351 [info] > git check-ignore -v -z --stdin [321ms]
2026-09-07 11:58:37.397 [info] > git check-ignore -v -z --stdin [290ms]
2026-09-07 11:58:38.491 [info] > git check-ignore -v -z --stdin [401ms]
2026-09-07 11:58:38.692 [info] > git for-each-ref --format=%(refname)%00%(upstream:short)%00%(objectname)%00%(upstream:track)%00%(upstream:remotename)%00%(upstream:remoteref) --ignore-case refs/heads/main refs/remotes/main [549ms]
2026-09-07 11:58:38.692 [info] > git config --get commit.template [611ms]
2026-09-07 11:58:39.007 [info] > git for-each-ref --sort -committerdate --format %(refname)%00%(objectname)%00%(*objectname) [283ms]
2026-09-07 11:58:39.030 [info] > git status -z -uall [329ms]
2026-09-07 11:58:39.860 [info] > git check-ignore -v -z --stdin [378ms]
2026-09-07 11:58:40.423 [info] > git check-ignore -v -z --stdin [434ms]
2026-09-07 11:58:40.923 [info] > git check-ignore -v -z --stdin [170ms]
2026-09-07 11:58:41.736 [info] > git check-ignore -v -z --stdin [122ms]
2026-09-07 11:58:42.570 [info] > git check-ignore -v -z --stdin [277ms]
2026-09-07 11:58:42.803 [info] > git check-ignore -v -z --stdin [131ms]
2026-09-07 11:58:44.230 [info] > git config --get commit.template [167ms]
2026-09-07 11:58:44.377 [info] > git for-each-ref --format=%(refname)%00%(upstream:short)%00%(objectname)%00%(upstream:track)%00%(upstream:remotename)%00%(upstream:remoteref) --ignore-case refs/heads/main refs/remotes/main [219ms]
2026-09-07 11:58:44.660 [info] > git for-each-ref --sort -committerdate --format %(refname)%00%(objectname)%00%(*objectname) [254ms]
2026-09-07 11:58:44.665 [info] > git status -z -uall [270ms]
2026-09-07 11:58:45.332 [info] > git check-ignore -v -z --stdin [325ms]
2026-09-07 11:58:49.911 [info] > git config --get commit.template [211ms]
2026-09-07 11:58:49.915 [info] > git for-each-ref --format=%(refname)%00%(upstream:short)%00%(objectname)%00%(upstream:track)%00%(upstream:remotename)%00%(upstream:remoteref) --ignore-case refs/heads/main refs/remotes/main [203ms]
2026-09-07 11:58:50.194 [info] > git for-each-ref --sort -committerdate --format %(refname)%00%(objectname)%00%(*objectname) [255ms]
2026-09-07 11:58:50.201 [info] > git status -z -uall [276ms]
2026-09-07 11:58:50.725 [info] > git check-ignore -v -z --stdin [179ms]
2026-09-07 11:59:06.843 [info] > git config --get commit.template [244ms]
2026-09-07 11:59:06.860 [info] > git for-each-ref --format=%(refname)%00%(upstream:short)%00%(objectname)%00%(upstream:track)%00%(upstream:remotename)%00%(upstream:remoteref) --ignore-case refs/heads/main refs/remotes/main [247ms]
2026-09-07 11:59:07.190 [info] > git status -z -uall [322ms]
2026-09-07 11:59:07.196 [info] > git for-each-ref --sort -committerdate --format %(refname)%00%(objectname)%00%(*objectname) [318ms]
2026-09-07 11:59:36.638 [info] > git for-each-ref --format=%(refname)%00%(upstream:short)%00%(objectname)%00%(upstream:track)%00%(upstream:remotename)%00%(upstream:remoteref) --ignore-case refs/heads/main refs/remotes/main [1304ms]
2026-09-07 11:59:37.593 [info] > git config --get commit.template [2312ms]
2026-09-07 11:59:38.968 [info] > git for-each-ref --sort -committerdate --format %(refname)%00%(objectname)%00%(*objectname) [243ms]
2026-09-07 11:59:38.972 [info] > git status -z -uall [328ms]
2026-09-07 11:59:42.481 [info] > git check-ignore -v -z --stdin [200ms]
2026-09-07 11:59:45.295 [info] > git ls-tree -l HEAD -- src/app/pages/dashboard/dashboard.css [2609ms]
2026-09-07 11:59:45.339 [info] > git ls-files --stage -- src/app/pages/dashboard/dashboard.css [2665ms]
2026-09-07 11:59:45.449 [info] > git show --textconv :src/app/pages/dashboard/dashboard.css [2842ms]
2026-09-07 11:59:45.470 [info] > git config --get commit.template [1055ms]
2026-09-07 11:59:45.485 [info] > git show --textconv HEAD:src/app/pages/dashboard/dashboard.css [2857ms]
2026-09-07 11:59:45.501 [info] > git for-each-ref --format=%(refname)%00%(upstream:short)%00%(objectname)%00%(upstream:track)%00%(upstream:remotename)%00%(upstream:remoteref) --ignore-case refs/heads/main refs/remotes/main [934ms]
2026-09-07 11:59:45.660 [info] > git cat-file -s a144600715a28dcd011be49d73c26b028502613b [313ms]
2026-09-07 11:59:45.840 [info] > git for-each-ref --sort -committerdate --format %(refname)%00%(objectname)%00%(*objectname) [322ms]
2026-09-07 11:59:45.842 [info] > git status -z -uall [333ms]
2026-09-07 11:59:46.330 [info] > git check-ignore -v -z --stdin [143ms]
2026-09-07 12:00:54.670 [info] > git config --get commit.template [315ms]
2026-09-07 12:00:54.721 [info] > git for-each-ref --format=%(refname)%00%(upstream:short)%00%(objectname)%00%(upstream:track)%00%(upstream:remotename)%00%(upstream:remoteref) --ignore-case refs/heads/main refs/remotes/main [355ms]
2026-09-07 12:00:54.926 [info] > git status -z -uall [195ms]
2026-09-07 12:00:54.931 [info] > git for-each-ref --sort -committerdate --format %(refname)%00%(objectname)%00%(*objectname) [192ms]
2026-09-07 12:01:00.229 [info] > git config --get commit.template [273ms]
2026-09-07 12:01:00.232 [info] > git for-each-ref --format=%(refname)%00%(upstream:short)%00%(objectname)%00%(upstream:track)%00%(upstream:remotename)%00%(upstream:remoteref) --ignore-case refs/heads/main refs/remotes/main [267ms]
2026-09-07 12:01:00.519 [info] > git for-each-ref --sort -committerdate --format %(refname)%00%(objectname)%00%(*objectname) [271ms]
2026-09-07 12:01:00.528 [info] > git status -z -uall [287ms]
2026-09-07 12:01:06.455 [info] > git config --get commit.template [883ms]
2026-09-07 12:01:06.532 [info] > git for-each-ref --format=%(refname)%00%(upstream:short)%00%(objectname)%00%(upstream:track)%00%(upstream:remotename)%00%(upstream:remoteref) --ignore-case refs/heads/main refs/remotes/main [929ms]
2026-09-07 12:01:08.380 [info] > git for-each-ref --sort -committerdate --format %(refname)%00%(objectname)%00%(*objectname) [661ms]
2026-09-07 12:01:08.432 [info] > git status -z -uall [1429ms]
2026-09-07 12:01:49.197 [info] > git config --get commit.template [174ms]
2026-09-07 12:01:49.200 [info] > git for-each-ref --format=%(refname)%00%(upstream:short)%00%(objectname)%00%(upstream:track)%00%(upstream:remotename)%00%(upstream:remoteref) --ignore-case refs/heads/main refs/remotes/main [168ms]
2026-09-07 12:01:49.512 [info] > git for-each-ref --sort -committerdate --format %(refname)%00%(objectname)%00%(*objectname) [294ms]
2026-09-07 12:01:49.525 [info] > git status -z -uall [317ms]
2026-09-07 12:01:52.740 [info] > git check-ignore -v -z --stdin [177ms]
2026-09-07 12:01:53.221 [info] > git show --textconv HEAD:src/app/pages/dashboard/dashboard.css [441ms]
2026-09-07 12:01:53.229 [info] > git show --textconv :src/app/pages/dashboard/dashboard.css [469ms]
2026-09-07 12:01:53.244 [info] > git ls-files --stage -- src/app/pages/dashboard/dashboard.css [455ms]
2026-09-07 12:01:53.261 [info] > git ls-tree -l HEAD -- src/app/pages/dashboard/dashboard.css [457ms]
2026-09-07 12:01:53.430 [info] > git cat-file -s a144600715a28dcd011be49d73c26b028502613b [170ms]
2026-09-07 12:02:06.977 [info] > git check-ignore -v -z --stdin [120ms]
2026-09-07 12:02:08.388 [info] > git check-ignore -v -z --stdin [193ms]
2026-09-07 12:02:08.672 [info] > git check-ignore -v -z --stdin [129ms]
2026-09-07 12:02:09.374 [info] > git check-ignore -v -z --stdin [292ms]
2026-09-07 12:02:10.309 [info] > git config --get commit.template [404ms]
2026-09-07 12:02:10.357 [info] > git for-each-ref --format=%(refname)%00%(upstream:short)%00%(objectname)%00%(upstream:track)%00%(upstream:remotename)%00%(upstream:remoteref) --ignore-case refs/heads/main refs/remotes/main [392ms]
2026-09-07 12:02:11.146 [info] > git status -z -uall [779ms]
2026-09-07 12:02:11.151 [info] > git for-each-ref --sort -committerdate --format %(refname)%00%(objectname)%00%(*objectname) [775ms]
2026-09-07 12:02:11.442 [info] > git check-ignore -v -z --stdin [447ms]
2026-09-07 12:02:12.027 [info] > git check-ignore -v -z --stdin [465ms]
2026-09-07 12:02:13.185 [info] > git check-ignore -v -z --stdin [324ms]
2026-09-07 12:02:14.205 [info] > git check-ignore -v -z --stdin [167ms]
2026-09-07 12:02:16.719 [info] > git for-each-ref --format=%(refname)%00%(upstream:short)%00%(objectname)%00%(upstream:track)%00%(upstream:remotename)%00%(upstream:remoteref) --ignore-case refs/heads/main refs/remotes/main [515ms]
2026-09-07 12:02:16.738 [info] > git config --get commit.template [542ms]
2026-09-07 12:02:17.098 [info] > git check-ignore -v -z --stdin [412ms]
2026-09-07 12:02:17.166 [info] > git status -z -uall [420ms]
2026-09-07 12:02:17.178 [info] > git for-each-ref --sort -committerdate --format %(refname)%00%(objectname)%00%(*objectname) [421ms]
2026-09-07 12:02:17.470 [info] > git check-ignore -v -z --stdin [218ms]
2026-09-07 12:02:18.178 [info] > git check-ignore -v -z --stdin [609ms]
2026-09-07 12:02:18.390 [info] > git check-ignore -v -z --stdin [112ms]
2026-09-07 12:02:25.932 [info] > git config --get commit.template [307ms]
2026-09-07 12:02:25.945 [info] > git for-each-ref --format=%(refname)%00%(upstream:short)%00%(objectname)%00%(upstream:track)%00%(upstream:remotename)%00%(upstream:remoteref) --ignore-case refs/heads/main refs/remotes/main [290ms]
2026-09-07 12:02:26.217 [info] > git for-each-ref --sort -committerdate --format %(refname)%00%(objectname)%00%(*objectname) [254ms]
2026-09-07 12:02:26.219 [info] > git status -z -uall [265ms]
2026-09-07 12:02:26.742 [info] > git check-ignore -v -z --stdin [176ms]
2026-09-07 12:02:31.017 [info] > git check-ignore -v -z --stdin [124ms]
2026-09-07 12:02:31.511 [info] > git for-each-ref --format=%(refname)%00%(upstream:short)%00%(objectname)%00%(upstream:track)%00%(upstream:remotename)%00%(upstream:remoteref) --ignore-case refs/heads/main refs/remotes/main [253ms]
2026-09-07 12:02:31.530 [info] > git config --get commit.template [279ms]
2026-09-07 12:02:31.674 [info] > git check-ignore -v -z --stdin [392ms]
2026-09-07 12:02:31.897 [info] > git for-each-ref --sort -committerdate --format %(refname)%00%(objectname)%00%(*objectname) [349ms]
2026-09-07 12:02:31.903 [info] > git status -z -uall [366ms]
2026-09-07 12:02:32.533 [info] > git check-ignore -v -z --stdin [277ms]
2026-09-07 12:02:37.733 [info] > git config --get commit.template [396ms]
2026-09-07 12:02:37.741 [info] > git for-each-ref --format=%(refname)%00%(upstream:short)%00%(objectname)%00%(upstream:track)%00%(upstream:remotename)%00%(upstream:remoteref) --ignore-case refs/heads/main refs/remotes/main [339ms]
2026-09-07 12:02:37.962 [info] > git for-each-ref --sort -committerdate --format %(refname)%00%(objectname)%00%(*objectname) [200ms]
2026-09-07 12:02:37.966 [info] > git status -z -uall [214ms]
2026-09-07 12:02:38.483 [info] > git check-ignore -v -z --stdin [129ms]
2026-09-07 12:02:39.032 [info] > git check-ignore -v -z --stdin [121ms]
2026-09-07 12:02:40.228 [info] > git check-ignore -v -z --stdin [261ms]
2026-09-07 12:02:45.077 [info] > git config --get commit.template [359ms]
2026-09-07 12:02:45.120 [info] > git for-each-ref --format=%(refname)%00%(upstream:short)%00%(objectname)%00%(upstream:track)%00%(upstream:remotename)%00%(upstream:remoteref) --ignore-case refs/heads/main refs/remotes/main [323ms]
2026-09-07 12:02:46.379 [info] > git for-each-ref --sort -committerdate --format %(refname)%00%(objectname)%00%(*objectname) [1233ms]
2026-09-07 12:02:46.417 [info] > git status -z -uall [1286ms]
2026-09-07 12:02:46.682 [info] > git check-ignore -v -z --stdin [267ms]
2026-09-07 12:02:47.040 [info] > git check-ignore -v -z --stdin [170ms]
2026-09-07 12:02:49.533 [info] > git check-ignore -v -z --stdin [173ms]
2026-09-07 12:02:51.336 [info] > git check-ignore -v -z --stdin [200ms]
2026-09-07 12:02:52.412 [info] > git for-each-ref --format=%(refname)%00%(upstream:short)%00%(objectname)%00%(upstream:track)%00%(upstream:remotename)%00%(upstream:remoteref) --ignore-case refs/heads/main refs/remotes/main [800ms]
2026-09-07 12:02:53.364 [info] > git config --get commit.template [1810ms]
2026-09-07 12:02:54.663 [info] > git status -z -uall [1286ms]
2026-09-07 12:02:54.728 [info] > git for-each-ref --sort -committerdate --format %(refname)%00%(objectname)%00%(*objectname) [1338ms]
2026-09-07 12:02:55.494 [info] > git check-ignore -v -z --stdin [308ms]
2026-09-07 12:03:00.647 [info] > git for-each-ref --format=%(refname)%00%(upstream:short)%00%(objectname)%00%(upstream:track)%00%(upstream:remotename)%00%(upstream:remoteref) --ignore-case refs/heads/main refs/remotes/main [369ms]
2026-09-07 12:03:00.663 [info] > git config --get commit.template [402ms]
2026-09-07 12:03:00.953 [info] > git status -z -uall [281ms]
2026-09-07 12:03:00.964 [info] > git for-each-ref --sort -committerdate --format %(refname)%00%(objectname)%00%(*objectname) [281ms]
2026-09-07 12:03:01.467 [info] > git check-ignore -v -z --stdin [158ms]
2026-09-07 12:03:02.478 [info] > git check-ignore -v -z --stdin [124ms]
2026-09-07 12:03:02.929 [info] > git check-ignore -v -z --stdin [121ms]
2026-09-07 12:03:06.314 [info] > git check-ignore -v -z --stdin [283ms]
2026-09-07 12:03:10.677 [info] > git config --get commit.template [532ms]
2026-09-07 12:03:10.716 [info] > git for-each-ref --format=%(refname)%00%(upstream:short)%00%(objectname)%00%(upstream:track)%00%(upstream:remotename)%00%(upstream:remoteref) --ignore-case refs/heads/main refs/remotes/main [554ms]
2026-09-07 12:03:10.995 [info] > git for-each-ref --sort -committerdate --format %(refname)%00%(objectname)%00%(*objectname) [250ms]
2026-09-07 12:03:11.004 [info] > git status -z -uall [272ms]
2026-09-07 12:03:11.516 [info] > git check-ignore -v -z --stdin [171ms]
2026-09-07 12:03:13.017 [info] > git check-ignore -v -z --stdin [162ms]
2026-09-07 12:03:13.266 [info] > git check-ignore -v -z --stdin [149ms]
2026-09-07 12:03:17.432 [info] > git config --get commit.template [1378ms]
2026-09-07 12:03:17.463 [info] > git for-each-ref --format=%(refname)%00%(upstream:short)%00%(objectname)%00%(upstream:track)%00%(upstream:remotename)%00%(upstream:remoteref) --ignore-case refs/heads/main refs/remotes/main [1153ms]
2026-09-07 12:03:17.986 [info] > git status -z -uall [491ms]
2026-09-07 12:03:18.013 [info] > git for-each-ref --sort -committerdate --format %(refname)%00%(objectname)%00%(*objectname) [495ms]
2026-09-07 12:03:18.497 [info] > git check-ignore -v -z --stdin [125ms]
2026-09-07 12:04:10.313 [info] > git config --get commit.template [538ms]
2026-09-07 12:04:10.533 [info] > git for-each-ref --format=%(refname)%00%(upstream:short)%00%(objectname)%00%(upstream:track)%00%(upstream:remotename)%00%(upstream:remoteref) --ignore-case refs/heads/main refs/remotes/main [600ms]
2026-09-07 12:04:11.047 [info] > git status -z -uall [500ms]
2026-09-07 12:04:12.048 [info] > git for-each-ref --sort -committerdate --format %(refname)%00%(objectname)%00%(*objectname) [1484ms]
2026-09-07 12:04:13.271 [info] > git check-ignore -v -z --stdin [118ms]
2026-09-07 12:04:25.748 [info] > git check-ignore -v -z --stdin [119ms]
2026-09-07 12:04:27.273 [info] > git check-ignore -v -z --stdin [198ms]
2026-09-07 12:04:27.502 [info] > git check-ignore -v -z --stdin [118ms]
2026-09-07 12:04:29.314 [info] > git config --get commit.template [451ms]
2026-09-07 12:04:29.319 [info] > git for-each-ref --format=%(refname)%00%(upstream:short)%00%(objectname)%00%(upstream:track)%00%(upstream:remotename)%00%(upstream:remoteref) --ignore-case refs/heads/main refs/remotes/main [449ms]
2026-09-07 12:04:29.598 [info] > git check-ignore -v -z --stdin [361ms]
2026-09-07 12:04:29.725 [info] > git for-each-ref --sort -committerdate --format %(refname)%00%(objectname)%00%(*objectname) [388ms]
2026-09-07 12:04:29.731 [info] > git status -z -uall [402ms]
2026-09-07 12:04:30.375 [info] > git check-ignore -v -z --stdin [254ms]
2026-09-07 12:04:31.404 [info] > git check-ignore -v -z --stdin [298ms]
2026-09-07 12:04:33.784 [info] > git check-ignore -v -z --stdin [822ms]
2026-09-07 12:04:34.148 [info] > git check-ignore -v -z --stdin [176ms]
2026-09-07 12:04:35.651 [info] > git config --get commit.template [870ms]
2026-09-07 12:04:35.827 [info] > git check-ignore -v -z --stdin [993ms]
2026-09-07 12:04:35.870 [info] > git for-each-ref --format=%(refname)%00%(upstream:short)%00%(objectname)%00%(upstream:track)%00%(upstream:remotename)%00%(upstream:remoteref) --ignore-case refs/heads/main refs/remotes/main [1013ms]
2026-09-07 12:04:36.383 [info] > git check-ignore -v -z --stdin [390ms]
2026-09-07 12:04:36.547 [info] > git for-each-ref --sort -committerdate --format %(refname)%00%(objectname)%00%(*objectname) [659ms]
2026-09-07 12:04:36.563 [info] > git status -z -uall [685ms]
2026-09-07 12:04:37.307 [info] > git check-ignore -v -z --stdin [399ms]
2026-09-07 12:04:37.753 [info] > git check-ignore -v -z --stdin [334ms]
2026-09-07 12:04:40.274 [info] > git check-ignore -v -z --stdin [696ms]
2026-09-07 12:04:41.281 [info] > git check-ignore -v -z --stdin [202ms]
2026-09-07 12:04:42.811 [info] > git config --get commit.template [699ms]
2026-09-07 12:04:42.843 [info] > git for-each-ref --format=%(refname)%00%(upstream:short)%00%(objectname)%00%(upstream:track)%00%(upstream:remotename)%00%(upstream:remoteref) --ignore-case refs/heads/main refs/remotes/main [675ms]
2026-09-07 12:04:42.889 [info] > git check-ignore -v -z --stdin [516ms]
2026-09-07 12:04:43.234 [info] > git for-each-ref --sort -committerdate --format %(refname)%00%(objectname)%00%(*objectname) [347ms]
2026-09-07 12:04:43.248 [info] > git status -z -uall [390ms]
2026-09-07 12:04:45.026 [info] > git check-ignore -v -z --stdin [1447ms]
2026-09-07 12:04:50.069 [info] > git config --get commit.template [341ms]
2026-09-07 12:04:50.079 [info] > git for-each-ref --format=%(refname)%00%(upstream:short)%00%(objectname)%00%(upstream:track)%00%(upstream:remotename)%00%(upstream:remoteref) --ignore-case refs/heads/main refs/remotes/main [331ms]
2026-09-07 12:04:50.532 [info] > git status -z -uall [427ms]
2026-09-07 12:04:50.546 [info] > git for-each-ref --sort -committerdate --format %(refname)%00%(objectname)%00%(*objectname) [369ms]
2026-09-07 12:04:51.006 [info] > git check-ignore -v -z --stdin [121ms]
2026-09-07 12:04:52.596 [info] > git check-ignore -v -z --stdin [121ms]
2026-09-07 12:04:52.836 [info] > git check-ignore -v -z --stdin [150ms]
2026-09-07 12:04:55.840 [info] > git config --get commit.template [212ms]
2026-09-07 12:04:55.861 [info] > git for-each-ref --format=%(refname)%00%(upstream:short)%00%(objectname)%00%(upstream:track)%00%(upstream:remotename)%00%(upstream:remoteref) --ignore-case refs/heads/main refs/remotes/main [220ms]
2026-09-07 12:04:56.117 [info] > git for-each-ref --sort -committerdate --format %(refname)%00%(objectname)%00%(*objectname) [233ms]
2026-09-07 12:04:56.124 [info] > git status -z -uall [254ms]
2026-09-07 12:04:56.832 [info] > git check-ignore -v -z --stdin [261ms]
2026-09-07 16:51:47.698 [info] > git config --get commit.template [1185ms]
2026-09-07 16:51:47.868 [info] > git for-each-ref --format=%(refname)%00%(upstream:short)%00%(objectname)%00%(upstream:track)%00%(upstream:remotename)%00%(upstream:remoteref) --ignore-case refs/heads/main refs/remotes/main [1195ms]
2026-09-07 16:51:48.141 [info] > git for-each-ref --sort -committerdate --format %(refname)%00%(objectname)%00%(*objectname) [195ms]
2026-09-07 16:51:48.230 [info] > git status -z -uall [307ms]
2026-09-07 16:51:49.674 [info] > git check-ignore -v -z --stdin [138ms]
2026-09-07 17:08:48.557 [info] > git config --get commit.template [3591ms]
2026-09-07 17:08:49.052 [info] > git for-each-ref --format=%(refname)%00%(upstream:short)%00%(objectname)%00%(upstream:track)%00%(upstream:remotename)%00%(upstream:remoteref) --ignore-case refs/heads/main refs/remotes/main [407ms]
2026-09-07 17:08:49.270 [info] > git for-each-ref --sort -committerdate --format %(refname)%00%(objectname)%00%(*objectname) [197ms]
2026-09-07 17:08:49.302 [info] > git status -z -uall [239ms]
2026-09-07 17:08:49.822 [info] > git check-ignore -v -z --stdin [126ms]
2026-09-07 17:09:10.450 [info] > git for-each-ref --format=%(refname)%00%(upstream:short)%00%(objectname)%00%(upstream:track)%00%(upstream:remotename)%00%(upstream:remoteref) --ignore-case refs/heads/main refs/remotes/main [470ms]
2026-09-07 17:09:10.508 [info] > git config --get commit.template [544ms]
2026-09-07 17:09:10.976 [info] > git for-each-ref --sort -committerdate --format %(refname)%00%(objectname)%00%(*objectname) [449ms]
2026-09-07 17:09:11.010 [info] > git status -z -uall [495ms]
2026-09-07 17:09:16.763 [info] > git for-each-ref --format=%(refname)%00%(upstream:short)%00%(objectname)%00%(upstream:track)%00%(upstream:remotename)%00%(upstream:remoteref) --ignore-case refs/heads/main refs/remotes/main [680ms]
2026-09-07 17:09:16.812 [info] > git config --get commit.template [742ms]
2026-09-07 17:09:17.479 [info] > git status -z -uall [659ms]
2026-09-07 17:09:17.536 [info] > git for-each-ref --sort -committerdate --format %(refname)%00%(objectname)%00%(*objectname) [704ms]
2026-09-07 17:09:31.012 [info] > git config --get commit.template [8429ms]
2026-09-07 17:09:31.026 [info] > git for-each-ref --format=%(refname)%00%(upstream:short)%00%(objectname)%00%(upstream:track)%00%(upstream:remotename)%00%(upstream:remoteref) --ignore-case refs/heads/main refs/remotes/main [8423ms]
2026-09-07 17:09:31.337 [info] > git for-each-ref --sort -committerdate --format %(refname)%00%(objectname)%00%(*objectname) [278ms]
2026-09-07 17:09:31.438 [info] > git status -z -uall [400ms]
2026-09-07 17:09:36.864 [info] > git config --get commit.template [391ms]
2026-09-07 17:09:36.870 [info] > git for-each-ref --format=%(refname)%00%(upstream:short)%00%(objectname)%00%(upstream:track)%00%(upstream:remotename)%00%(upstream:remoteref) --ignore-case refs/heads/main refs/remotes/main [379ms]
2026-09-07 17:09:37.379 [info] > git status -z -uall [496ms]
2026-09-07 17:09:37.394 [info] > git for-each-ref --sort -committerdate --format %(refname)%00%(objectname)%00%(*objectname) [502ms]
2026-09-07 17:12:42.629 [info] > git for-each-ref --format=%(refname)%00%(upstream:short)%00%(objectname)%00%(upstream:track)%00%(upstream:remotename)%00%(upstream:remoteref) --ignore-case refs/heads/main refs/remotes/main [2574ms]
2026-09-07 17:12:42.715 [info] > git config --get commit.template [2680ms]
2026-09-07 17:12:44.388 [info] > git for-each-ref --sort -committerdate --format %(refname)%00%(objectname)%00%(*objectname) [1622ms]
2026-09-07 17:12:49.146 [info] > git status -z -uall [6422ms]
2026-09-07 17:12:59.063 [info] > git for-each-ref --format=%(refname)%00%(upstream:short)%00%(objectname)%00%(upstream:track)%00%(upstream:remotename)%00%(upstream:remoteref) --ignore-case refs/heads/main refs/remotes/main [249ms]
2026-09-07 17:12:59.123 [info] > git config --get commit.template [318ms]
2026-09-07 17:12:59.929 [info] > git for-each-ref --sort -committerdate --format %(refname)%00%(objectname)%00%(*objectname) [783ms]
2026-09-07 17:12:59.943 [info] > git status -z -uall [812ms]
2026-09-07 17:13:05.314 [info] > git config --get commit.template [313ms]
2026-09-07 17:13:05.337 [info] > git for-each-ref --format=%(refname)%00%(upstream:short)%00%(objectname)%00%(upstream:track)%00%(upstream:remotename)%00%(upstream:remoteref) --ignore-case refs/heads/main refs/remotes/main [329ms]
2026-09-07 17:13:05.601 [info] > git for-each-ref --sort -committerdate --format %(refname)%00%(objectname)%00%(*objectname) [247ms]
2026-09-07 17:13:05.612 [info] > git status -z -uall [266ms]
2026-09-07 17:13:17.354 [info] > git config --get commit.template [273ms]
2026-09-07 17:13:17.363 [info] > git for-each-ref --format=%(refname)%00%(upstream:short)%00%(objectname)%00%(upstream:track)%00%(upstream:remotename)%00%(upstream:remoteref) --ignore-case refs/heads/main refs/remotes/main [249ms]
2026-09-07 17:13:17.794 [info] > git status -z -uall [412ms]
2026-09-07 17:13:17.798 [info] > git for-each-ref --sort -committerdate --format %(refname)%00%(objectname)%00%(*objectname) [408ms]
2026-09-07 17:13:24.584 [info] > git config --get commit.template [222ms]
2026-09-07 17:13:24.611 [info] > git for-each-ref --format=%(refname)%00%(upstream:short)%00%(objectname)%00%(upstream:track)%00%(upstream:remotename)%00%(upstream:remoteref) --ignore-case refs/heads/main refs/remotes/main [239ms]
2026-09-07 17:13:24.860 [info] > git status -z -uall [240ms]
2026-09-07 17:13:24.862 [info] > git for-each-ref --sort -committerdate --format %(refname)%00%(objectname)%00%(*objectname) [226ms]
2026-09-07 17:13:30.529 [info] > git for-each-ref --format=%(refname)%00%(upstream:short)%00%(objectname)%00%(upstream:track)%00%(upstream:remotename)%00%(upstream:remoteref) --ignore-case refs/heads/main refs/remotes/main [614ms]
2026-09-07 17:13:30.602 [info] > git config --get commit.template [696ms]
2026-09-07 17:13:31.236 [info] > git for-each-ref --sort -committerdate --format %(refname)%00%(objectname)%00%(*objectname) [609ms]
2026-09-07 17:13:31.255 [info] > git status -z -uall [639ms]
2026-09-07 17:13:36.944 [info] > git config --get commit.template [648ms]
2026-09-07 17:13:37.020 [info] > git for-each-ref --format=%(refname)%00%(upstream:short)%00%(objectname)%00%(upstream:track)%00%(upstream:remotename)%00%(upstream:remoteref) --ignore-case refs/heads/main refs/remotes/main [492ms]
2026-09-07 17:13:37.465 [info] > git for-each-ref --sort -committerdate --format %(refname)%00%(objectname)%00%(*objectname) [428ms]
2026-09-07 17:13:37.603 [info] > git status -z -uall [575ms]
2026-09-07 17:13:43.394 [info] > git config --get commit.template [742ms]
2026-09-07 17:13:43.546 [info] > git for-each-ref --format=%(refname)%00%(upstream:short)%00%(objectname)%00%(upstream:track)%00%(upstream:remotename)%00%(upstream:remoteref) --ignore-case refs/heads/main refs/remotes/main [885ms]
2026-09-07 17:13:43.876 [info] > git status -z -uall [321ms]
2026-09-07 17:13:43.881 [info] > git for-each-ref --sort -committerdate --format %(refname)%00%(objectname)%00%(*objectname) [315ms]
2026-09-07 17:13:49.244 [info] > git config --get commit.template [308ms]
2026-09-07 17:13:49.265 [info] > git for-each-ref --format=%(refname)%00%(upstream:short)%00%(objectname)%00%(upstream:track)%00%(upstream:remotename)%00%(upstream:remoteref) --ignore-case refs/heads/main refs/remotes/main [321ms]
2026-09-07 17:13:50.124 [info] > git status -z -uall [850ms]
2026-09-07 17:13:50.125 [info] > git for-each-ref --sort -committerdate --format %(refname)%00%(objectname)%00%(*objectname) [681ms]
2026-09-07 17:13:55.595 [info] > git config --get commit.template [432ms]
2026-09-07 17:13:55.651 [info] > git for-each-ref --format=%(refname)%00%(upstream:short)%00%(objectname)%00%(upstream:track)%00%(upstream:remotename)%00%(upstream:remoteref) --ignore-case refs/heads/main refs/remotes/main [479ms]
2026-09-07 17:13:56.138 [info] > git for-each-ref --sort -committerdate --format %(refname)%00%(objectname)%00%(*objectname) [464ms]
2026-09-07 17:13:56.158 [info] > git status -z -uall [494ms]
2026-09-07 17:14:02.186 [info] > git for-each-ref --format=%(refname)%00%(upstream:short)%00%(objectname)%00%(upstream:track)%00%(upstream:remotename)%00%(upstream:remoteref) --ignore-case refs/heads/main refs/remotes/main [810ms]
2026-09-07 17:14:02.202 [info] > git config --get commit.template [935ms]
2026-09-07 17:14:05.435 [info] > git for-each-ref --sort -committerdate --format %(refname)%00%(objectname)%00%(*objectname) [3213ms]
2026-09-07 17:14:06.354 [info] > git status -z -uall [4143ms]
2026-09-07 17:14:13.228 [info] > git config --get commit.template [618ms]
2026-09-07 17:14:13.233 [info] > git for-each-ref --format=%(refname)%00%(upstream:short)%00%(objectname)%00%(upstream:track)%00%(upstream:remotename)%00%(upstream:remoteref) --ignore-case refs/heads/main refs/remotes/main [389ms]
2026-09-07 17:14:13.466 [info] > git status -z -uall [223ms]
2026-09-07 17:14:13.474 [info] > git for-each-ref --sort -committerdate --format %(refname)%00%(objectname)%00%(*objectname) [222ms]
2026-09-07 17:14:19.774 [info] > git config --get commit.template [313ms]
2026-09-07 17:14:19.777 [info] > git for-each-ref --format=%(refname)%00%(upstream:short)%00%(objectname)%00%(upstream:track)%00%(upstream:remotename)%00%(upstream:remoteref) --ignore-case refs/heads/main refs/remotes/main [308ms]
2026-09-07 17:14:19.996 [info] > git status -z -uall [209ms]
2026-09-07 17:14:20.015 [info] > git for-each-ref --sort -committerdate --format %(refname)%00%(objectname)%00%(*objectname) [219ms]
2026-09-07 17:15:00.792 [info] > git config --get commit.template [1277ms]
2026-09-07 17:15:00.822 [info] > git for-each-ref --format=%(refname)%00%(upstream:short)%00%(objectname)%00%(upstream:track)%00%(upstream:remotename)%00%(upstream:remoteref) --ignore-case refs/heads/main refs/remotes/main [1298ms]
2026-09-07 17:15:01.730 [info] > git status -z -uall [900ms]
2026-09-07 17:15:01.750 [info] > git for-each-ref --sort -committerdate --format %(refname)%00%(objectname)%00%(*objectname) [772ms]
2026-09-07 17:15:07.348 [info] > git config --get commit.template [544ms]
2026-09-07 17:15:07.408 [info] > git for-each-ref --format=%(refname)%00%(upstream:short)%00%(objectname)%00%(upstream:track)%00%(upstream:remotename)%00%(upstream:remoteref) --ignore-case refs/heads/main refs/remotes/main [594ms]
2026-09-07 17:15:08.273 [info] > git for-each-ref --sort -committerdate --format %(refname)%00%(objectname)%00%(*objectname) [809ms]
2026-09-07 17:15:08.296 [info] > git status -z -uall [877ms]
2026-09-07 17:15:13.538 [info] > git config --get commit.template [206ms]
2026-09-07 17:15:13.547 [info] > git for-each-ref --format=%(refname)%00%(upstream:short)%00%(objectname)%00%(upstream:track)%00%(upstream:remotename)%00%(upstream:remoteref) --ignore-case refs/heads/main refs/remotes/main [204ms]
2026-09-07 17:15:13.745 [info] > git status -z -uall [189ms]
2026-09-07 17:15:13.750 [info] > git for-each-ref --sort -committerdate --format %(refname)%00%(objectname)%00%(*objectname) [186ms]
2026-09-07 17:15:19.002 [info] > git config --get commit.template [218ms]
2026-09-07 17:15:19.019 [info] > git for-each-ref --format=%(refname)%00%(upstream:short)%00%(objectname)%00%(upstream:track)%00%(upstream:remotename)%00%(upstream:remoteref) --ignore-case refs/heads/main refs/remotes/main [226ms]
2026-09-07 17:15:19.301 [info] > git status -z -uall [270ms]
2026-09-07 17:15:19.305 [info] > git for-each-ref --sort -committerdate --format %(refname)%00%(objectname)%00%(*objectname) [264ms]
2026-09-07 17:15:37.981 [info] > git check-ignore -v -z --stdin [140ms]
2026-09-07 17:15:39.314 [info] > git check-ignore -v -z --stdin [139ms]
2026-09-07 17:15:46.304 [info] > git config --get commit.template [194ms]
2026-09-07 17:15:46.310 [info] > git for-each-ref --format=%(refname)%00%(upstream:short)%00%(objectname)%00%(upstream:track)%00%(upstream:remotename)%00%(upstream:remoteref) --ignore-case refs/heads/main refs/remotes/main [192ms]
2026-09-07 17:15:46.616 [info] > git for-each-ref --sort -committerdate --format %(refname)%00%(objectname)%00%(*objectname) [286ms]
2026-09-07 17:15:46.623 [info] > git status -z -uall [301ms]
2026-09-07 17:15:52.481 [info] > git config --get commit.template [244ms]
2026-09-07 17:15:52.502 [info] > git for-each-ref --format=%(refname)%00%(upstream:short)%00%(objectname)%00%(upstream:track)%00%(upstream:remotename)%00%(upstream:remoteref) --ignore-case refs/heads/main refs/remotes/main [252ms]
2026-09-07 17:15:52.774 [info] > git status -z -uall [260ms]
2026-09-07 17:15:52.883 [info] > git for-each-ref --sort -committerdate --format %(refname)%00%(objectname)%00%(*objectname) [354ms]
2026-09-07 17:20:52.133 [info] > git check-ignore -v -z --stdin [336ms]
2026-09-07 17:36:53.996 [info] > git config --get commit.template [831ms]
2026-09-07 17:36:54.055 [info] > git for-each-ref --format=%(refname)%00%(upstream:short)%00%(objectname)%00%(upstream:track)%00%(upstream:remotename)%00%(upstream:remoteref) --ignore-case refs/heads/main refs/remotes/main [769ms]
2026-09-07 17:36:56.638 [info] > git for-each-ref --sort -committerdate --format %(refname)%00%(objectname)%00%(*objectname) [2499ms]
2026-09-07 17:36:56.924 [info] > git status -z -uall [2832ms]
2026-09-07 17:37:35.277 [info] > git config --get commit.template [645ms]
2026-09-07 17:37:35.311 [info] > git for-each-ref --format=%(refname)%00%(upstream:short)%00%(objectname)%00%(upstream:track)%00%(upstream:remotename)%00%(upstream:remoteref) --ignore-case refs/heads/main refs/remotes/main [665ms]
2026-09-07 17:37:35.528 [info] > git for-each-ref --sort -committerdate --format %(refname)%00%(objectname)%00%(*objectname) [197ms]
2026-09-07 17:37:35.576 [info] > git status -z -uall [254ms]
2026-09-07 17:37:43.875 [info] > git for-each-ref --format=%(refname)%00%(upstream:short)%00%(objectname)%00%(upstream:track)%00%(upstream:remotename)%00%(upstream:remoteref) --ignore-case refs/heads/main refs/remotes/main [2702ms]
2026-09-07 17:37:43.938 [info] > git config --get commit.template [2942ms]
2026-09-07 17:37:44.313 [info] > git status -z -uall [368ms]
2026-09-07 17:37:44.508 [info] > git for-each-ref --sort -committerdate --format %(refname)%00%(objectname)%00%(*objectname) [531ms]
2026-09-07 17:37:53.437 [info] > git check-ignore -v -z --stdin [1411ms]
2026-09-07 17:37:53.480 [info] > git for-each-ref --format=%(refname)%00%(upstream:short)%00%(objectname)%00%(upstream:track)%00%(upstream:remotename)%00%(upstream:remoteref) --ignore-case refs/heads/main refs/remotes/main [1367ms]
2026-09-07 17:37:53.701 [info] > git config --get commit.template [1867ms]
2026-09-07 17:37:54.341 [info] > git for-each-ref --sort -committerdate --format %(refname)%00%(objectname)%00%(*objectname) [574ms]
2026-09-07 17:37:54.415 [info] > git status -z -uall [702ms]
2026-09-07 17:38:56.776 [info] > git config --get commit.template [368ms]
2026-09-07 17:38:56.797 [info] > git for-each-ref --format=%(refname)%00%(upstream:short)%00%(objectname)%00%(upstream:track)%00%(upstream:remotename)%00%(upstream:remoteref) --ignore-case refs/heads/main refs/remotes/main [375ms]
2026-09-07 17:38:57.112 [info] > git for-each-ref --sort -committerdate --format %(refname)%00%(objectname)%00%(*objectname) [295ms]
2026-09-07 17:38:57.136 [info] > git status -z -uall [328ms]
2026-09-07 17:39:02.347 [info] > git config --get commit.template [171ms]
2026-09-07 17:39:02.389 [info] > git for-each-ref --format=%(refname)%00%(upstream:short)%00%(objectname)%00%(upstream:track)%00%(upstream:remotename)%00%(upstream:remoteref) --ignore-case refs/heads/main refs/remotes/main [203ms]
2026-09-07 17:39:02.858 [info] > git for-each-ref --sort -committerdate --format %(refname)%00%(objectname)%00%(*objectname) [451ms]
2026-09-07 17:39:03.418 [info] > git status -z -uall [1020ms]
2026-09-07 17:39:11.743 [info] > git check-ignore -v -z --stdin [717ms]
2026-09-07 17:39:12.170 [info] > git ls-files --stage -- src/app/pages/dashboard/dashboard.css [391ms]
2026-09-07 17:39:12.188 [info] > git show --textconv HEAD:src/app/pages/dashboard/dashboard.css [420ms]
2026-09-07 17:39:12.194 [info] > git show --textconv :src/app/pages/dashboard/dashboard.css [436ms]
2026-09-07 17:39:12.235 [info] > git ls-tree -l HEAD -- src/app/pages/dashboard/dashboard.css [447ms]
2026-09-07 17:39:12.342 [info] > git cat-file -s a144600715a28dcd011be49d73c26b028502613b [163ms]
2026-09-07 17:39:19.139 [info] > git check-ignore -v -z --stdin [127ms]
2026-09-07 17:39:19.874 [info] > git check-ignore -v -z --stdin [134ms]
2026-09-07 17:39:20.732 [info] > git check-ignore -v -z --stdin [158ms]
2026-09-07 17:39:22.277 [info] > git check-ignore -v -z --stdin [272ms]
2026-09-07 17:39:24.218 [info] > git check-ignore -v -z --stdin [1289ms]
2026-09-07 17:39:24.227 [info] > git config --get commit.template [1707ms]
2026-09-07 17:39:24.233 [info] > git for-each-ref --format=%(refname)%00%(upstream:short)%00%(objectname)%00%(upstream:track)%00%(upstream:remotename)%00%(upstream:remoteref) --ignore-case refs/heads/main refs/remotes/main [1688ms]
2026-09-07 17:39:24.880 [info] > git for-each-ref --sort -committerdate --format %(refname)%00%(objectname)%00%(*objectname) [623ms]
2026-09-07 17:39:24.898 [info] > git status -z -uall [653ms]
2026-09-07 17:39:24.953 [info] > git check-ignore -v -z --stdin [611ms]
2026-09-07 17:39:25.344 [info] > git check-ignore -v -z --stdin [294ms]
2026-09-07 17:39:25.634 [info] > git check-ignore -v -z --stdin [201ms]
2026-09-07 17:39:26.202 [info] > git check-ignore -v -z --stdin [247ms]
2026-09-07 17:39:27.138 [info] > git check-ignore -v -z --stdin [847ms]
2026-09-07 17:39:27.465 [info] > git check-ignore -v -z --stdin [150ms]
2026-09-07 17:39:27.701 [info] > git check-ignore -v -z --stdin [145ms]
2026-09-07 17:39:29.137 [info] > git check-ignore -v -z --stdin [329ms]
2026-09-07 17:39:29.856 [info] > git check-ignore -v -z --stdin [618ms]
2026-09-07 17:39:30.780 [info] > git for-each-ref --format=%(refname)%00%(upstream:short)%00%(objectname)%00%(upstream:track)%00%(upstream:remotename)%00%(upstream:remoteref) --ignore-case refs/heads/main refs/remotes/main [839ms]
2026-09-07 17:39:30.829 [info] > git config --get commit.template [897ms]
2026-09-07 17:39:32.908 [info] > git status -z -uall [2071ms]
2026-09-07 17:39:32.910 [info] > git for-each-ref --sort -committerdate --format %(refname)%00%(objectname)%00%(*objectname) [2009ms]
2026-09-07 17:39:33.350 [info] > git check-ignore -v -z --stdin [1225ms]
2026-09-07 17:39:33.715 [info] > git check-ignore -v -z --stdin [261ms]
2026-09-07 17:39:36.956 [info] > git check-ignore -v -z --stdin [292ms]
2026-09-07 17:39:39.070 [info] > git check-ignore -v -z --stdin [1300ms]
2026-09-07 17:39:39.111 [info] > git config --get commit.template [1167ms]
2026-09-07 17:39:39.112 [info] > git for-each-ref --format=%(refname)%00%(upstream:short)%00%(objectname)%00%(upstream:track)%00%(upstream:remotename)%00%(upstream:remoteref) --ignore-case refs/heads/main refs/remotes/main [1121ms]
2026-09-07 17:39:39.753 [info] > git check-ignore -v -z --stdin [542ms]
2026-09-07 17:39:40.189 [info] > git status -z -uall [729ms]
2026-09-07 17:39:40.192 [info] > git for-each-ref --sort -committerdate --format %(refname)%00%(objectname)%00%(*objectname) [720ms]
2026-09-07 17:39:40.604 [info] > git check-ignore -v -z --stdin [325ms]
2026-09-07 17:39:42.323 [info] > git check-ignore -v -z --stdin [1593ms]
2026-09-07 17:39:42.987 [info] > git check-ignore -v -z --stdin [529ms]
2026-09-07 17:39:45.661 [info] > git config --get commit.template [386ms]
2026-09-07 17:39:45.688 [info] > git for-each-ref --format=%(refname)%00%(upstream:short)%00%(objectname)%00%(upstream:track)%00%(upstream:remotename)%00%(upstream:remoteref) --ignore-case refs/heads/main refs/remotes/main [332ms]
2026-09-07 17:39:45.783 [info] > git check-ignore -v -z --stdin [1320ms]
2026-09-07 17:39:46.239 [info] > git status -z -uall [532ms]
2026-09-07 17:39:46.240 [info] > git for-each-ref --sort -committerdate --format %(refname)%00%(objectname)%00%(*objectname) [459ms]
2026-09-07 17:39:46.478 [info] > git check-ignore -v -z --stdin [592ms]
2026-09-07 17:39:48.257 [info] > git check-ignore -v -z --stdin [666ms]
2026-09-07 17:39:48.883 [info] > git check-ignore -v -z --stdin [145ms]
2026-09-07 17:39:51.966 [info] > git config --get commit.template [461ms]
2026-09-07 17:39:51.994 [info] > git check-ignore -v -z --stdin [475ms]
2026-09-07 17:39:52.205 [info] > git for-each-ref --format=%(refname)%00%(upstream:short)%00%(objectname)%00%(upstream:track)%00%(upstream:remotename)%00%(upstream:remoteref) --ignore-case refs/heads/main refs/remotes/main [307ms]
2026-09-07 17:39:53.649 [info] > git status -z -uall [1435ms]
2026-09-07 17:39:53.680 [info] > git for-each-ref --sort -committerdate --format %(refname)%00%(objectname)%00%(*objectname) [1456ms]
2026-09-07 17:39:54.148 [info] > git check-ignore -v -z --stdin [469ms]
2026-09-07 17:39:55.297 [info] > git check-ignore -v -z --stdin [277ms]
2026-09-07 17:39:55.738 [info] > git check-ignore -v -z --stdin [320ms]
2026-09-07 17:39:56.549 [info] > git check-ignore -v -z --stdin [670ms]
2026-09-07 17:39:57.108 [info] > git check-ignore -v -z --stdin [286ms]
2026-09-07 17:39:58.375 [info] > git check-ignore -v -z --stdin [657ms]
2026-09-07 17:40:00.346 [info] > git check-ignore -v -z --stdin [1840ms]
2026-09-07 17:40:01.133 [info] > git config --get commit.template [2407ms]
2026-09-07 17:40:01.312 [info] > git for-each-ref --format=%(refname)%00%(upstream:short)%00%(objectname)%00%(upstream:track)%00%(upstream:remotename)%00%(upstream:remoteref) --ignore-case refs/heads/main refs/remotes/main [2543ms]
2026-09-07 17:40:01.811 [info] > git for-each-ref --sort -committerdate --format %(refname)%00%(objectname)%00%(*objectname) [476ms]
2026-09-07 17:40:01.874 [info] > git status -z -uall [549ms]
2026-09-07 17:40:02.728 [info] > git check-ignore -v -z --stdin [472ms]
2026-09-07 17:40:04.520 [info] > git check-ignore -v -z --stdin [1637ms]
2026-09-07 17:40:05.810 [info] > git check-ignore -v -z --stdin [629ms]
2026-09-07 17:40:06.841 [info] > git check-ignore -v -z --stdin [585ms]
2026-09-07 17:40:07.551 [info] > git config --get commit.template [647ms]
2026-09-07 17:40:07.693 [info] > git for-each-ref --format=%(refname)%00%(upstream:short)%00%(objectname)%00%(upstream:track)%00%(upstream:remotename)%00%(upstream:remoteref) --ignore-case refs/heads/main refs/remotes/main [754ms]
2026-09-07 17:40:08.895 [info] > git status -z -uall [1189ms]
2026-09-07 17:40:08.896 [info] > git for-each-ref --sort -committerdate --format %(refname)%00%(objectname)%00%(*objectname) [1163ms]
2026-09-07 17:40:09.690 [info] > git check-ignore -v -z --stdin [942ms]
2026-09-07 17:40:10.316 [info] > git check-ignore -v -z --stdin [430ms]
2026-09-07 17:40:11.331 [info] > git check-ignore -v -z --stdin [209ms]
2026-09-07 17:40:13.103 [info] > git check-ignore -v -z --stdin [444ms]
2026-09-07 17:40:13.395 [info] > git check-ignore -v -z --stdin [177ms]
2026-09-07 17:40:14.512 [info] > git check-ignore -v -z --stdin [644ms]
2026-09-07 17:40:14.612 [info] > git config --get commit.template [675ms]
2026-09-07 17:40:14.615 [info] > git for-each-ref --format=%(refname)%00%(upstream:short)%00%(objectname)%00%(upstream:track)%00%(upstream:remotename)%00%(upstream:remoteref) --ignore-case refs/heads/main refs/remotes/main [670ms]
2026-09-07 17:40:14.818 [info] > git for-each-ref --sort -committerdate --format %(refname)%00%(objectname)%00%(*objectname) [186ms]
2026-09-07 17:40:14.858 [info] > git status -z -uall [235ms]
2026-09-07 17:40:15.365 [info] > git check-ignore -v -z --stdin [140ms]
2026-09-07 17:40:20.167 [info] > git config --get commit.template [257ms]
2026-09-07 17:40:20.175 [info] > git for-each-ref --format=%(refname)%00%(upstream:short)%00%(objectname)%00%(upstream:track)%00%(upstream:remotename)%00%(upstream:remoteref) --ignore-case refs/heads/main refs/remotes/main [230ms]
2026-09-07 17:40:20.406 [info] > git for-each-ref --sort -committerdate --format %(refname)%00%(objectname)%00%(*objectname) [210ms]
2026-09-07 17:40:20.431 [info] > git status -z -uall [247ms]
2026-09-07 17:40:20.915 [info] > git check-ignore -v -z --stdin [150ms]
2026-09-07 17:40:22.177 [info] > git check-ignore -v -z --stdin [127ms]
2026-09-07 17:40:24.574 [info] > git check-ignore -v -z --stdin [1109ms]
2026-09-07 17:40:25.694 [info] > git config --get commit.template [220ms]
2026-09-07 17:40:25.706 [info] > git for-each-ref --format=%(refname)%00%(upstream:short)%00%(objectname)%00%(upstream:track)%00%(upstream:remotename)%00%(upstream:remoteref) --ignore-case refs/heads/main refs/remotes/main [222ms]
2026-09-07 17:40:25.961 [info] > git for-each-ref --sort -committerdate --format %(refname)%00%(objectname)%00%(*objectname) [229ms]
2026-09-07 17:40:25.971 [info] > git status -z -uall [254ms]
2026-09-07 17:40:26.458 [info] > git check-ignore -v -z --stdin [137ms]
2026-09-07 17:40:27.858 [info] > git check-ignore -v -z --stdin [420ms]
2026-09-07 17:40:28.166 [info] > git check-ignore -v -z --stdin [189ms]
2026-09-07 17:40:28.851 [info] > git check-ignore -v -z --stdin [206ms]
2026-09-07 17:40:31.534 [info] > git check-ignore -v -z --stdin [403ms]
2026-09-07 17:40:31.559 [info] > git for-each-ref --format=%(refname)%00%(upstream:short)%00%(objectname)%00%(upstream:track)%00%(upstream:remotename)%00%(upstream:remoteref) --ignore-case refs/heads/main refs/remotes/main [536ms]
2026-09-07 17:40:31.631 [info] > git config --get commit.template [619ms]
2026-09-07 17:40:31.987 [info] > git status -z -uall [342ms]
2026-09-07 17:40:31.992 [info] > git for-each-ref --sort -committerdate --format %(refname)%00%(objectname)%00%(*objectname) [330ms]
2026-09-07 17:40:32.899 [info] > git check-ignore -v -z --stdin [536ms]
2026-09-07 17:40:34.003 [info] > git check-ignore -v -z --stdin [876ms]
2026-09-07 17:40:35.800 [info] > git check-ignore -v -z --stdin [463ms]
2026-09-07 17:40:36.282 [info] > git check-ignore -v -z --stdin [345ms]
2026-09-07 17:40:37.268 [info] > git config --get commit.template [163ms]
2026-09-07 17:40:39.727 [info] > git for-each-ref --format=%(refname)%00%(upstream:short)%00%(objectname)%00%(upstream:track)%00%(upstream:remotename)%00%(upstream:remoteref) --ignore-case refs/heads/main refs/remotes/main [2609ms]
2026-09-07 17:40:41.033 [info] > git for-each-ref --sort -committerdate --format %(refname)%00%(objectname)%00%(*objectname) [1288ms]
2026-09-07 17:40:41.611 [info] > git check-ignore -v -z --stdin [861ms]
2026-09-07 17:40:41.638 [info] > git status -z -uall [1903ms]
2026-09-07 17:40:42.959 [info] > git check-ignore -v -z --stdin [970ms]
2026-09-07 17:40:45.458 [info] > git check-ignore -v -z --stdin [747ms]
2026-09-07 17:40:45.952 [info] > git check-ignore -v -z --stdin [281ms]
2026-09-07 17:40:50.404 [info] > git check-ignore -v -z --stdin [3143ms]
2026-09-07 17:40:50.444 [info] > git for-each-ref --format=%(refname)%00%(upstream:short)%00%(objectname)%00%(upstream:track)%00%(upstream:remotename)%00%(upstream:remoteref) --ignore-case refs/heads/main refs/remotes/main [3682ms]
2026-09-07 17:40:50.444 [info] > git config --get commit.template [3759ms]
2026-09-07 17:40:53.640 [info] > git status -z -uall [3160ms]
2026-09-07 17:40:54.601 [info] > git for-each-ref --sort -committerdate --format %(refname)%00%(objectname)%00%(*objectname) [4048ms]
2026-09-07 17:40:55.008 [info] > git check-ignore -v -z --stdin [428ms]
2026-09-07 17:40:56.353 [info] > git check-ignore -v -z --stdin [258ms]
2026-09-07 17:41:03.257 [info] > git config --get commit.template [1347ms]
2026-09-07 17:41:03.384 [info] > git for-each-ref --format=%(refname)%00%(upstream:short)%00%(objectname)%00%(upstream:track)%00%(upstream:remotename)%00%(upstream:remoteref) --ignore-case refs/heads/main refs/remotes/main [1307ms]
2026-09-07 17:41:03.971 [info] > git for-each-ref --sort -committerdate --format %(refname)%00%(objectname)%00%(*objectname) [492ms]
2026-09-07 17:41:03.985 [info] > git status -z -uall [574ms]
2026-09-07 17:41:04.560 [info] > git check-ignore -v -z --stdin [224ms]
2026-09-07 17:43:34.380 [info] > git check-ignore -v -z --stdin [1799ms]
2026-09-07 17:43:34.729 [info] > git check-ignore -v -z --stdin [144ms]
2026-09-07 17:43:37.972 [info] > git config --get commit.template [677ms]
2026-09-07 17:43:38.599 [info] > git for-each-ref --format=%(refname)%00%(upstream:short)%00%(objectname)%00%(upstream:track)%00%(upstream:remotename)%00%(upstream:remoteref) --ignore-case refs/heads/main refs/remotes/main [1156ms]
2026-09-07 17:43:40.805 [info] > git for-each-ref --sort -committerdate --format %(refname)%00%(objectname)%00%(*objectname) [2110ms]
2026-09-07 17:43:40.837 [info] > git status -z -uall [2218ms]
2026-09-07 17:43:40.887 [info] > git check-ignore -v -z --stdin [2034ms]
2026-09-07 17:43:41.460 [info] > git check-ignore -v -z --stdin [365ms]
2026-09-07 17:43:41.805 [info] > git check-ignore -v -z --stdin [225ms]
2026-09-07 17:43:45.344 [info] > git check-ignore -v -z --stdin [1394ms]
2026-09-07 17:43:46.987 [info] > git check-ignore -v -z --stdin [1473ms]
2026-09-07 17:43:47.959 [info] > git config --get commit.template [1790ms]
2026-09-07 17:43:50.824 [info] > git check-ignore -v -z --stdin [416ms]
2026-09-07 17:43:53.024 [info] > git for-each-ref --format=%(refname)%00%(upstream:short)%00%(objectname)%00%(upstream:track)%00%(upstream:remotename)%00%(upstream:remoteref) --ignore-case refs/heads/main refs/remotes/main [6438ms]
2026-09-07 17:43:54.408 [info] > git for-each-ref --sort -committerdate --format %(refname)%00%(objectname)%00%(*objectname) [1077ms]
2026-09-07 17:43:55.828 [info] > git status -z -uall [2531ms]
2026-09-07 17:43:57.610 [info] > git check-ignore -v -z --stdin [763ms]
2026-09-07 17:44:05.204 [info] > git config --get commit.template [3588ms]
2026-09-07 17:44:08.570 [info] > git for-each-ref --format=%(refname)%00%(upstream:short)%00%(objectname)%00%(upstream:track)%00%(upstream:remotename)%00%(upstream:remoteref) --ignore-case refs/heads/main refs/remotes/main [6722ms]
2026-09-07 17:44:10.593 [info] > git for-each-ref --sort -committerdate --format %(refname)%00%(objectname)%00%(*objectname) [928ms]
2026-09-07 17:44:10.617 [info] > git check-ignore -v -z --stdin [2074ms]
2026-09-07 17:44:12.093 [info] > git check-ignore -v -z --stdin [722ms]
2026-09-07 17:44:13.393 [info] > git status -z -uall [4455ms]
2026-09-07 17:44:14.680 [info] > git check-ignore -v -z --stdin [330ms]
2026-09-07 17:46:34.848 [info] > git config --get commit.template [2374ms]
2026-09-07 17:46:41.779 [info] > git for-each-ref --format=%(refname)%00%(upstream:short)%00%(objectname)%00%(upstream:track)%00%(upstream:remotename)%00%(upstream:remoteref) --ignore-case refs/heads/main refs/remotes/main [9182ms]
2026-09-07 17:46:42.671 [info] > git for-each-ref --sort -committerdate --format %(refname)%00%(objectname)%00%(*objectname) [751ms]
2026-09-07 17:46:42.713 [info] > git status -z -uall [869ms]
2026-09-07 17:46:43.233 [info] > git check-ignore -v -z --stdin [185ms]
2026-09-07 17:46:44.553 [info] > git check-ignore -v -z --stdin [1023ms]
2026-09-07 17:46:45.123 [info] > git check-ignore -v -z --stdin [187ms]
2026-09-07 17:46:45.536 [info] > git check-ignore -v -z --stdin [272ms]
2026-09-07 17:46:48.244 [info] > git for-each-ref --format=%(refname)%00%(upstream:short)%00%(objectname)%00%(upstream:track)%00%(upstream:remotename)%00%(upstream:remoteref) --ignore-case refs/heads/main refs/remotes/main [460ms]
2026-09-07 17:46:48.248 [info] > git config --get commit.template [484ms]
2026-09-07 17:46:49.542 [info] > git check-ignore -v -z --stdin [850ms]
2026-09-07 17:46:49.573 [info] > git for-each-ref --sort -committerdate --format %(refname)%00%(objectname)%00%(*objectname) [1278ms]
2026-09-07 17:46:49.668 [info] > git status -z -uall [1410ms]
2026-09-07 17:46:50.960 [info] > git check-ignore -v -z --stdin [830ms]
2026-09-07 17:46:59.110 [info] > git config --get commit.template [1586ms]
2026-09-07 17:46:59.183 [info] > git for-each-ref --format=%(refname)%00%(upstream:short)%00%(objectname)%00%(upstream:track)%00%(upstream:remotename)%00%(upstream:remoteref) --ignore-case refs/heads/main refs/remotes/main [1437ms]
2026-09-07 17:46:59.242 [info] > git check-ignore -v -z --stdin [2259ms]
2026-09-07 17:46:59.638 [info] > git status -z -uall [446ms]
2026-09-07 17:46:59.682 [info] > git for-each-ref --sort -committerdate --format %(refname)%00%(objectname)%00%(*objectname) [443ms]
2026-09-07 17:46:59.861 [info] > git check-ignore -v -z --stdin [487ms]
2026-09-07 17:47:00.412 [info] > git check-ignore -v -z --stdin [386ms]
2026-09-07 17:47:01.862 [info] > git check-ignore -v -z --stdin [188ms]
2026-09-07 17:47:03.440 [info] > git check-ignore -v -z --stdin [164ms]
2026-09-07 17:47:03.978 [info] > git check-ignore -v -z --stdin [126ms]
2026-09-07 17:47:04.409 [info] > git check-ignore -v -z --stdin [135ms]
2026-09-07 17:47:04.994 [info] > git config --get commit.template [282ms]
2026-09-07 17:47:05.010 [info] > git for-each-ref --format=%(refname)%00%(upstream:short)%00%(objectname)%00%(upstream:track)%00%(upstream:remotename)%00%(upstream:remoteref) --ignore-case refs/heads/main refs/remotes/main [289ms]
2026-09-07 17:47:05.595 [info] > git for-each-ref --sort -committerdate --format %(refname)%00%(objectname)%00%(*objectname) [533ms]
2026-09-07 17:47:05.606 [info] > git status -z -uall [569ms]
2026-09-07 17:47:06.407 [info] > git check-ignore -v -z --stdin [398ms]
2026-09-07 17:47:16.693 [info] > git config --get commit.template [3498ms]
2026-09-07 17:47:20.020 [info] > git for-each-ref --format=%(refname)%00%(upstream:short)%00%(objectname)%00%(upstream:track)%00%(upstream:remotename)%00%(upstream:remoteref) --ignore-case refs/heads/main refs/remotes/main [6639ms]
2026-09-07 17:47:20.843 [info] > git for-each-ref --sort -committerdate --format %(refname)%00%(objectname)%00%(*objectname) [440ms]
2026-09-07 17:47:24.002 [info] > git check-ignore -v -z --stdin [3448ms]
2026-09-07 17:47:24.559 [info] > git status -z -uall [4193ms]
2026-09-07 17:47:25.277 [info] > git check-ignore -v -z --stdin [355ms]
2026-09-07 17:47:25.854 [info] > git check-ignore -v -z --stdin [334ms]
2026-09-07 17:47:40.451 [info] > git config --get commit.template [400ms]
2026-09-07 17:47:40.475 [info] > git for-each-ref --format=%(refname)%00%(upstream:short)%00%(objectname)%00%(upstream:track)%00%(upstream:remotename)%00%(upstream:remoteref) --ignore-case refs/heads/main refs/remotes/main [388ms]
2026-09-07 17:47:40.804 [info] > git status -z -uall [316ms]
2026-09-07 17:47:40.901 [info] > git for-each-ref --sort -committerdate --format %(refname)%00%(objectname)%00%(*objectname) [402ms]
2026-09-07 17:47:41.238 [info] > git check-ignore -v -z --stdin [178ms]
2026-09-07 17:47:41.589 [info] > git check-ignore -v -z --stdin [215ms]
2026-09-07 17:47:46.136 [info] > git config --get commit.template [176ms]
2026-09-07 17:47:46.146 [info] > git for-each-ref --format=%(refname)%00%(upstream:short)%00%(objectname)%00%(upstream:track)%00%(upstream:remotename)%00%(upstream:remoteref) --ignore-case refs/heads/main refs/remotes/main [165ms]
2026-09-07 17:47:46.363 [info] > git for-each-ref --sort -committerdate --format %(refname)%00%(objectname)%00%(*objectname) [198ms]
2026-09-07 17:47:46.389 [info] > git status -z -uall [234ms]
2026-09-07 17:47:46.945 [info] > git check-ignore -v -z --stdin [124ms]
2026-09-07 17:47:55.388 [info] > git check-ignore -v -z --stdin [707ms]
2026-09-07 17:47:55.929 [info] > git check-ignore -v -z --stdin [311ms]
2026-09-07 17:48:01.137 [info] > git for-each-ref --format=%(refname)%00%(upstream:short)%00%(objectname)%00%(upstream:track)%00%(upstream:remotename)%00%(upstream:remoteref) --ignore-case refs/heads/main refs/remotes/main [324ms]
2026-09-07 17:48:01.168 [info] > git config --get commit.template [377ms]
2026-09-07 17:48:02.103 [info] > git for-each-ref --sort -committerdate --format %(refname)%00%(objectname)%00%(*objectname) [898ms]
2026-09-07 17:48:02.122 [info] > git status -z -uall [944ms]
2026-09-07 17:48:03.655 [info] > git check-ignore -v -z --stdin [306ms]
2026-09-07 17:48:11.643 [info] > git check-ignore -v -z --stdin [410ms]
2026-09-07 17:48:13.882 [info] > git config --get commit.template [871ms]
2026-09-07 17:48:13.925 [info] > git for-each-ref --format=%(refname)%00%(upstream:short)%00%(objectname)%00%(upstream:track)%00%(upstream:remotename)%00%(upstream:remoteref) --ignore-case refs/heads/main refs/remotes/main [877ms]
2026-09-07 17:48:14.902 [info] > git status -z -uall [966ms]
2026-09-07 17:48:14.914 [info] > git for-each-ref --sort -committerdate --format %(refname)%00%(objectname)%00%(*objectname) [874ms]
2026-09-07 17:48:15.580 [info] > git check-ignore -v -z --stdin [289ms]
2026-09-07 17:48:15.856 [info] > git check-ignore -v -z --stdin [162ms]
2026-09-07 17:48:20.339 [info] > git config --get commit.template [374ms]
2026-09-07 17:48:20.350 [info] > git for-each-ref --format=%(refname)%00%(upstream:short)%00%(objectname)%00%(upstream:track)%00%(upstream:remotename)%00%(upstream:remoteref) --ignore-case refs/heads/main refs/remotes/main [375ms]
2026-09-07 17:48:20.580 [info] > git for-each-ref --sort -committerdate --format %(refname)%00%(objectname)%00%(*objectname) [203ms]
2026-09-07 17:48:20.614 [info] > git status -z -uall [251ms]
2026-09-07 17:48:22.631 [info] > git check-ignore -v -z --stdin [267ms]
2026-09-07 17:48:26.011 [info] > git check-ignore -v -z --stdin [150ms]
2026-09-07 17:48:26.995 [info] > git check-ignore -v -z --stdin [121ms]
2026-09-07 17:48:29.165 [info] > git check-ignore -v -z --stdin [185ms]
2026-09-07 17:48:30.835 [info] > git config --get commit.template [811ms]
2026-09-07 17:48:31.018 [info] > git check-ignore -v -z --stdin [363ms]
2026-09-07 17:48:31.034 [info] > git for-each-ref --format=%(refname)%00%(upstream:short)%00%(objectname)%00%(upstream:track)%00%(upstream:remotename)%00%(upstream:remoteref) --ignore-case refs/heads/main refs/remotes/main [918ms]
2026-09-07 17:48:31.798 [info] > git status -z -uall [708ms]
2026-09-07 17:48:32.072 [info] > git for-each-ref --sort -committerdate --format %(refname)%00%(objectname)%00%(*objectname) [973ms]
2026-09-07 17:48:32.938 [info] > git check-ignore -v -z --stdin [1439ms]
2026-09-07 17:48:33.904 [info] > git check-ignore -v -z --stdin [853ms]
2026-09-07 17:49:01.267 [info] > git config --get commit.template [1531ms]
2026-09-07 17:49:01.314 [info] > git for-each-ref --format=%(refname)%00%(upstream:short)%00%(objectname)%00%(upstream:track)%00%(upstream:remotename)%00%(upstream:remoteref) --ignore-case refs/heads/main refs/remotes/main [1330ms]
2026-09-07 17:49:01.651 [info] > git for-each-ref --sort -committerdate --format %(refname)%00%(objectname)%00%(*objectname) [304ms]
2026-09-07 17:49:01.664 [info] > git status -z -uall [334ms]
2026-09-07 17:49:02.215 [info] > git check-ignore -v -z --stdin [189ms]
2026-09-07 17:49:07.098 [info] > git check-ignore -v -z --stdin [148ms]
2026-09-07 17:49:08.746 [info] > git check-ignore -v -z --stdin [957ms]
2026-09-07 17:49:12.452 [info] > git config --get commit.template [674ms]
2026-09-07 17:49:12.925 [info] > git for-each-ref --format=%(refname)%00%(upstream:short)%00%(objectname)%00%(upstream:track)%00%(upstream:remotename)%00%(upstream:remoteref) --ignore-case refs/heads/main refs/remotes/main [1082ms]
2026-09-07 17:49:13.220 [info] > git status -z -uall [287ms]
2026-09-07 17:49:13.264 [info] > git for-each-ref --sort -committerdate --format %(refname)%00%(objectname)%00%(*objectname) [321ms]
2026-09-07 17:49:13.896 [info] > git check-ignore -v -z --stdin [297ms]
2026-09-07 17:49:18.577 [info] > git config --get commit.template [204ms]
2026-09-07 17:49:18.599 [info] > git for-each-ref --format=%(refname)%00%(upstream:short)%00%(objectname)%00%(upstream:track)%00%(upstream:remotename)%00%(upstream:remoteref) --ignore-case refs/heads/main refs/remotes/main [173ms]
2026-09-07 17:49:18.828 [info] > git for-each-ref --sort -committerdate --format %(refname)%00%(objectname)%00%(*objectname) [209ms]
2026-09-07 17:49:18.846 [info] > git status -z -uall [238ms]
2026-09-07 17:49:19.408 [info] > git check-ignore -v -z --stdin [207ms]
2026-09-07 17:49:23.432 [info] > git check-ignore -v -z --stdin [600ms]
2026-09-07 17:49:23.881 [info] > git check-ignore -v -z --stdin [161ms]
2026-09-07 17:49:25.405 [info] > git config --get commit.template [174ms]
2026-09-07 17:49:25.412 [info] > git for-each-ref --format=%(refname)%00%(upstream:short)%00%(objectname)%00%(upstream:track)%00%(upstream:remotename)%00%(upstream:remoteref) --ignore-case refs/heads/main refs/remotes/main [173ms]
2026-09-07 17:49:25.648 [info] > git for-each-ref --sort -committerdate --format %(refname)%00%(objectname)%00%(*objectname) [218ms]
2026-09-07 17:49:25.661 [info] > git status -z -uall [240ms]
2026-09-07 17:49:26.179 [info] > git check-ignore -v -z --stdin [141ms]
2026-09-07 17:50:44.827 [info] > git config --get commit.template [805ms]
2026-09-07 17:50:44.898 [info] > git for-each-ref --format=%(refname)%00%(upstream:short)%00%(objectname)%00%(upstream:track)%00%(upstream:remotename)%00%(upstream:remoteref) --ignore-case refs/heads/main refs/remotes/main [620ms]
2026-09-07 17:50:45.231 [info] > git for-each-ref --sort -committerdate --format %(refname)%00%(objectname)%00%(*objectname) [302ms]
2026-09-07 17:50:45.262 [info] > git status -z -uall [351ms]
2026-09-07 17:50:45.793 [info] > git check-ignore -v -z --stdin [129ms]
2026-09-07 17:50:47.557 [info] > git check-ignore -v -z --stdin [531ms]
2026-09-07 17:50:47.804 [info] > git check-ignore -v -z --stdin [132ms]
2026-09-07 17:50:50.850 [info] > git config --get commit.template [346ms]
2026-09-07 17:50:50.864 [info] > git for-each-ref --format=%(refname)%00%(upstream:short)%00%(objectname)%00%(upstream:track)%00%(upstream:remotename)%00%(upstream:remoteref) --ignore-case refs/heads/main refs/remotes/main [348ms]
2026-09-07 17:50:51.111 [info] > git status -z -uall [238ms]
2026-09-07 17:50:51.162 [info] > git for-each-ref --sort -committerdate --format %(refname)%00%(objectname)%00%(*objectname) [279ms]
2026-09-07 17:50:53.189 [info] > git check-ignore -v -z --stdin [1091ms]
2026-09-07 17:50:57.397 [info] > git check-ignore -v -z --stdin [1296ms]
2026-09-07 17:50:57.469 [info] > git for-each-ref --format=%(refname)%00%(upstream:short)%00%(objectname)%00%(upstream:track)%00%(upstream:remotename)%00%(upstream:remoteref) --ignore-case refs/heads/main refs/remotes/main [961ms]
2026-09-07 17:50:57.585 [info] > git config --get commit.template [1317ms]
2026-09-07 17:50:58.191 [info] > git check-ignore -v -z --stdin [615ms]
2026-09-07 17:50:58.274 [info] > git status -z -uall [680ms]
2026-09-07 17:50:58.339 [info] > git for-each-ref --sort -committerdate --format %(refname)%00%(objectname)%00%(*objectname) [723ms]
2026-09-07 17:50:58.806 [info] > git check-ignore -v -z --stdin [485ms]
2026-09-07 17:51:00.058 [info] > git check-ignore -v -z --stdin [742ms]
2026-09-07 17:51:01.381 [info] > git check-ignore -v -z --stdin [1177ms]
2026-09-07 17:51:02.523 [info] > git check-ignore -v -z --stdin [671ms]
2026-09-07 17:51:03.044 [info] > git check-ignore -v -z --stdin [285ms]
2026-09-07 17:51:04.462 [info] > git for-each-ref --format=%(refname)%00%(upstream:short)%00%(objectname)%00%(upstream:track)%00%(upstream:remotename)%00%(upstream:remoteref) --ignore-case refs/heads/main refs/remotes/main [646ms]
2026-09-07 17:51:04.467 [info] > git config --get commit.template [739ms]
2026-09-07 17:51:07.134 [info] > git status -z -uall [2638ms]
2026-09-07 17:51:07.140 [info] > git for-each-ref --sort -committerdate --format %(refname)%00%(objectname)%00%(*objectname) [2413ms]
2026-09-07 17:51:09.412 [info] > git check-ignore -v -z --stdin [1451ms]
2026-09-07 17:51:13.407 [info] > git config --get commit.template [693ms]
2026-09-07 17:51:13.709 [info] > git for-each-ref --format=%(refname)%00%(upstream:short)%00%(objectname)%00%(upstream:track)%00%(upstream:remotename)%00%(upstream:remoteref) --ignore-case refs/heads/main refs/remotes/main [969ms]
2026-09-07 17:51:14.148 [info] > git for-each-ref --sort -committerdate --format %(refname)%00%(objectname)%00%(*objectname) [330ms]
2026-09-07 17:51:14.216 [info] > git status -z -uall [425ms]
2026-09-07 17:51:14.708 [info] > git check-ignore -v -z --stdin [161ms]
2026-09-07 17:51:17.305 [info] > git check-ignore -v -z --stdin [488ms]
2026-09-07 17:51:20.025 [info] > git for-each-ref --format=%(refname)%00%(upstream:short)%00%(objectname)%00%(upstream:track)%00%(upstream:remotename)%00%(upstream:remoteref) --ignore-case refs/heads/main refs/remotes/main [750ms]
2026-09-07 17:51:20.133 [info] > git config --get commit.template [870ms]
2026-09-07 17:51:21.329 [info] > git status -z -uall [1185ms]
2026-09-07 17:51:21.379 [info] > git for-each-ref --sort -committerdate --format %(refname)%00%(objectname)%00%(*objectname) [1178ms]
2026-09-07 17:51:21.558 [info] > git check-ignore -v -z --stdin [1734ms]
2026-09-07 17:51:26.522 [info] > git check-ignore -v -z --stdin [1714ms]
2026-09-07 17:51:28.831 [info] > git for-each-ref --format=%(refname)%00%(upstream:short)%00%(objectname)%00%(upstream:track)%00%(upstream:remotename)%00%(upstream:remoteref) --ignore-case refs/heads/main refs/remotes/main [1665ms]
2026-09-07 17:51:28.840 [info] > git config --get commit.template [1685ms]
2026-09-07 17:51:29.574 [info] > git status -z -uall [680ms]
2026-09-07 17:51:29.751 [info] > git for-each-ref --sort -committerdate --format %(refname)%00%(objectname)%00%(*objectname) [847ms]
2026-09-07 17:51:29.860 [info] > git check-ignore -v -z --stdin [474ms]
2026-09-07 17:51:43.157 [info] > git check-ignore -v -z --stdin [4859ms]
2026-09-07 17:51:43.472 [info] > git config --get commit.template [1402ms]
2026-09-07 17:51:43.498 [info] > git for-each-ref --format=%(refname)%00%(upstream:short)%00%(objectname)%00%(upstream:track)%00%(upstream:remotename)%00%(upstream:remoteref) --ignore-case refs/heads/main refs/remotes/main [1219ms]
2026-09-07 17:51:45.752 [info] > git status -z -uall [2203ms]
2026-09-07 17:51:45.927 [info] > git check-ignore -v -z --stdin [1568ms]
2026-09-07 17:51:45.992 [info] > git for-each-ref --sort -committerdate --format %(refname)%00%(objectname)%00%(*objectname) [2282ms]
2026-09-07 17:51:47.039 [info] > git check-ignore -v -z --stdin [605ms]
2026-09-07 17:51:47.790 [info] > git check-ignore -v -z --stdin [591ms]
2026-09-07 17:51:52.041 [info] > git config --get commit.template [798ms]
2026-09-07 17:51:52.142 [info] > git for-each-ref --format=%(refname)%00%(upstream:short)%00%(objectname)%00%(upstream:track)%00%(upstream:remotename)%00%(upstream:remoteref) --ignore-case refs/heads/main refs/remotes/main [886ms]
2026-09-07 17:51:52.991 [info] > git for-each-ref --sort -committerdate --format %(refname)%00%(objectname)%00%(*objectname) [747ms]
2026-09-07 17:51:52.999 [info] > git status -z -uall [769ms]
2026-09-07 17:51:53.204 [info] > git check-ignore -v -z --stdin [597ms]
2026-09-07 17:51:54.537 [info] > git check-ignore -v -z --stdin [1202ms]
2026-09-07 17:51:55.423 [info] > git check-ignore -v -z --stdin [724ms]
2026-09-07 17:52:14.664 [info] > git config --get commit.template [1435ms]
2026-09-07 17:52:14.699 [info] > git for-each-ref --format=%(refname)%00%(upstream:short)%00%(objectname)%00%(upstream:track)%00%(upstream:remotename)%00%(upstream:remoteref) --ignore-case refs/heads/main refs/remotes/main [1348ms]
2026-09-07 17:52:14.910 [info] > git for-each-ref --sort -committerdate --format %(refname)%00%(objectname)%00%(*objectname) [191ms]
2026-09-07 17:52:14.935 [info] > git status -z -uall [227ms]
2026-09-07 17:52:20.954 [info] > git config --get commit.template [994ms]
2026-09-07 17:52:20.969 [info] > git check-ignore -v -z --stdin [738ms]
2026-09-07 17:52:21.247 [info] > git for-each-ref --format=%(refname)%00%(upstream:short)%00%(objectname)%00%(upstream:track)%00%(upstream:remotename)%00%(upstream:remoteref) --ignore-case refs/heads/main refs/remotes/main [1263ms]
2026-09-07 17:52:21.853 [info] > git show --textconv :src/app/pages/dashboard/dashboard.css [833ms]
2026-09-07 17:52:21.864 [info] > git show --textconv HEAD:src/app/pages/dashboard/dashboard.css [742ms]
2026-09-07 17:52:21.905 [info] > git ls-tree -l HEAD -- src/app/pages/dashboard/dashboard.css [717ms]
2026-09-07 17:52:21.911 [info] > git ls-files --stage -- src/app/pages/dashboard/dashboard.css [738ms]
2026-09-07 17:52:22.098 [info] > git status -z -uall [838ms]
2026-09-07 17:52:22.162 [info] > git for-each-ref --sort -committerdate --format %(refname)%00%(objectname)%00%(*objectname) [889ms]
2026-09-07 17:52:22.328 [info] > git cat-file -s a144600715a28dcd011be49d73c26b028502613b [403ms]
2026-09-07 17:52:22.666 [info] > git check-ignore -v -z --stdin [162ms]
2026-09-07 17:52:26.688 [info] > git check-ignore -v -z --stdin [178ms]
2026-09-07 17:52:27.185 [info] > git check-ignore -v -z --stdin [133ms]
2026-09-07 17:52:29.030 [info] > git check-ignore -v -z --stdin [886ms]
2026-09-07 17:52:34.548 [info] > git config --get commit.template [1619ms]
2026-09-07 17:52:34.561 [info] > git check-ignore -v -z --stdin [1658ms]
2026-09-07 17:52:34.570 [info] > git for-each-ref --format=%(refname)%00%(upstream:short)%00%(objectname)%00%(upstream:track)%00%(upstream:remotename)%00%(upstream:remoteref) --ignore-case refs/heads/main refs/remotes/main [1447ms]
2026-09-07 17:52:36.305 [info] > git for-each-ref --sort -committerdate --format %(refname)%00%(objectname)%00%(*objectname) [721ms]
2026-09-07 17:52:36.436 [info] > git status -z -uall [861ms]
2026-09-07 17:52:37.102 [info] > git check-ignore -v -z --stdin [144ms]
2026-09-07 17:52:47.253 [info] > git config --get commit.template [1887ms]
2026-09-07 17:52:47.424 [info] > git for-each-ref --format=%(refname)%00%(upstream:short)%00%(objectname)%00%(upstream:track)%00%(upstream:remotename)%00%(upstream:remoteref) --ignore-case refs/heads/main refs/remotes/main [1883ms]
2026-09-07 17:52:48.176 [info] > git for-each-ref --sort -committerdate --format %(refname)%00%(objectname)%00%(*objectname) [552ms]
2026-09-07 17:52:48.370 [info] > git status -z -uall [768ms]
2026-09-07 17:52:53.561 [info] > git check-ignore -v -z --stdin [132ms]
2026-09-07 17:52:55.086 [info] > git check-ignore -v -z --stdin [558ms]
2026-09-07 17:52:55.342 [info] > git check-ignore -v -z --stdin [142ms]
2026-09-07 17:52:58.554 [info] > git for-each-ref --format=%(refname)%00%(upstream:short)%00%(objectname)%00%(upstream:track)%00%(upstream:remotename)%00%(upstream:remoteref) --ignore-case refs/heads/main refs/remotes/main [1467ms]
2026-09-07 17:52:58.555 [info] > git config --get commit.template [1487ms]
2026-09-07 17:52:59.053 [info] > git for-each-ref --sort -committerdate --format %(refname)%00%(objectname)%00%(*objectname) [460ms]
2026-09-07 17:52:59.113 [info] > git status -z -uall [528ms]
2026-09-07 17:52:59.561 [info] > git check-ignore -v -z --stdin [115ms]
2026-09-07 17:53:06.423 [info] > git check-ignore -v -z --stdin [167ms]
2026-09-07 17:53:07.143 [info] > git check-ignore -v -z --stdin [400ms]
2026-09-07 17:53:10.817 [info] > git for-each-ref --format=%(refname)%00%(upstream:short)%00%(objectname)%00%(upstream:track)%00%(upstream:remotename)%00%(upstream:remoteref) --ignore-case refs/heads/main refs/remotes/main [991ms]
2026-09-07 17:53:10.873 [info] > git config --get commit.template [1754ms]
2026-09-07 17:53:11.381 [info] > git status -z -uall [482ms]
2026-09-07 17:53:12.428 [info] > git for-each-ref --sort -committerdate --format %(refname)%00%(objectname)%00%(*objectname) [1239ms]
2026-09-07 17:53:12.969 [info] > git check-ignore -v -z --stdin [154ms]
2026-09-07 17:53:17.765 [info] > git config --get commit.template [226ms]
2026-09-07 17:53:17.777 [info] > git for-each-ref --format=%(refname)%00%(upstream:short)%00%(objectname)%00%(upstream:track)%00%(upstream:remotename)%00%(upstream:remoteref) --ignore-case refs/heads/main refs/remotes/main [224ms]
2026-09-07 17:53:18.203 [info] > git status -z -uall [414ms]
2026-09-07 17:53:18.213 [info] > git for-each-ref --sort -committerdate --format %(refname)%00%(objectname)%00%(*objectname) [412ms]
2026-09-07 17:53:18.385 [info] > git check-ignore -v -z --stdin [209ms]
2026-09-07 17:53:18.948 [info] > git check-ignore -v -z --stdin [187ms]
2026-09-07 17:53:29.673 [info] > git config --get commit.template [975ms]
2026-09-07 17:53:29.677 [info] > git for-each-ref --format=%(refname)%00%(upstream:short)%00%(objectname)%00%(upstream:track)%00%(upstream:remotename)%00%(upstream:remoteref) --ignore-case refs/heads/main refs/remotes/main [958ms]
2026-09-07 17:53:30.020 [info] > git for-each-ref --sort -committerdate --format %(refname)%00%(objectname)%00%(*objectname) [320ms]
2026-09-07 17:53:30.046 [info] > git status -z -uall [358ms]
2026-09-07 17:53:30.720 [info] > git check-ignore -v -z --stdin [315ms]
2026-09-07 17:53:34.146 [info] > git check-ignore -v -z --stdin [132ms]
2026-09-07 17:53:37.180 [info] > git config --get commit.template [214ms]
2026-09-07 17:53:39.240 [info] > git for-each-ref --format=%(refname)%00%(upstream:short)%00%(objectname)%00%(upstream:track)%00%(upstream:remotename)%00%(upstream:remoteref) --ignore-case refs/heads/main refs/remotes/main [2062ms]
2026-09-07 17:53:39.779 [info] > git check-ignore -v -z --stdin [1848ms]
2026-09-07 17:53:40.166 [info] > git status -z -uall [706ms]
2026-09-07 17:53:40.168 [info] > git for-each-ref --sort -committerdate --format %(refname)%00%(objectname)%00%(*objectname) [566ms]
2026-09-07 17:53:48.478 [info] > git check-ignore -v -z --stdin [443ms]
2026-09-07 17:54:03.083 [info] > git check-ignore -v -z --stdin [5299ms]
2026-09-07 17:54:04.503 [info] > git config --get commit.template [1522ms]
2026-09-07 17:54:04.653 [info] > git for-each-ref --format=%(refname)%00%(upstream:short)%00%(objectname)%00%(upstream:track)%00%(upstream:remotename)%00%(upstream:remoteref) --ignore-case refs/heads/main refs/remotes/main [1649ms]
2026-09-07 17:54:07.855 [info] > git check-ignore -v -z --stdin [4012ms]
2026-09-07 17:54:08.243 [info] > git status -z -uall [3574ms]
2026-09-07 17:54:08.304 [info] > git for-each-ref --sort -committerdate --format %(refname)%00%(objectname)%00%(*objectname) [3618ms]
2026-09-07 17:54:10.101 [info] > git check-ignore -v -z --stdin [1165ms]
2026-09-07 17:54:11.666 [info] > git check-ignore -v -z --stdin [596ms]
2026-09-07 17:54:12.256 [info] > git check-ignore -v -z --stdin [161ms]
2026-09-07 17:54:13.266 [info] > git check-ignore -v -z --stdin [116ms]
2026-09-07 17:54:14.884 [info] > git config --get commit.template [519ms]
2026-09-07 17:54:15.683 [info] > git for-each-ref --format=%(refname)%00%(upstream:short)%00%(objectname)%00%(upstream:track)%00%(upstream:remotename)%00%(upstream:remoteref) --ignore-case refs/heads/main refs/remotes/main [1289ms]
2026-09-07 17:54:15.981 [info] > git check-ignore -v -z --stdin [1077ms]
2026-09-07 17:54:16.427 [info] > git for-each-ref --sort -committerdate --format %(refname)%00%(objectname)%00%(*objectname) [654ms]
2026-09-07 17:54:16.448 [info] > git status -z -uall [749ms]
2026-09-07 17:54:18.002 [info] > git check-ignore -v -z --stdin [413ms]
2026-09-07 17:54:25.678 [info] > git config --get commit.template [1717ms]
2026-09-07 17:54:25.840 [info] > git for-each-ref --format=%(refname)%00%(upstream:short)%00%(objectname)%00%(upstream:track)%00%(upstream:remotename)%00%(upstream:remoteref) --ignore-case refs/heads/main refs/remotes/main [543ms]
2026-09-07 17:54:26.188 [info] > git status -z -uall [334ms]
2026-09-07 17:54:26.253 [info] > git for-each-ref --sort -committerdate --format %(refname)%00%(objectname)%00%(*objectname) [386ms]
2026-09-07 17:54:27.273 [info] > git check-ignore -v -z --stdin [671ms]
2026-09-07 17:54:30.100 [info] > git check-ignore -v -z --stdin [398ms]
2026-09-07 17:54:37.393 [info] > git config --get commit.template [563ms]
2026-09-07 17:54:37.449 [info] > git for-each-ref --format=%(refname)%00%(upstream:short)%00%(objectname)%00%(upstream:track)%00%(upstream:remotename)%00%(upstream:remoteref) --ignore-case refs/heads/main refs/remotes/main [523ms]
2026-09-07 17:54:37.671 [info] > git for-each-ref --sort -committerdate --format %(refname)%00%(objectname)%00%(*objectname) [192ms]
2026-09-07 17:54:37.677 [info] > git status -z -uall [214ms]
2026-09-07 17:54:38.203 [info] > git check-ignore -v -z --stdin [181ms]
2026-09-07 17:54:43.182 [info] > git config --get commit.template [475ms]
2026-09-07 17:54:43.190 [info] > git for-each-ref --format=%(refname)%00%(upstream:short)%00%(objectname)%00%(upstream:track)%00%(upstream:remotename)%00%(upstream:remoteref) --ignore-case refs/heads/main refs/remotes/main [474ms]
2026-09-07 17:54:43.401 [info] > git for-each-ref --sort -committerdate --format %(refname)%00%(objectname)%00%(*objectname) [190ms]
2026-09-07 17:54:43.415 [info] > git status -z -uall [215ms]
2026-09-07 17:54:43.940 [info] > git check-ignore -v -z --stdin [181ms]
2026-09-07 17:54:46.660 [info] > git check-ignore -v -z --stdin [389ms]
2026-09-07 17:54:47.587 [info] > git check-ignore -v -z --stdin [456ms]
2026-09-07 17:54:48.403 [info] > git check-ignore -v -z --stdin [430ms]
2026-09-07 17:54:50.865 [info] > git check-ignore -v -z --stdin [1167ms]
2026-09-07 17:54:51.315 [info] > git config --get commit.template [548ms]
2026-09-07 17:54:51.699 [info] > git for-each-ref --format=%(refname)%00%(upstream:short)%00%(objectname)%00%(upstream:track)%00%(upstream:remotename)%00%(upstream:remoteref) --ignore-case refs/heads/main refs/remotes/main [897ms]
2026-09-07 17:54:52.387 [info] > git check-ignore -v -z --stdin [1245ms]
2026-09-07 17:54:53.109 [info] > git for-each-ref --sort -committerdate --format %(refname)%00%(objectname)%00%(*objectname) [1335ms]
2026-09-07 17:54:53.988 [info] > git status -z -uall [2270ms]
2026-09-07 17:54:53.988 [info] > git check-ignore -v -z --stdin [1135ms]
2026-09-07 17:54:55.319 [info] > git check-ignore -v -z --stdin [650ms]
2026-09-07 17:54:56.043 [info] > git check-ignore -v -z --stdin [538ms]
2026-09-07 17:54:57.768 [info] > git check-ignore -v -z --stdin [835ms]
2026-09-07 17:54:59.850 [info] > git for-each-ref --format=%(refname)%00%(upstream:short)%00%(objectname)%00%(upstream:track)%00%(upstream:remotename)%00%(upstream:remoteref) --ignore-case refs/heads/main refs/remotes/main [808ms]
2026-09-07 17:55:00.081 [info] > git check-ignore -v -z --stdin [1919ms]
2026-09-07 17:55:00.097 [info] > git config --get commit.template [1072ms]
2026-09-07 17:55:00.900 [info] > git status -z -uall [766ms]
2026-09-07 17:55:00.997 [info] > git for-each-ref --sort -committerdate --format %(refname)%00%(objectname)%00%(*objectname) [762ms]
2026-09-07 17:55:01.886 [info] > git check-ignore -v -z --stdin [1027ms]
2026-09-07 17:55:02.774 [info] > git check-ignore -v -z --stdin [606ms]
2026-09-07 17:55:08.965 [info] > git config --get commit.template [1997ms]
2026-09-07 17:55:09.032 [info] > git for-each-ref --format=%(refname)%00%(upstream:short)%00%(objectname)%00%(upstream:track)%00%(upstream:remotename)%00%(upstream:remoteref) --ignore-case refs/heads/main refs/remotes/main [1983ms]
2026-09-07 17:55:09.515 [info] > git for-each-ref --sort -committerdate --format %(refname)%00%(objectname)%00%(*objectname) [458ms]
2026-09-07 17:55:09.545 [info] > git status -z -uall [500ms]
2026-09-07 17:55:10.791 [info] > git check-ignore -v -z --stdin [234ms]
2026-09-07 17:55:12.216 [info] > git check-ignore -v -z --stdin [307ms]
2026-09-07 17:55:15.302 [info] > git check-ignore -v -z --stdin [686ms]
2026-09-07 17:55:15.381 [info] > git for-each-ref --format=%(refname)%00%(upstream:short)%00%(objectname)%00%(upstream:track)%00%(upstream:remotename)%00%(upstream:remoteref) --ignore-case refs/heads/main refs/remotes/main [750ms]
2026-09-07 17:55:15.502 [info] > git config --get commit.template [917ms]
2026-09-07 17:55:16.783 [info] > git status -z -uall [1265ms]
2026-09-07 17:55:16.800 [info] > git for-each-ref --sort -committerdate --format %(refname)%00%(objectname)%00%(*objectname) [1225ms]
2026-09-07 17:55:17.344 [info] > git check-ignore -v -z --stdin [217ms]
2026-09-07 17:55:22.497 [info] > git for-each-ref --format=%(refname)%00%(upstream:short)%00%(objectname)%00%(upstream:track)%00%(upstream:remotename)%00%(upstream:remoteref) --ignore-case refs/heads/main refs/remotes/main [613ms]
2026-09-07 17:55:22.497 [info] > git config --get commit.template [624ms]
2026-09-07 17:55:22.899 [info] > git status -z -uall [384ms]
2026-09-07 17:55:22.938 [info] > git for-each-ref --sort -committerdate --format %(refname)%00%(objectname)%00%(*objectname) [411ms]
2026-09-07 17:55:22.978 [info] > git check-ignore -v -z --stdin [484ms]
2026-09-07 17:55:23.696 [info] > git check-ignore -v -z --stdin [480ms]
2026-09-07 17:55:24.101 [info] > git check-ignore -v -z --stdin [297ms]
2026-09-07 17:55:24.445 [info] > git check-ignore -v -z --stdin [171ms]
2026-09-07 17:55:27.000 [info] > git check-ignore -v -z --stdin [1196ms]
2026-09-07 17:55:29.769 [info] > git config --get commit.template [1677ms]
2026-09-07 17:55:29.951 [info] > git for-each-ref --format=%(refname)%00%(upstream:short)%00%(objectname)%00%(upstream:track)%00%(upstream:remotename)%00%(upstream:remoteref) --ignore-case refs/heads/main refs/remotes/main [1320ms]
2026-09-07 17:55:30.607 [info] > git for-each-ref --sort -committerdate --format %(refname)%00%(objectname)%00%(*objectname) [575ms]
2026-09-07 17:55:30.661 [info] > git status -z -uall [675ms]
2026-09-07 17:55:31.860 [info] > git check-ignore -v -z --stdin [193ms]
2026-09-07 17:55:40.198 [info] > git check-ignore -v -z --stdin [227ms]
2026-09-07 17:55:42.291 [info] > git check-ignore -v -z --stdin [735ms]
2026-09-07 17:55:42.735 [info] > git check-ignore -v -z --stdin [164ms]
2026-09-07 17:55:45.670 [info] > git config --get commit.template [753ms]
2026-09-07 17:55:46.505 [info] > git for-each-ref --format=%(refname)%00%(upstream:short)%00%(objectname)%00%(upstream:track)%00%(upstream:remotename)%00%(upstream:remoteref) --ignore-case refs/heads/main refs/remotes/main [1239ms]
2026-09-07 17:55:47.056 [info] > git check-ignore -v -z --stdin [505ms]
2026-09-07 17:55:47.800 [info] > git status -z -uall [1232ms]
2026-09-07 17:55:47.802 [info] > git for-each-ref --sort -committerdate --format %(refname)%00%(objectname)%00%(*objectname) [1220ms]
2026-09-07 17:55:49.342 [info] > git check-ignore -v -z --stdin [1142ms]
2026-09-07 17:55:50.197 [info] > git check-ignore -v -z --stdin [665ms]
2026-09-07 17:55:50.832 [info] > git check-ignore -v -z --stdin [436ms]
2026-09-07 17:55:52.648 [info] > git check-ignore -v -z --stdin [203ms]
2026-09-07 17:55:54.373 [info] > git config --get commit.template [1549ms]
2026-09-07 17:55:54.561 [info] > git for-each-ref --format=%(refname)%00%(upstream:short)%00%(objectname)%00%(upstream:track)%00%(upstream:remotename)%00%(upstream:remoteref) --ignore-case refs/heads/main refs/remotes/main [1726ms]
2026-09-07 17:55:58.771 [info] > git for-each-ref --sort -committerdate --format %(refname)%00%(objectname)%00%(*objectname) [3641ms]
2026-09-07 17:55:59.148 [info] > git status -z -uall [4514ms]
2026-09-07 17:56:06.122 [info] > git check-ignore -v -z --stdin [1292ms]
2026-09-07 17:56:11.098 [info] > git config --get commit.template [485ms]
2026-09-07 17:56:11.122 [info] > git for-each-ref --format=%(refname)%00%(upstream:short)%00%(objectname)%00%(upstream:track)%00%(upstream:remotename)%00%(upstream:remoteref) --ignore-case refs/heads/main refs/remotes/main [474ms]
2026-09-07 17:56:11.498 [info] > git status -z -uall [348ms]
2026-09-07 17:56:11.530 [info] > git for-each-ref --sort -committerdate --format %(refname)%00%(objectname)%00%(*objectname) [325ms]
2026-09-07 17:56:12.398 [info] > git check-ignore -v -z --stdin [521ms]
2026-09-07 17:56:15.263 [info] > git check-ignore -v -z --stdin [260ms]
2026-09-07 17:56:16.995 [info] > git check-ignore -v -z --stdin [657ms]
2026-09-07 17:56:17.356 [info] > git check-ignore -v -z --stdin [212ms]
2026-09-07 17:56:17.750 [info] > git check-ignore -v -z --stdin [229ms]
2026-09-07 17:56:19.647 [info] > git check-ignore -v -z --stdin [1127ms]
2026-09-07 17:56:20.161 [info] > git config --get commit.template [998ms]
2026-09-07 17:56:20.210 [info] > git for-each-ref --format=%(refname)%00%(upstream:short)%00%(objectname)%00%(upstream:track)%00%(upstream:remotename)%00%(upstream:remoteref) --ignore-case refs/heads/main refs/remotes/main [1027ms]
2026-09-07 17:56:21.229 [info] > git for-each-ref --sort -committerdate --format %(refname)%00%(objectname)%00%(*objectname) [988ms]
2026-09-07 17:56:21.301 [info] > git status -z -uall [1074ms]
2026-09-07 17:56:22.006 [info] > git check-ignore -v -z --stdin [357ms]
2026-09-07 17:56:22.850 [info] > git check-ignore -v -z --stdin [188ms]
2026-09-07 17:56:48.644 [info] > git config --get commit.template [1253ms]
2026-09-07 17:56:48.701 [info] > git for-each-ref --format=%(refname)%00%(upstream:short)%00%(objectname)%00%(upstream:track)%00%(upstream:remotename)%00%(upstream:remoteref) --ignore-case refs/heads/main refs/remotes/main [1294ms]
2026-09-07 17:56:48.991 [info] > git for-each-ref --sort -committerdate --format %(refname)%00%(objectname)%00%(*objectname) [265ms]
2026-09-07 17:56:49.065 [info] > git status -z -uall [355ms]
2026-09-07 17:56:49.553 [info] > git check-ignore -v -z --stdin [135ms]
2026-09-07 17:56:54.794 [info] > git config --get commit.template [497ms]
2026-09-07 17:56:55.008 [info] > git for-each-ref --format=%(refname)%00%(upstream:short)%00%(objectname)%00%(upstream:track)%00%(upstream:remotename)%00%(upstream:remoteref) --ignore-case refs/heads/main refs/remotes/main [685ms]
2026-09-07 17:56:55.561 [info] > git status -z -uall [402ms]
2026-09-07 17:56:55.581 [info] > git for-each-ref --sort -committerdate --format %(refname)%00%(objectname)%00%(*objectname) [268ms]
2026-09-07 17:56:56.819 [info] > git check-ignore -v -z --stdin [904ms]
2026-09-07 17:59:52.621 [info] > git check-ignore -v -z --stdin [732ms]
2026-09-07 17:59:53.045 [info] > git check-ignore -v -z --stdin [165ms]
2026-09-07 17:59:56.321 [info] > git for-each-ref --format=%(refname)%00%(upstream:short)%00%(objectname)%00%(upstream:track)%00%(upstream:remotename)%00%(upstream:remoteref) --ignore-case refs/heads/main refs/remotes/main [1989ms]
2026-09-07 17:59:56.322 [info] > git config --get commit.template [2017ms]
2026-09-07 17:59:56.516 [info] > git check-ignore -v -z --stdin [2123ms]
2026-09-07 17:59:59.008 [info] > git for-each-ref --sort -committerdate --format %(refname)%00%(objectname)%00%(*objectname) [2270ms]
2026-09-07 17:59:59.047 [info] > git status -z -uall [2318ms]
2026-09-07 17:59:59.112 [info] > git check-ignore -v -z --stdin [1928ms]
2026-09-07 18:00:00.655 [info] > git check-ignore -v -z --stdin [1356ms]
2026-09-07 18:00:02.394 [info] > git check-ignore -v -z --stdin [1560ms]
2026-09-07 18:01:50.811 [info] > git config --get commit.template [674ms]
2026-09-07 18:01:51.045 [info] > git for-each-ref --format=%(refname)%00%(upstream:short)%00%(objectname)%00%(upstream:track)%00%(upstream:remotename)%00%(upstream:remoteref) --ignore-case refs/heads/main refs/remotes/main [320ms]
2026-09-07 18:01:51.380 [info] > git for-each-ref --sort -committerdate --format %(refname)%00%(objectname)%00%(*objectname) [298ms]
2026-09-07 18:01:51.414 [info] > git status -z -uall [351ms]
2026-09-07 18:01:52.044 [info] > git check-ignore -v -z --stdin [204ms]
2026-09-07 18:01:56.706 [info] > git config --get commit.template [200ms]
2026-09-07 18:01:56.709 [info] > git for-each-ref --format=%(refname)%00%(upstream:short)%00%(objectname)%00%(upstream:track)%00%(upstream:remotename)%00%(upstream:remoteref) --ignore-case refs/heads/main refs/remotes/main [190ms]
2026-09-07 18:01:57.489 [info] > git for-each-ref --sort -committerdate --format %(refname)%00%(objectname)%00%(*objectname) [757ms]
2026-09-07 18:01:57.526 [info] > git status -z -uall [805ms]
2026-09-07 18:01:58.099 [info] > git check-ignore -v -z --stdin [127ms]
2026-09-07 18:01:58.848 [info] > git check-ignore -v -z --stdin [257ms]
2026-09-07 18:01:59.206 [info] > git check-ignore -v -z --stdin [143ms]
2026-09-07 18:01:59.445 [info] > git check-ignore -v -z --stdin [141ms]
2026-09-07 18:02:02.979 [info] > git config --get commit.template [417ms]
2026-09-07 18:02:02.994 [info] > git for-each-ref --format=%(refname)%00%(upstream:short)%00%(objectname)%00%(upstream:track)%00%(upstream:remotename)%00%(upstream:remoteref) --ignore-case refs/heads/main refs/remotes/main [390ms]
2026-09-07 18:02:03.342 [info] > git check-ignore -v -z --stdin [543ms]
2026-09-07 18:02:03.527 [info] > git status -z -uall [523ms]
2026-09-07 18:02:03.558 [info] > git for-each-ref --sort -committerdate --format %(refname)%00%(objectname)%00%(*objectname) [527ms]
2026-09-07 18:02:04.512 [info] > git check-ignore -v -z --stdin [465ms]
2026-09-07 18:02:11.164 [info] > git for-each-ref --format=%(refname)%00%(upstream:short)%00%(objectname)%00%(upstream:track)%00%(upstream:remotename)%00%(upstream:remoteref) --ignore-case refs/heads/main refs/remotes/main [2518ms]
2026-09-07 18:02:11.165 [info] > git config --get commit.template [2547ms]
2026-09-07 18:02:13.062 [info] > git check-ignore -v -z --stdin [1840ms]
2026-09-07 18:02:13.636 [info] > git status -z -uall [1842ms]
2026-09-07 18:02:13.673 [info] > git for-each-ref --sort -committerdate --format %(refname)%00%(objectname)%00%(*objectname) [1363ms]
2026-09-07 18:02:13.775 [info] > git check-ignore -v -z --stdin [465ms]
2026-09-07 18:02:14.362 [info] > git check-ignore -v -z --stdin [343ms]
2026-09-07 18:02:14.952 [info] > git check-ignore -v -z --stdin [348ms]
2026-09-07 18:02:15.748 [info] > git check-ignore -v -z --stdin [280ms]
2026-09-07 18:02:18.523 [info] > git check-ignore -v -z --stdin [2527ms]
2026-09-07 18:02:21.438 [info] > git check-ignore -v -z --stdin [2670ms]
2026-09-07 18:02:21.445 [info] > git for-each-ref --format=%(refname)%00%(upstream:short)%00%(objectname)%00%(upstream:track)%00%(upstream:remotename)%00%(upstream:remoteref) --ignore-case refs/heads/main refs/remotes/main [2725ms]
2026-09-07 18:02:21.446 [info] > git config --get commit.template [2735ms]
2026-09-07 18:02:23.542 [info] > git status -z -uall [2047ms]
2026-09-07 18:02:23.660 [info] > git check-ignore -v -z --stdin [1647ms]
2026-09-07 18:02:25.004 [info] > git for-each-ref --sort -committerdate --format %(refname)%00%(objectname)%00%(*objectname) [3451ms]
2026-09-07 18:02:27.138 [info] > git check-ignore -v -z --stdin [1208ms]
2026-09-07 18:02:28.488 [info] > git check-ignore -v -z --stdin [966ms]
2026-09-07 18:02:38.446 [info] > git config --get commit.template [1071ms]
2026-09-07 18:02:39.012 [info] > git for-each-ref --format=%(refname)%00%(upstream:short)%00%(objectname)%00%(upstream:track)%00%(upstream:remotename)%00%(upstream:remoteref) --ignore-case refs/heads/main refs/remotes/main [1600ms]
2026-09-07 18:02:42.010 [info] > git for-each-ref --sort -committerdate --format %(refname)%00%(objectname)%00%(*objectname) [2923ms]
2026-09-07 18:02:45.629 [info] > git status -z -uall [6604ms]
2026-09-07 18:02:50.538 [info] > git check-ignore -v -z --stdin [1897ms]
2026-09-07 18:02:51.619 [info] > git check-ignore -v -z --stdin [215ms]
2026-09-07 18:02:56.513 [info] > git config --get commit.template [392ms]
2026-09-07 18:02:56.560 [info] > git for-each-ref --format=%(refname)%00%(upstream:short)%00%(objectname)%00%(upstream:track)%00%(upstream:remotename)%00%(upstream:remoteref) --ignore-case refs/heads/main refs/remotes/main [430ms]
2026-09-07 18:02:56.757 [info] > git status -z -uall [187ms]
2026-09-07 18:02:56.763 [info] > git for-each-ref --sort -committerdate --format %(refname)%00%(objectname)%00%(*objectname) [181ms]
2026-09-07 18:02:57.327 [info] > git check-ignore -v -z --stdin [212ms]
2026-09-07 18:02:57.754 [info] > git check-ignore -v -z --stdin [233ms]
2026-09-07 18:02:58.443 [info] > git check-ignore -v -z --stdin [291ms]
2026-09-07 18:03:36.031 [info] > git for-each-ref --format=%(refname)%00%(upstream:short)%00%(objectname)%00%(upstream:track)%00%(upstream:remotename)%00%(upstream:remoteref) --ignore-case refs/heads/main refs/remotes/main [484ms]
2026-09-07 18:03:36.043 [info] > git config --get commit.template [890ms]
2026-09-07 18:03:36.456 [info] > git for-each-ref --sort -committerdate --format %(refname)%00%(objectname)%00%(*objectname) [384ms]
2026-09-07 18:03:36.478 [info] > git status -z -uall [423ms]
2026-09-07 18:03:36.992 [info] > git check-ignore -v -z --stdin [152ms]
2026-09-07 18:03:51.341 [info] > git check-ignore -v -z --stdin [1154ms]
2026-09-07 18:03:54.282 [info] > git check-ignore -v -z --stdin [777ms]
2026-09-07 18:03:55.350 [info] > git config --get commit.template [242ms]
2026-09-07 18:03:55.362 [info] > git for-each-ref --format=%(refname)%00%(upstream:short)%00%(objectname)%00%(upstream:track)%00%(upstream:remotename)%00%(upstream:remoteref) --ignore-case refs/heads/main refs/remotes/main [246ms]
2026-09-07 18:03:55.622 [info] > git status -z -uall [251ms]
2026-09-07 18:03:55.633 [info] > git for-each-ref --sort -committerdate --format %(refname)%00%(objectname)%00%(*objectname) [246ms]
2026-09-07 18:03:56.136 [info] > git check-ignore -v -z --stdin [150ms]
2026-09-07 18:04:01.081 [info] > git check-ignore -v -z --stdin [163ms]
2026-09-07 18:04:01.948 [info] > git check-ignore -v -z --stdin [140ms]
2026-09-07 18:04:02.256 [info] > git check-ignore -v -z --stdin [128ms]
2026-09-07 18:04:03.168 [info] > git check-ignore -v -z --stdin [604ms]
2026-09-07 18:04:04.258 [info] > git check-ignore -v -z --stdin [855ms]
2026-09-07 18:04:08.322 [info] > git check-ignore -v -z --stdin [3261ms]
2026-09-07 18:04:16.517 [info] > git config --get commit.template [797ms]
2026-09-07 18:04:16.606 [info] > git for-each-ref --format=%(refname)%00%(upstream:short)%00%(objectname)%00%(upstream:track)%00%(upstream:remotename)%00%(upstream:remoteref) --ignore-case refs/heads/main refs/remotes/main [862ms]
2026-09-07 18:04:17.813 [info] > git for-each-ref --sort -committerdate --format %(refname)%00%(objectname)%00%(*objectname) [1178ms]
2026-09-07 18:04:17.869 [info] > git status -z -uall [1249ms]
2026-09-07 18:04:18.743 [info] > git check-ignore -v -z --stdin [525ms]
2026-09-07 18:04:23.404 [info] > git for-each-ref --format=%(refname)%00%(upstream:short)%00%(objectname)%00%(upstream:track)%00%(upstream:remotename)%00%(upstream:remoteref) --ignore-case refs/heads/main refs/remotes/main [330ms]
2026-09-07 18:04:23.544 [info] > git config --get commit.template [564ms]
2026-09-07 18:04:25.573 [info] > git status -z -uall [1853ms]
2026-09-07 18:04:25.854 [info] > git for-each-ref --sort -committerdate --format %(refname)%00%(objectname)%00%(*objectname) [1723ms]
2026-09-07 18:04:27.392 [info] > git check-ignore -v -z --stdin [504ms]
2026-09-07 18:04:36.643 [info] > git check-ignore -v -z --stdin [693ms]
2026-09-07 18:04:37.099 [info] > git check-ignore -v -z --stdin [270ms]
2026-09-07 18:04:38.068 [info] > git check-ignore -v -z --stdin [798ms]
2026-09-07 18:04:38.400 [info] > git check-ignore -v -z --stdin [160ms]
2026-09-07 18:04:38.988 [info] > git check-ignore -v -z --stdin [154ms]
2026-09-07 18:04:41.161 [info] > git check-ignore -v -z --stdin [1247ms]
2026-09-07 18:04:43.847 [info] > git config --get commit.template [2521ms]
2026-09-07 18:04:43.871 [info] > git check-ignore -v -z --stdin [2405ms]
2026-09-07 18:04:44.130 [info] > git for-each-ref --format=%(refname)%00%(upstream:short)%00%(objectname)%00%(upstream:track)%00%(upstream:remotename)%00%(upstream:remoteref) --ignore-case refs/heads/main refs/remotes/main [2882ms]
2026-09-07 18:04:45.714 [info] > git for-each-ref --sort -committerdate --format %(refname)%00%(objectname)%00%(*objectname) [1468ms]
2026-09-07 18:04:45.736 [info] > git status -z -uall [1593ms]
2026-09-07 18:04:46.441 [info] > git check-ignore -v -z --stdin [353ms]
2026-09-07 18:04:47.479 [info] > git check-ignore -v -z --stdin [190ms]
2026-09-07 18:04:49.638 [info] > git check-ignore -v -z --stdin [440ms]
2026-09-07 18:04:49.985 [info] > git check-ignore -v -z --stdin [191ms]
2026-09-07 18:04:52.538 [info] > git config --get commit.template [1668ms]
2026-09-07 18:04:53.465 [info] > git check-ignore -v -z --stdin [615ms]
2026-09-07 18:04:53.759 [info] > git for-each-ref --format=%(refname)%00%(upstream:short)%00%(objectname)%00%(upstream:track)%00%(upstream:remotename)%00%(upstream:remoteref) --ignore-case refs/heads/main refs/remotes/main [926ms]
2026-09-07 18:04:54.130 [info] > git check-ignore -v -z --stdin [446ms]
2026-09-07 18:04:54.721 [info] > git for-each-ref --sort -committerdate --format %(refname)%00%(objectname)%00%(*objectname) [932ms]
2026-09-07 18:04:54.957 [info] > git status -z -uall [1184ms]
2026-09-07 18:04:56.969 [info] > git check-ignore -v -z --stdin [2263ms]
2026-09-07 18:05:04.348 [info] > git check-ignore -v -z --stdin [6435ms]
2026-09-07 18:05:12.182 [info] > git config --get commit.template [2162ms]
2026-09-07 18:05:12.321 [info] > git for-each-ref --format=%(refname)%00%(upstream:short)%00%(objectname)%00%(upstream:track)%00%(upstream:remotename)%00%(upstream:remoteref) --ignore-case refs/heads/main refs/remotes/main [1809ms]
2026-09-07 18:05:13.179 [info] > git check-ignore -v -z --stdin [1224ms]
2026-09-07 18:05:13.283 [info] > git status -z -uall [944ms]
2026-09-07 18:05:13.368 [info] > git for-each-ref --sort -committerdate --format %(refname)%00%(objectname)%00%(*objectname) [988ms]
2026-09-07 18:05:15.563 [info] > git check-ignore -v -z --stdin [1786ms]
2026-09-07 18:05:17.501 [info] > git check-ignore -v -z --stdin [765ms]
2026-09-07 18:05:19.532 [info] > git check-ignore -v -z --stdin [1601ms]
2026-09-07 18:05:20.462 [info] > git for-each-ref --format=%(refname)%00%(upstream:short)%00%(objectname)%00%(upstream:track)%00%(upstream:remotename)%00%(upstream:remoteref) --ignore-case refs/heads/main refs/remotes/main [2026ms]
2026-09-07 18:05:20.471 [info] > git config --get commit.template [2059ms]
2026-09-07 18:05:21.766 [info] > git check-ignore -v -z --stdin [1633ms]
2026-09-07 18:05:22.188 [info] > git status -z -uall [1686ms]
2026-09-07 18:05:22.250 [info] > git for-each-ref --sort -committerdate --format %(refname)%00%(objectname)%00%(*objectname) [1406ms]
2026-09-07 18:05:28.778 [info] > git check-ignore -v -z --stdin [6197ms]
2026-09-07 18:05:55.076 [info] > git config --get commit.template [2883ms]
2026-09-07 18:05:55.307 [info] > git for-each-ref --format=%(refname)%00%(upstream:short)%00%(objectname)%00%(upstream:track)%00%(upstream:remotename)%00%(upstream:remoteref) --ignore-case refs/heads/main refs/remotes/main [2909ms]
2026-09-07 18:05:55.733 [info] > git for-each-ref --sort -committerdate --format %(refname)%00%(objectname)%00%(*objectname) [399ms]
2026-09-07 18:05:58.843 [info] > git status -z -uall [3525ms]
2026-09-07 18:06:05.274 [info] > git check-ignore -v -z --stdin [2039ms]
2026-09-07 18:06:07.499 [info] > git for-each-ref --format=%(refname)%00%(upstream:short)%00%(objectname)%00%(upstream:track)%00%(upstream:remotename)%00%(upstream:remoteref) --ignore-case refs/heads/main refs/remotes/main [2226ms]
2026-09-07 18:06:07.623 [info] > git config --get commit.template [2381ms]
2026-09-07 18:06:08.075 [info] > git check-ignore -v -z --stdin [995ms]
2026-09-07 18:06:08.325 [info] > git status -z -uall [694ms]
2026-09-07 18:06:08.409 [info] > git for-each-ref --sort -committerdate --format %(refname)%00%(objectname)%00%(*objectname) [768ms]
2026-09-07 18:06:09.163 [info] > git check-ignore -v -z --stdin [785ms]
2026-09-07 18:06:10.680 [info] > git check-ignore -v -z --stdin [1240ms]
2026-09-07 18:06:47.437 [info] > git config --get commit.template [1686ms]
2026-09-07 18:06:47.531 [info] > git for-each-ref --format=%(refname)%00%(upstream:short)%00%(objectname)%00%(upstream:track)%00%(upstream:remotename)%00%(upstream:remoteref) --ignore-case refs/heads/main refs/remotes/main [719ms]
2026-09-07 18:06:47.850 [info] > git for-each-ref --sort -committerdate --format %(refname)%00%(objectname)%00%(*objectname) [263ms]
2026-09-07 18:06:47.866 [info] > git status -z -uall [318ms]
2026-09-07 18:06:48.366 [info] > git check-ignore -v -z --stdin [137ms]
2026-09-07 18:07:00.473 [info] > git check-ignore -v -z --stdin [923ms]
2026-09-07 18:07:00.856 [info] > git check-ignore -v -z --stdin [170ms]
2026-09-07 18:07:01.672 [info] > git check-ignore -v -z --stdin [397ms]
2026-09-07 18:07:04.132 [info] > git for-each-ref --format=%(refname)%00%(upstream:short)%00%(objectname)%00%(upstream:track)%00%(upstream:remotename)%00%(upstream:remoteref) --ignore-case refs/heads/main refs/remotes/main [807ms]
2026-09-07 18:07:04.292 [info] > git config --get commit.template [978ms]
2026-09-07 18:07:09.997 [info] > git status -z -uall [5596ms]
2026-09-07 18:07:10.306 [info] > git check-ignore -v -z --stdin [4412ms]
2026-09-07 18:07:11.061 [info] > git for-each-ref --sort -committerdate --format %(refname)%00%(objectname)%00%(*objectname) [6649ms]
2026-09-07 18:07:18.729 [info] > git check-ignore -v -z --stdin [7895ms]
2026-09-07 18:07:24.006 [info] > git check-ignore -v -z --stdin [1762ms]
2026-09-07 18:07:42.936 [info] > git config --get commit.template [1904ms]
2026-09-07 18:07:43.098 [info] > git for-each-ref --format=%(refname)%00%(upstream:short)%00%(objectname)%00%(upstream:track)%00%(upstream:remotename)%00%(upstream:remoteref) --ignore-case refs/heads/main refs/remotes/main [2052ms]
2026-09-07 18:07:43.711 [info] > git for-each-ref --sort -committerdate --format %(refname)%00%(objectname)%00%(*objectname) [568ms]
2026-09-07 18:07:45.023 [info] > git check-ignore -v -z --stdin [546ms]
2026-09-07 18:07:46.110 [info] > git status -z -uall [2983ms]
2026-09-07 18:07:48.123 [info] > git check-ignore -v -z --stdin [494ms]
2026-09-07 18:07:57.072 [info] > git check-ignore -v -z --stdin [6843ms]
2026-09-07 18:07:59.481 [info] > git for-each-ref --format=%(refname)%00%(upstream:short)%00%(objectname)%00%(upstream:track)%00%(upstream:remotename)%00%(upstream:remoteref) --ignore-case refs/heads/main refs/remotes/main [3237ms]
2026-09-07 18:08:00.847 [info] > git config --get commit.template [4635ms]
2026-09-07 18:08:01.201 [info] > git check-ignore -v -z --stdin [3271ms]
2026-09-07 18:08:01.622 [info] > git for-each-ref --sort -committerdate --format %(refname)%00%(objectname)%00%(*objectname) [755ms]
2026-09-07 18:08:01.639 [info] > git status -z -uall [783ms]
2026-09-07 18:08:06.023 [info] > git check-ignore -v -z --stdin [1754ms]
2026-09-07 18:08:18.530 [info] > git config --get commit.template [1183ms]
2026-09-07 18:08:18.796 [info] > git for-each-ref --format=%(refname)%00%(upstream:short)%00%(objectname)%00%(upstream:track)%00%(upstream:remotename)%00%(upstream:remoteref) --ignore-case refs/heads/main refs/remotes/main [923ms]
2026-09-07 18:08:19.078 [info] > git for-each-ref --sort -committerdate --format %(refname)%00%(objectname)%00%(*objectname) [261ms]
2026-09-07 18:08:19.143 [info] > git status -z -uall [337ms]
2026-09-07 18:08:19.642 [info] > git check-ignore -v -z --stdin [165ms]
2026-09-07 18:08:57.420 [info] > git check-ignore -v -z --stdin [1031ms]
2026-09-07 18:08:58.774 [info] > git check-ignore -v -z --stdin [213ms]
2026-09-07 18:09:04.850 [info] > git config --get commit.template [2977ms]
2026-09-07 18:09:04.865 [info] > git check-ignore -v -z --stdin [3124ms]
2026-09-07 18:09:32.584 [info] > git for-each-ref --format=%(refname)%00%(upstream:short)%00%(objectname)%00%(upstream:track)%00%(upstream:remotename)%00%(upstream:remoteref) --ignore-case refs/heads/main refs/remotes/main [30633ms]
2026-09-07 18:09:33.693 [info] > git check-ignore -v -z --stdin [600ms]
2026-09-07 18:09:33.955 [info] > git for-each-ref --sort -committerdate --format %(refname)%00%(objectname)%00%(*objectname) [1045ms]
2026-09-07 18:09:34.059 [info] > git status -z -uall [1313ms]
2026-09-07 18:09:39.137 [info] > git check-ignore -v -z --stdin [1237ms]
2026-09-07 18:23:12.200 [info] > git config --get commit.template [1281ms]
2026-09-07 18:23:12.348 [info] > git for-each-ref --format=%(refname)%00%(upstream:short)%00%(objectname)%00%(upstream:track)%00%(upstream:remotename)%00%(upstream:remoteref) --ignore-case refs/heads/main refs/remotes/main [1032ms]
2026-09-07 18:23:13.457 [info] > git for-each-ref --sort -committerdate --format %(refname)%00%(objectname)%00%(*objectname) [933ms]
2026-09-07 18:23:13.507 [info] > git status -z -uall [1098ms]
2026-09-07 18:23:23.694 [info] > git config --get commit.template [1814ms]
2026-09-07 18:23:23.764 [info] > git check-ignore -v -z --stdin [3652ms]
2026-09-07 18:23:23.779 [info] > git for-each-ref --format=%(refname)%00%(upstream:short)%00%(objectname)%00%(upstream:track)%00%(upstream:remotename)%00%(upstream:remoteref) --ignore-case refs/heads/main refs/remotes/main [1779ms]
2026-09-07 18:23:24.366 [info] > git for-each-ref --sort -committerdate --format %(refname)%00%(objectname)%00%(*objectname) [520ms]
2026-09-07 18:23:24.388 [info] > git status -z -uall [591ms]
2026-09-07 18:23:25.366 [info] > git check-ignore -v -z --stdin [344ms]
2026-09-07 18:36:18.570 [info] > git check-ignore -v -z --stdin [547ms]
2026-09-07 18:36:19.536 [info] > git check-ignore -v -z --stdin [351ms]
2026-09-07 18:36:21.092 [info] > git config --get commit.template [385ms]
2026-09-07 18:36:21.873 [info] > git for-each-ref --format=%(refname)%00%(upstream:short)%00%(objectname)%00%(upstream:track)%00%(upstream:remotename)%00%(upstream:remoteref) --ignore-case refs/heads/main refs/remotes/main [901ms]
2026-09-07 18:36:22.597 [info] > git for-each-ref --sort -committerdate --format %(refname)%00%(objectname)%00%(*objectname) [664ms]
2026-09-07 18:36:22.931 [info] > git status -z -uall [1030ms]
2026-09-07 18:36:58.217 [info] > git check-ignore -v -z --stdin [24330ms]
2026-09-07 18:36:59.737 [info] > git config --get commit.template [1216ms]
2026-09-07 18:37:00.242 [info] > git check-ignore -v -z --stdin [444ms]
2026-09-07 18:37:00.448 [info] > git for-each-ref --format=%(refname)%00%(upstream:short)%00%(objectname)%00%(upstream:track)%00%(upstream:remotename)%00%(upstream:remoteref) --ignore-case refs/heads/main refs/remotes/main [641ms]
2026-09-07 18:37:00.913 [info] > git for-each-ref --sort -committerdate --format %(refname)%00%(objectname)%00%(*objectname) [398ms]
2026-09-07 18:37:01.323 [info] > git status -z -uall [836ms]
2026-09-07 18:37:02.701 [info] > git check-ignore -v -z --stdin [946ms]
2026-09-07 19:16:31.581 [info] > git config --get commit.template [923ms]
2026-09-07 19:16:31.640 [info] > git for-each-ref --format=%(refname)%00%(upstream:short)%00%(objectname)%00%(upstream:track)%00%(upstream:remotename)%00%(upstream:remoteref) --ignore-case refs/heads/main refs/remotes/main [740ms]
2026-09-07 19:16:32.308 [info] > git for-each-ref --sort -committerdate --format %(refname)%00%(objectname)%00%(*objectname) [601ms]
2026-09-07 19:16:32.390 [info] > git status -z -uall [729ms]
2026-09-07 19:16:39.057 [info] > git for-each-ref --format=%(refname)%00%(upstream:short)%00%(objectname)%00%(upstream:track)%00%(upstream:remotename)%00%(upstream:remoteref) --ignore-case refs/heads/main refs/remotes/main [961ms]
2026-09-07 19:16:39.071 [info] > git config --get commit.template [1010ms]
2026-09-07 19:16:40.252 [info] > git status -z -uall [1167ms]
2026-09-07 19:16:40.432 [info] > git for-each-ref --sort -committerdate --format %(refname)%00%(objectname)%00%(*objectname) [1216ms]
2026-09-07 19:16:45.934 [info] > git config --get commit.template [310ms]
2026-09-07 19:16:45.937 [info] > git for-each-ref --format=%(refname)%00%(upstream:short)%00%(objectname)%00%(upstream:track)%00%(upstream:remotename)%00%(upstream:remoteref) --ignore-case refs/heads/main refs/remotes/main [283ms]
2026-09-07 19:16:46.321 [info] > git status -z -uall [375ms]
2026-09-07 19:16:46.339 [info] > git for-each-ref --sort -committerdate --format %(refname)%00%(objectname)%00%(*objectname) [381ms]
2026-09-07 19:16:53.255 [info] > git config --get commit.template [499ms]
2026-09-07 19:16:53.263 [info] > git for-each-ref --format=%(refname)%00%(upstream:short)%00%(objectname)%00%(upstream:track)%00%(upstream:remotename)%00%(upstream:remoteref) --ignore-case refs/heads/main refs/remotes/main [468ms]
2026-09-07 19:16:53.683 [info] > git status -z -uall [404ms]
2026-09-07 19:16:53.695 [info] > git for-each-ref --sort -committerdate --format %(refname)%00%(objectname)%00%(*objectname) [405ms]
2026-09-07 19:17:03.844 [info] > git config --get commit.template [268ms]
2026-09-07 19:17:03.865 [info] > git for-each-ref --format=%(refname)%00%(upstream:short)%00%(objectname)%00%(upstream:track)%00%(upstream:remotename)%00%(upstream:remoteref) --ignore-case refs/heads/main refs/remotes/main [278ms]
2026-09-07 19:17:04.146 [info] > git for-each-ref --sort -committerdate --format %(refname)%00%(objectname)%00%(*objectname) [260ms]
2026-09-07 19:17:04.147 [info] > git status -z -uall [272ms]
2026-09-07 19:17:51.659 [info] > git config --get commit.template [502ms]
2026-09-07 19:17:51.859 [info] > git for-each-ref --format=%(refname)%00%(upstream:short)%00%(objectname)%00%(upstream:track)%00%(upstream:remotename)%00%(upstream:remoteref) --ignore-case refs/heads/main refs/remotes/main [647ms]
2026-09-07 19:17:54.188 [info] > git for-each-ref --sort -committerdate --format %(refname)%00%(objectname)%00%(*objectname) [2260ms]
2026-09-07 19:17:55.774 [info] > git status -z -uall [3898ms]
2026-09-07 19:18:26.199 [info] > git config --get commit.template [293ms]
2026-09-07 19:18:26.263 [info] > git for-each-ref --format=%(refname)%00%(upstream:short)%00%(objectname)%00%(upstream:track)%00%(upstream:remotename)%00%(upstream:remoteref) --ignore-case refs/heads/main refs/remotes/main [345ms]
2026-09-07 19:18:26.567 [info] > git for-each-ref --sort -committerdate --format %(refname)%00%(objectname)%00%(*objectname) [275ms]
2026-09-07 19:18:26.583 [info] > git status -z -uall [299ms]
2026-09-07 19:21:28.754 [info] > git config --get commit.template [627ms]
2026-09-07 19:21:28.849 [info] > git for-each-ref --format=%(refname)%00%(upstream:short)%00%(objectname)%00%(upstream:track)%00%(upstream:remotename)%00%(upstream:remoteref) --ignore-case refs/heads/main refs/remotes/main [668ms]
2026-09-07 19:21:29.399 [info] > git for-each-ref --sort -committerdate --format %(refname)%00%(objectname)%00%(*objectname) [414ms]
2026-09-07 19:21:29.470 [info] > git status -z -uall [590ms]
2026-09-07 19:21:35.743 [info] > git for-each-ref --format=%(refname)%00%(upstream:short)%00%(objectname)%00%(upstream:track)%00%(upstream:remotename)%00%(upstream:remoteref) --ignore-case refs/heads/main refs/remotes/main [800ms]
2026-09-07 19:21:38.615 [info] > git config --get commit.template [3704ms]
2026-09-07 19:21:39.951 [info] > git for-each-ref --sort -committerdate --format %(refname)%00%(objectname)%00%(*objectname) [1161ms]
2026-09-07 19:21:40.013 [info] > git status -z -uall [1387ms]
2026-09-07 19:21:49.588 [info] > git config --get commit.template [717ms]
2026-09-07 19:21:49.674 [info] > git for-each-ref --format=%(refname)%00%(upstream:short)%00%(objectname)%00%(upstream:track)%00%(upstream:remotename)%00%(upstream:remoteref) --ignore-case refs/heads/main refs/remotes/main [2158ms]
2026-09-07 19:21:50.045 [info] > git for-each-ref --sort -committerdate --format %(refname)%00%(objectname)%00%(*objectname) [332ms]
2026-09-07 19:21:50.061 [info] > git status -z -uall [376ms]
2026-09-07 19:21:55.496 [info] > git config --get commit.template [351ms]
2026-09-07 19:21:55.527 [info] > git for-each-ref --format=%(refname)%00%(upstream:short)%00%(objectname)%00%(upstream:track)%00%(upstream:remotename)%00%(upstream:remoteref) --ignore-case refs/heads/main refs/remotes/main [357ms]
2026-09-07 19:21:55.917 [info] > git for-each-ref --sort -committerdate --format %(refname)%00%(objectname)%00%(*objectname) [366ms]
2026-09-07 19:21:55.955 [info] > git status -z -uall [416ms]
2026-09-07 19:22:02.430 [info] > git config --get commit.template [716ms]
2026-09-07 19:22:03.247 [info] > git for-each-ref --format=%(refname)%00%(upstream:short)%00%(objectname)%00%(upstream:track)%00%(upstream:remotename)%00%(upstream:remoteref) --ignore-case refs/heads/main refs/remotes/main [1047ms]
2026-09-07 19:22:05.250 [info] > git for-each-ref --sort -committerdate --format %(refname)%00%(objectname)%00%(*objectname) [1749ms]
2026-09-07 19:22:05.303 [info] > git status -z -uall [1918ms]
2026-09-07 19:22:15.784 [info] > git config --get commit.template [1325ms]
2026-09-07 19:22:15.789 [info] > git for-each-ref --format=%(refname)%00%(upstream:short)%00%(objectname)%00%(upstream:track)%00%(upstream:remotename)%00%(upstream:remoteref) --ignore-case refs/heads/main refs/remotes/main [1264ms]
2026-09-07 19:22:16.275 [info] > git status -z -uall [478ms]
2026-09-07 19:22:16.277 [info] > git for-each-ref --sort -committerdate --format %(refname)%00%(objectname)%00%(*objectname) [429ms]
2026-09-07 19:22:21.567 [info] > git config --get commit.template [239ms]
2026-09-07 19:22:21.575 [info] > git for-each-ref --format=%(refname)%00%(upstream:short)%00%(objectname)%00%(upstream:track)%00%(upstream:remotename)%00%(upstream:remoteref) --ignore-case refs/heads/main refs/remotes/main [237ms]
2026-09-07 19:22:21.832 [info] > git status -z -uall [249ms]
2026-09-07 19:22:21.839 [info] > git for-each-ref --sort -committerdate --format %(refname)%00%(objectname)%00%(*objectname) [223ms]
2026-09-07 19:22:28.725 [info] > git config --get commit.template [1194ms]
2026-09-07 19:22:28.870 [info] > git for-each-ref --format=%(refname)%00%(upstream:short)%00%(objectname)%00%(upstream:track)%00%(upstream:remotename)%00%(upstream:remoteref) --ignore-case refs/heads/main refs/remotes/main [1325ms]
2026-09-07 19:22:30.194 [info] > git for-each-ref --sort -committerdate --format %(refname)%00%(objectname)%00%(*objectname) [806ms]
2026-09-07 19:22:30.381 [info] > git status -z -uall [1057ms]
2026-09-07 19:22:36.430 [info] > git config --get commit.template [992ms]
2026-09-07 19:22:36.462 [info] > git for-each-ref --format=%(refname)%00%(upstream:short)%00%(objectname)%00%(upstream:track)%00%(upstream:remotename)%00%(upstream:remoteref) --ignore-case refs/heads/main refs/remotes/main [290ms]
2026-09-07 19:22:37.160 [info] > git status -z -uall [630ms]
2026-09-07 19:22:37.164 [info] > git for-each-ref --sort -committerdate --format %(refname)%00%(objectname)%00%(*objectname) [613ms]
2026-09-07 19:22:42.476 [info] > git config --get commit.template [220ms]
2026-09-07 19:22:42.498 [info] > git for-each-ref --format=%(refname)%00%(upstream:short)%00%(objectname)%00%(upstream:track)%00%(upstream:remotename)%00%(upstream:remoteref) --ignore-case refs/heads/main refs/remotes/main [232ms]
2026-09-07 19:22:42.761 [info] > git for-each-ref --sort -committerdate --format %(refname)%00%(objectname)%00%(*objectname) [243ms]
2026-09-07 19:22:42.773 [info] > git status -z -uall [265ms]
2026-09-07 19:22:48.159 [info] > git config --get commit.template [315ms]
2026-09-07 19:22:48.196 [info] > git for-each-ref --format=%(refname)%00%(upstream:short)%00%(objectname)%00%(upstream:track)%00%(upstream:remotename)%00%(upstream:remoteref) --ignore-case refs/heads/main refs/remotes/main [343ms]
2026-09-07 19:22:48.428 [info] > git for-each-ref --sort -committerdate --format %(refname)%00%(objectname)%00%(*objectname) [213ms]
2026-09-07 19:22:48.469 [info] > git status -z -uall [263ms]
2026-09-07 19:22:54.782 [info] > git config --get commit.template [1244ms]
2026-09-07 19:22:54.795 [info] > git for-each-ref --format=%(refname)%00%(upstream:short)%00%(objectname)%00%(upstream:track)%00%(upstream:remotename)%00%(upstream:remoteref) --ignore-case refs/heads/main refs/remotes/main [987ms]
2026-09-07 19:22:55.930 [info] > git for-each-ref --sort -committerdate --format %(refname)%00%(objectname)%00%(*objectname) [1097ms]
2026-09-07 19:22:55.945 [info] > git status -z -uall [1130ms]
2026-09-07 19:23:04.185 [info] > git config --get commit.template [3174ms]
2026-09-07 19:23:05.384 [info] > git for-each-ref --format=%(refname)%00%(upstream:short)%00%(objectname)%00%(upstream:track)%00%(upstream:remotename)%00%(upstream:remoteref) --ignore-case refs/heads/main refs/remotes/main [3474ms]
2026-09-07 19:23:05.658 [info] > git for-each-ref --sort -committerdate --format %(refname)%00%(objectname)%00%(*objectname) [255ms]
2026-09-07 19:23:05.667 [info] > git status -z -uall [274ms]
2026-09-07 19:23:12.001 [info] > git config --get commit.template [1138ms]
2026-09-07 19:23:12.055 [info] > git for-each-ref --format=%(refname)%00%(upstream:short)%00%(objectname)%00%(upstream:track)%00%(upstream:remotename)%00%(upstream:remoteref) --ignore-case refs/heads/main refs/remotes/main [1181ms]
2026-09-07 19:23:12.651 [info] > git for-each-ref --sort -committerdate --format %(refname)%00%(objectname)%00%(*objectname) [287ms]
2026-09-07 19:23:12.659 [info] > git status -z -uall [595ms]
2026-09-07 19:23:28.080 [info] > git config --get commit.template [636ms]
2026-09-07 19:23:28.125 [info] > git for-each-ref --format=%(refname)%00%(upstream:short)%00%(objectname)%00%(upstream:track)%00%(upstream:remotename)%00%(upstream:remoteref) --ignore-case refs/heads/main refs/remotes/main [429ms]
2026-09-07 19:23:28.430 [info] > git for-each-ref --sort -committerdate --format %(refname)%00%(objectname)%00%(*objectname) [281ms]
2026-09-07 19:23:28.432 [info] > git status -z -uall [295ms]
2026-09-07 19:23:34.851 [info] > git config --get commit.template [239ms]
2026-09-07 19:23:34.863 [info] > git for-each-ref --format=%(refname)%00%(upstream:short)%00%(objectname)%00%(upstream:track)%00%(upstream:remotename)%00%(upstream:remoteref) --ignore-case refs/heads/main refs/remotes/main [242ms]
2026-09-07 19:23:35.104 [info] > git for-each-ref --sort -committerdate --format %(refname)%00%(objectname)%00%(*objectname) [221ms]
2026-09-07 19:23:35.114 [info] > git status -z -uall [242ms]
2026-09-07 19:25:40.420 [info] > git for-each-ref --format=%(refname)%00%(upstream:short)%00%(objectname)%00%(upstream:track)%00%(upstream:remotename)%00%(upstream:remoteref) --ignore-case refs/heads/main refs/remotes/main [1829ms]
2026-09-07 19:25:40.441 [info] > git config --get commit.template [2142ms]
2026-09-07 19:25:40.957 [info] > git for-each-ref --sort -committerdate --format %(refname)%00%(objectname)%00%(*objectname) [477ms]
2026-09-07 19:25:41.066 [info] > git status -z -uall [608ms]
2026-09-07 19:26:18.972 [info] > git config --get commit.template [846ms]
2026-09-07 19:26:18.994 [info] > git for-each-ref --format=%(refname)%00%(upstream:short)%00%(objectname)%00%(upstream:track)%00%(upstream:remotename)%00%(upstream:remoteref) --ignore-case refs/heads/main refs/remotes/main [599ms]
2026-09-07 19:26:19.409 [info] > git for-each-ref --sort -committerdate --format %(refname)%00%(objectname)%00%(*objectname) [393ms]
2026-09-07 19:26:19.434 [info] > git status -z -uall [430ms]
2026-09-07 19:26:25.382 [info] > git for-each-ref --format=%(refname)%00%(upstream:short)%00%(objectname)%00%(upstream:track)%00%(upstream:remotename)%00%(upstream:remoteref) --ignore-case refs/heads/main refs/remotes/main [896ms]
2026-09-07 19:26:25.391 [info] > git config --get commit.template [920ms]
2026-09-07 19:26:26.151 [info] > git for-each-ref --sort -committerdate --format %(refname)%00%(objectname)%00%(*objectname) [740ms]
2026-09-07 19:26:26.197 [info] > git status -z -uall [798ms]
2026-09-07 19:26:32.567 [info] > git config --get commit.template [536ms]
2026-09-07 19:26:32.652 [info] > git for-each-ref --format=%(refname)%00%(upstream:short)%00%(objectname)%00%(upstream:track)%00%(upstream:remotename)%00%(upstream:remoteref) --ignore-case refs/heads/main refs/remotes/main [606ms]
2026-09-07 19:26:33.086 [info] > git for-each-ref --sort -committerdate --format %(refname)%00%(objectname)%00%(*objectname) [385ms]
2026-09-07 19:26:33.217 [info] > git status -z -uall [530ms]
2026-09-07 19:26:44.098 [info] > git config --get commit.template [1694ms]
2026-09-07 19:26:44.201 [info] > git for-each-ref --format=%(refname)%00%(upstream:short)%00%(objectname)%00%(upstream:track)%00%(upstream:remotename)%00%(upstream:remoteref) --ignore-case refs/heads/main refs/remotes/main [874ms]
2026-09-07 19:26:44.480 [info] > git for-each-ref --sort -committerdate --format %(refname)%00%(objectname)%00%(*objectname) [251ms]
2026-09-07 19:26:44.604 [info] > git status -z -uall [392ms]
2026-09-07 19:26:50.003 [info] > git for-each-ref --format=%(refname)%00%(upstream:short)%00%(objectname)%00%(upstream:track)%00%(upstream:remotename)%00%(upstream:remoteref) --ignore-case refs/heads/main refs/remotes/main [335ms]
2026-09-07 19:26:50.006 [info] > git config --get commit.template [346ms]
2026-09-07 19:26:50.469 [info] > git for-each-ref --sort -committerdate --format %(refname)%00%(objectname)%00%(*objectname) [445ms]
2026-09-07 19:26:50.580 [info] > git status -z -uall [566ms]
2026-09-07 19:26:59.343 [info] > git config --get commit.template [473ms]
2026-09-07 19:26:59.383 [info] > git for-each-ref --format=%(refname)%00%(upstream:short)%00%(objectname)%00%(upstream:track)%00%(upstream:remotename)%00%(upstream:remoteref) --ignore-case refs/heads/main refs/remotes/main [451ms]
2026-09-07 19:26:59.646 [info] > git status -z -uall [254ms]
2026-09-07 19:26:59.664 [info] > git for-each-ref --sort -committerdate --format %(refname)%00%(objectname)%00%(*objectname) [264ms]
2026-09-07 19:27:05.716 [info] > git config --get commit.template [1021ms]
2026-09-07 19:27:05.981 [info] > git for-each-ref --format=%(refname)%00%(upstream:short)%00%(objectname)%00%(upstream:track)%00%(upstream:remotename)%00%(upstream:remoteref) --ignore-case refs/heads/main refs/remotes/main [1235ms]
2026-09-07 19:27:06.290 [info] > git status -z -uall [292ms]
2026-09-07 19:27:06.582 [info] > git for-each-ref --sort -committerdate --format %(refname)%00%(objectname)%00%(*objectname) [545ms]
2026-09-07 19:27:12.380 [info] > git for-each-ref --format=%(refname)%00%(upstream:short)%00%(objectname)%00%(upstream:track)%00%(upstream:remotename)%00%(upstream:remoteref) --ignore-case refs/heads/main refs/remotes/main [630ms]
2026-09-07 19:27:13.435 [info] > git config --get commit.template [1754ms]
2026-09-07 19:27:14.035 [info] > git status -z -uall [505ms]
2026-09-07 19:27:14.048 [info] > git for-each-ref --sort -committerdate --format %(refname)%00%(objectname)%00%(*objectname) [505ms]
2026-09-07 19:27:19.611 [info] > git for-each-ref --format=%(refname)%00%(upstream:short)%00%(objectname)%00%(upstream:track)%00%(upstream:remotename)%00%(upstream:remoteref) --ignore-case refs/heads/main refs/remotes/main [438ms]
2026-09-07 19:27:19.615 [info] > git config --get commit.template [469ms]
2026-09-07 19:27:19.965 [info] > git for-each-ref --sort -committerdate --format %(refname)%00%(objectname)%00%(*objectname) [330ms]
2026-09-07 19:27:20.012 [info] > git status -z -uall [389ms]
2026-09-07 19:27:27.291 [info] > git for-each-ref --format=%(refname)%00%(upstream:short)%00%(objectname)%00%(upstream:track)%00%(upstream:remotename)%00%(upstream:remoteref) --ignore-case refs/heads/main refs/remotes/main [615ms]
2026-09-07 19:27:27.293 [info] > git config --get commit.template [829ms]
2026-09-07 19:27:27.733 [info] > git status -z -uall [364ms]
2026-09-07 19:27:27.743 [info] > git for-each-ref --sort -committerdate --format %(refname)%00%(objectname)%00%(*objectname) [362ms]
2026-09-07 19:27:36.281 [info] > git config --get commit.template [1269ms]
2026-09-07 19:27:36.287 [info] > git for-each-ref --format=%(refname)%00%(upstream:short)%00%(objectname)%00%(upstream:track)%00%(upstream:remotename)%00%(upstream:remoteref) --ignore-case refs/heads/main refs/remotes/main [1159ms]
2026-09-07 19:27:37.476 [info] > git for-each-ref --sort -committerdate --format %(refname)%00%(objectname)%00%(*objectname) [608ms]
2026-09-07 19:27:37.515 [info] > git status -z -uall [1220ms]
2026-09-07 19:27:44.944 [info] > git config --get commit.template [243ms]
2026-09-07 19:27:44.974 [info] > git for-each-ref --format=%(refname)%00%(upstream:short)%00%(objectname)%00%(upstream:track)%00%(upstream:remotename)%00%(upstream:remoteref) --ignore-case refs/heads/main refs/remotes/main [263ms]
2026-09-07 19:27:46.092 [info] > git for-each-ref --sort -committerdate --format %(refname)%00%(objectname)%00%(*objectname) [1052ms]
2026-09-07 19:27:47.302 [info] > git status -z -uall [2319ms]
2026-09-07 19:36:28.153 [info] > git for-each-ref --format=%(refname)%00%(upstream:short)%00%(objectname)%00%(upstream:track)%00%(upstream:remotename)%00%(upstream:remoteref) --ignore-case refs/heads/main refs/remotes/main [571ms]
2026-09-07 19:36:28.173 [info] > git config --get commit.template [792ms]
2026-09-07 19:36:28.611 [info] > git for-each-ref --sort -committerdate --format %(refname)%00%(objectname)%00%(*objectname) [342ms]
2026-09-07 19:36:28.779 [info] > git status -z -uall [562ms]
2026-09-07 19:37:41.281 [info] > git config --get commit.template [9876ms]
2026-09-07 19:37:42.247 [info] > git for-each-ref --format=%(refname)%00%(upstream:short)%00%(objectname)%00%(upstream:track)%00%(upstream:remotename)%00%(upstream:remoteref) --ignore-case refs/heads/main refs/remotes/main [9169ms]
2026-09-07 19:37:42.701 [info] > git for-each-ref --sort -committerdate --format %(refname)%00%(objectname)%00%(*objectname) [348ms]
2026-09-07 19:37:42.739 [info] > git status -z -uall [443ms]
2026-09-07 19:40:47.397 [info] > git for-each-ref --format=%(refname)%00%(upstream:short)%00%(objectname)%00%(upstream:track)%00%(upstream:remotename)%00%(upstream:remoteref) --ignore-case refs/heads/main refs/remotes/main [559ms]
2026-09-07 19:40:47.400 [info] > git config --get commit.template [950ms]
2026-09-07 19:40:47.651 [info] > git for-each-ref --sort -committerdate --format %(refname)%00%(objectname)%00%(*objectname) [210ms]
2026-09-07 19:40:47.668 [info] > git status -z -uall [244ms]
2026-09-07 19:40:54.158 [info] > git for-each-ref --format=%(refname)%00%(upstream:short)%00%(objectname)%00%(upstream:track)%00%(upstream:remotename)%00%(upstream:remoteref) --ignore-case refs/heads/main refs/remotes/main [852ms]
2026-09-07 19:40:54.193 [info] > git config --get commit.template [942ms]
2026-09-07 19:40:55.430 [info] > git for-each-ref --sort -committerdate --format %(refname)%00%(objectname)%00%(*objectname) [1181ms]
2026-09-07 19:40:55.466 [info] > git status -z -uall [1265ms]
2026-09-07 19:41:05.226 [info] > git for-each-ref --format=%(refname)%00%(upstream:short)%00%(objectname)%00%(upstream:track)%00%(upstream:remotename)%00%(upstream:remoteref) --ignore-case refs/heads/main refs/remotes/main [3765ms]
2026-09-07 19:41:05.280 [info] > git config --get commit.template [3962ms]
2026-09-07 19:41:07.992 [info] > git status -z -uall [2701ms]
2026-09-07 19:41:08.067 [info] > git for-each-ref --sort -committerdate --format %(refname)%00%(objectname)%00%(*objectname) [2765ms]
2026-09-07 19:41:14.247 [info] > git for-each-ref --format=%(refname)%00%(upstream:short)%00%(objectname)%00%(upstream:track)%00%(upstream:remotename)%00%(upstream:remoteref) --ignore-case refs/heads/main refs/remotes/main [981ms]
2026-09-07 19:41:14.318 [info] > git config --get commit.template [1079ms]
2026-09-07 19:41:14.780 [info] > git status -z -uall [307ms]
2026-09-07 19:41:15.170 [info] > git for-each-ref --sort -committerdate --format %(refname)%00%(objectname)%00%(*objectname) [680ms]
2026-09-07 19:41:24.570 [info] > git config --get commit.template [4322ms]
2026-09-07 19:41:24.606 [info] > git for-each-ref --format=%(refname)%00%(upstream:short)%00%(objectname)%00%(upstream:track)%00%(upstream:remotename)%00%(upstream:remoteref) --ignore-case refs/heads/main refs/remotes/main [2919ms]
2026-09-07 19:41:25.012 [info] > git status -z -uall [309ms]
2026-09-07 19:41:25.470 [info] > git for-each-ref --sort -committerdate --format %(refname)%00%(objectname)%00%(*objectname) [538ms]
2026-09-07 19:41:40.364 [info] > git for-each-ref --format=%(refname)%00%(upstream:short)%00%(objectname)%00%(upstream:track)%00%(upstream:remotename)%00%(upstream:remoteref) --ignore-case refs/heads/main refs/remotes/main [537ms]
2026-09-07 19:41:40.388 [info] > git config --get commit.template [570ms]
2026-09-07 19:41:40.989 [info] > git status -z -uall [591ms]
2026-09-07 19:41:40.999 [info] > git for-each-ref --sort -committerdate --format %(refname)%00%(objectname)%00%(*objectname) [581ms]
2026-09-07 19:41:50.316 [info] > git config --get commit.template [1493ms]
2026-09-07 19:41:58.164 [info] > git for-each-ref --format=%(refname)%00%(upstream:short)%00%(objectname)%00%(upstream:track)%00%(upstream:remotename)%00%(upstream:remoteref) --ignore-case refs/heads/main refs/remotes/main [8601ms]
2026-09-07 19:41:59.045 [info] > git status -z -uall [867ms]
2026-09-07 19:41:59.123 [info] > git for-each-ref --sort -committerdate --format %(refname)%00%(objectname)%00%(*objectname) [915ms]
2026-09-07 19:42:05.373 [info] > git config --get commit.template [1185ms]
2026-09-07 19:42:05.380 [info] > git for-each-ref --format=%(refname)%00%(upstream:short)%00%(objectname)%00%(upstream:track)%00%(upstream:remotename)%00%(upstream:remoteref) --ignore-case refs/heads/main refs/remotes/main [1179ms]
2026-09-07 19:42:05.981 [info] > git for-each-ref --sort -committerdate --format %(refname)%00%(objectname)%00%(*objectname) [296ms]
2026-09-07 19:42:06.058 [info] > git status -z -uall [670ms]
2026-09-07 19:43:01.002 [info] > git for-each-ref --format=%(refname)%00%(upstream:short)%00%(objectname)%00%(upstream:track)%00%(upstream:remotename)%00%(upstream:remoteref) --ignore-case refs/heads/main refs/remotes/main [241ms]
2026-09-07 19:43:01.059 [info] > git config --get commit.template [319ms]
2026-09-07 19:43:01.814 [info] > git status -z -uall [743ms]
2026-09-07 19:43:01.945 [info] > git for-each-ref --sort -committerdate --format %(refname)%00%(objectname)%00%(*objectname) [851ms]
2026-09-07 19:43:07.187 [info] > git config --get commit.template [181ms]
2026-09-07 19:43:07.196 [info] > git for-each-ref --format=%(refname)%00%(upstream:short)%00%(objectname)%00%(upstream:track)%00%(upstream:remotename)%00%(upstream:remoteref) --ignore-case refs/heads/main refs/remotes/main [174ms]
2026-09-07 19:43:07.417 [info] > git for-each-ref --sort -committerdate --format %(refname)%00%(objectname)%00%(*objectname) [201ms]
2026-09-07 19:43:07.428 [info] > git status -z -uall [221ms]
2026-09-07 19:43:27.570 [info] > git for-each-ref --format=%(refname)%00%(upstream:short)%00%(objectname)%00%(upstream:track)%00%(upstream:remotename)%00%(upstream:remoteref) --ignore-case refs/heads/main refs/remotes/main [456ms]
2026-09-07 19:43:27.571 [info] > git config --get commit.template [468ms]
2026-09-07 19:43:27.835 [info] > git for-each-ref --sort -committerdate --format %(refname)%00%(objectname)%00%(*objectname) [203ms]
2026-09-07 19:43:27.856 [info] > git status -z -uall [249ms]
2026-09-07 19:43:35.717 [info] > git config --get commit.template [1192ms]
2026-09-07 19:43:35.885 [info] > git for-each-ref --format=%(refname)%00%(upstream:short)%00%(objectname)%00%(upstream:track)%00%(upstream:remotename)%00%(upstream:remoteref) --ignore-case refs/heads/main refs/remotes/main [810ms]
2026-09-07 19:43:36.327 [info] > git status -z -uall [433ms]
2026-09-07 19:43:36.786 [info] > git for-each-ref --sort -committerdate --format %(refname)%00%(objectname)%00%(*objectname) [502ms]
2026-09-07 19:43:42.223 [info] > git config --get commit.template [226ms]
2026-09-07 19:43:42.229 [info] > git for-each-ref --format=%(refname)%00%(upstream:short)%00%(objectname)%00%(upstream:track)%00%(upstream:remotename)%00%(upstream:remoteref) --ignore-case refs/heads/main refs/remotes/main [181ms]
2026-09-07 19:43:42.547 [info] > git for-each-ref --sort -committerdate --format %(refname)%00%(objectname)%00%(*objectname) [301ms]
2026-09-07 19:43:42.826 [info] > git status -z -uall [589ms]
2026-09-07 19:43:54.176 [info] > git config --get commit.template [188ms]
2026-09-07 19:43:54.186 [info] > git for-each-ref --format=%(refname)%00%(upstream:short)%00%(objectname)%00%(upstream:track)%00%(upstream:remotename)%00%(upstream:remoteref) --ignore-case refs/heads/main refs/remotes/main [177ms]
2026-09-07 19:43:54.407 [info] > git for-each-ref --sort -committerdate --format %(refname)%00%(objectname)%00%(*objectname) [200ms]
2026-09-07 19:43:54.459 [info] > git status -z -uall [260ms]
2026-09-07 19:45:26.763 [info] > git for-each-ref --format=%(refname)%00%(upstream:short)%00%(objectname)%00%(upstream:track)%00%(upstream:remotename)%00%(upstream:remoteref) --ignore-case refs/heads/main refs/remotes/main [578ms]
2026-09-07 19:45:26.767 [info] > git config --get commit.template [609ms]
2026-09-07 19:45:27.828 [info] > git status -z -uall [1028ms]
2026-09-07 19:45:27.853 [info] > git for-each-ref --sort -committerdate --format %(refname)%00%(objectname)%00%(*objectname) [985ms]
2026-09-07 19:45:33.317 [info] > git config --get commit.template [270ms]
2026-09-07 19:45:33.364 [info] > git for-each-ref --format=%(refname)%00%(upstream:short)%00%(objectname)%00%(upstream:track)%00%(upstream:remotename)%00%(upstream:remoteref) --ignore-case refs/heads/main refs/remotes/main [303ms]
2026-09-07 19:45:33.583 [info] > git status -z -uall [210ms]
2026-09-07 19:45:33.618 [info] > git for-each-ref --sort -committerdate --format %(refname)%00%(objectname)%00%(*objectname) [228ms]
2026-09-07 19:45:46.261 [info] > git for-each-ref --format=%(refname)%00%(upstream:short)%00%(objectname)%00%(upstream:track)%00%(upstream:remotename)%00%(upstream:remoteref) --ignore-case refs/heads/main refs/remotes/main [604ms]
2026-09-07 19:45:46.298 [info] > git config --get commit.template [670ms]
2026-09-07 19:45:46.707 [info] > git status -z -uall [397ms]
2026-09-07 19:45:46.713 [info] > git for-each-ref --sort -committerdate --format %(refname)%00%(objectname)%00%(*objectname) [387ms]
2026-09-07 19:45:56.886 [info] > git for-each-ref --format=%(refname)%00%(upstream:short)%00%(objectname)%00%(upstream:track)%00%(upstream:remotename)%00%(upstream:remoteref) --ignore-case refs/heads/main refs/remotes/main [2205ms]
2026-09-07 19:45:56.888 [info] > git config --get commit.template [2387ms]
2026-09-07 19:45:59.781 [info] > git for-each-ref --sort -committerdate --format %(refname)%00%(objectname)%00%(*objectname) [1486ms]
2026-09-07 19:45:59.928 [info] > git status -z -uall [1645ms]
2026-09-07 19:46:07.366 [info] > git config --get commit.template [1752ms]
2026-09-07 19:46:07.385 [info] > git for-each-ref --format=%(refname)%00%(upstream:short)%00%(objectname)%00%(upstream:track)%00%(upstream:remotename)%00%(upstream:remoteref) --ignore-case refs/heads/main refs/remotes/main [1756ms]
2026-09-07 19:46:07.749 [info] > git for-each-ref --sort -committerdate --format %(refname)%00%(objectname)%00%(*objectname) [342ms]
2026-09-07 19:46:07.993 [info] > git status -z -uall [597ms]
2026-09-07 19:46:35.683 [info] > git config --get commit.template [918ms]
2026-09-07 19:46:35.980 [info] > git for-each-ref --format=%(refname)%00%(upstream:short)%00%(objectname)%00%(upstream:track)%00%(upstream:remotename)%00%(upstream:remoteref) --ignore-case refs/heads/main refs/remotes/main [1203ms]
2026-09-07 19:46:37.521 [info] > git for-each-ref --sort -committerdate --format %(refname)%00%(objectname)%00%(*objectname) [1461ms]
2026-09-07 19:46:45.497 [info] > git status -z -uall [9488ms]
2026-09-07 19:46:51.169 [info] > git config --get commit.template [232ms]
2026-09-07 19:46:51.188 [info] > git for-each-ref --format=%(refname)%00%(upstream:short)%00%(objectname)%00%(upstream:track)%00%(upstream:remotename)%00%(upstream:remoteref) --ignore-case refs/heads/main refs/remotes/main [214ms]
2026-09-07 19:46:51.469 [info] > git for-each-ref --sort -committerdate --format %(refname)%00%(objectname)%00%(*objectname) [260ms]
2026-09-07 19:46:51.517 [info] > git status -z -uall [321ms]
2026-09-07 19:46:56.855 [info] > git config --get commit.template [299ms]
2026-09-07 19:46:56.950 [info] > git for-each-ref --format=%(refname)%00%(upstream:short)%00%(objectname)%00%(upstream:track)%00%(upstream:remotename)%00%(upstream:remoteref) --ignore-case refs/heads/main refs/remotes/main [325ms]
2026-09-07 19:46:57.504 [info] > git status -z -uall [534ms]
2026-09-07 19:46:57.523 [info] > git for-each-ref --sort -committerdate --format %(refname)%00%(objectname)%00%(*objectname) [523ms]
2026-09-07 19:47:03.111 [info] > git config --get commit.template [515ms]
2026-09-07 19:47:03.180 [info] > git for-each-ref --format=%(refname)%00%(upstream:short)%00%(objectname)%00%(upstream:track)%00%(upstream:remotename)%00%(upstream:remoteref) --ignore-case refs/heads/main refs/remotes/main [574ms]
2026-09-07 19:47:03.594 [info] > git for-each-ref --sort -committerdate --format %(refname)%00%(objectname)%00%(*objectname) [383ms]
2026-09-07 19:47:03.610 [info] > git status -z -uall [414ms]
2026-09-07 19:47:11.198 [info] > git config --get commit.template [2116ms]
2026-09-07 19:47:11.352 [info] > git for-each-ref --format=%(refname)%00%(upstream:short)%00%(objectname)%00%(upstream:track)%00%(upstream:remotename)%00%(upstream:remoteref) --ignore-case refs/heads/main refs/remotes/main [1573ms]
2026-09-07 19:47:12.232 [info] > git status -z -uall [826ms]
2026-09-07 19:47:12.419 [info] > git for-each-ref --sort -committerdate --format %(refname)%00%(objectname)%00%(*objectname) [889ms]
2026-09-07 19:47:18.879 [info] > git config --get commit.template [377ms]
2026-09-07 19:47:19.090 [info] > git for-each-ref --format=%(refname)%00%(upstream:short)%00%(objectname)%00%(upstream:track)%00%(upstream:remotename)%00%(upstream:remoteref) --ignore-case refs/heads/main refs/remotes/main [492ms]
2026-09-07 19:47:19.880 [info] > git status -z -uall [760ms]
2026-09-07 19:47:19.948 [info] > git for-each-ref --sort -committerdate --format %(refname)%00%(objectname)%00%(*objectname) [756ms]
2026-09-07 19:47:25.280 [info] > git config --get commit.template [284ms]
2026-09-07 19:47:25.302 [info] > git for-each-ref --format=%(refname)%00%(upstream:short)%00%(objectname)%00%(upstream:track)%00%(upstream:remotename)%00%(upstream:remoteref) --ignore-case refs/heads/main refs/remotes/main [298ms]
2026-09-07 19:47:25.543 [info] > git status -z -uall [229ms]
2026-09-07 19:47:25.552 [info] > git for-each-ref --sort -committerdate --format %(refname)%00%(objectname)%00%(*objectname) [218ms]
2026-09-07 19:47:32.190 [info] > git for-each-ref --format=%(refname)%00%(upstream:short)%00%(objectname)%00%(upstream:track)%00%(upstream:remotename)%00%(upstream:remoteref) --ignore-case refs/heads/main refs/remotes/main [365ms]
2026-09-07 19:47:32.204 [info] > git config --get commit.template [389ms]
2026-09-07 19:47:32.696 [info] > git for-each-ref --sort -committerdate --format %(refname)%00%(objectname)%00%(*objectname) [472ms]
2026-09-07 19:47:32.709 [info] > git status -z -uall [497ms]
2026-09-07 19:47:43.153 [info] > git config --get commit.template [526ms]
2026-09-07 19:47:43.176 [info] > git for-each-ref --format=%(refname)%00%(upstream:short)%00%(objectname)%00%(upstream:track)%00%(upstream:remotename)%00%(upstream:remoteref) --ignore-case refs/heads/main refs/remotes/main [500ms]
2026-09-07 19:47:43.489 [info] > git for-each-ref --sort -committerdate --format %(refname)%00%(objectname)%00%(*objectname) [294ms]
2026-09-07 19:47:43.606 [info] > git status -z -uall [419ms]
2026-09-07 19:47:59.108 [info] > git config --get commit.template [284ms]
2026-09-07 19:47:59.146 [info] > git for-each-ref --format=%(refname)%00%(upstream:short)%00%(objectname)%00%(upstream:track)%00%(upstream:remotename)%00%(upstream:remoteref) --ignore-case refs/heads/main refs/remotes/main [313ms]
2026-09-07 19:47:59.373 [info] > git for-each-ref --sort -committerdate --format %(refname)%00%(objectname)%00%(*objectname) [205ms]
2026-09-07 19:47:59.376 [info] > git status -z -uall [219ms]
2026-09-07 19:48:04.655 [info] > git for-each-ref --format=%(refname)%00%(upstream:short)%00%(objectname)%00%(upstream:track)%00%(upstream:remotename)%00%(upstream:remoteref) --ignore-case refs/heads/main refs/remotes/main [232ms]
2026-09-07 19:48:04.665 [info] > git config --get commit.template [252ms]
2026-09-07 19:48:04.916 [info] > git for-each-ref --sort -committerdate --format %(refname)%00%(objectname)%00%(*objectname) [228ms]
2026-09-07 19:48:04.934 [info] > git status -z -uall [258ms]
2026-09-07 19:48:33.520 [info] > git config --get commit.template [474ms]
2026-09-07 19:48:33.540 [info] > git for-each-ref --format=%(refname)%00%(upstream:short)%00%(objectname)%00%(upstream:track)%00%(upstream:remotename)%00%(upstream:remoteref) --ignore-case refs/heads/main refs/remotes/main [485ms]
2026-09-07 19:48:33.968 [info] > git for-each-ref --sort -committerdate --format %(refname)%00%(objectname)%00%(*objectname) [354ms]
2026-09-07 19:48:34.007 [info] > git status -z -uall [412ms]
2026-09-07 19:48:41.442 [info] > git config --get commit.template [221ms]
2026-09-07 19:48:41.584 [info] > git for-each-ref --format=%(refname)%00%(upstream:short)%00%(objectname)%00%(upstream:track)%00%(upstream:remotename)%00%(upstream:remoteref) --ignore-case refs/heads/main refs/remotes/main [193ms]
2026-09-07 19:48:41.770 [info] > git for-each-ref --sort -committerdate --format %(refname)%00%(objectname)%00%(*objectname) [168ms]
2026-09-07 19:48:41.837 [info] > git status -z -uall [244ms]
2026-09-07 19:48:49.002 [info] > git config --get commit.template [1291ms]
2026-09-07 19:48:49.117 [info] > git for-each-ref --format=%(refname)%00%(upstream:short)%00%(objectname)%00%(upstream:track)%00%(upstream:remotename)%00%(upstream:remoteref) --ignore-case refs/heads/main refs/remotes/main [1224ms]
2026-09-07 19:48:49.565 [info] > git status -z -uall [439ms]
2026-09-07 19:48:49.660 [info] > git for-each-ref --sort -committerdate --format %(refname)%00%(objectname)%00%(*objectname) [525ms]
2026-09-07 19:48:55.016 [info] > git config --get commit.template [305ms]
2026-09-07 19:48:55.094 [info] > git for-each-ref --format=%(refname)%00%(upstream:short)%00%(objectname)%00%(upstream:track)%00%(upstream:remotename)%00%(upstream:remoteref) --ignore-case refs/heads/main refs/remotes/main [373ms]
2026-09-07 19:48:55.584 [info] > git for-each-ref --sort -committerdate --format %(refname)%00%(objectname)%00%(*objectname) [460ms]
2026-09-07 19:48:55.702 [info] > git status -z -uall [595ms]
2026-09-07 19:49:18.082 [info] > git config --get commit.template [2924ms]
2026-09-07 19:49:18.140 [info] > git for-each-ref --format=%(refname)%00%(upstream:short)%00%(objectname)%00%(upstream:track)%00%(upstream:remotename)%00%(upstream:remoteref) --ignore-case refs/heads/main refs/remotes/main [2973ms]
2026-09-07 19:49:18.793 [info] > git status -z -uall [633ms]
2026-09-07 19:49:18.806 [info] > git for-each-ref --sort -committerdate --format %(refname)%00%(objectname)%00%(*objectname) [628ms]
2026-09-07 19:49:24.267 [info] > git for-each-ref --format=%(refname)%00%(upstream:short)%00%(objectname)%00%(upstream:track)%00%(upstream:remotename)%00%(upstream:remoteref) --ignore-case refs/heads/main refs/remotes/main [384ms]
2026-09-07 19:49:24.280 [info] > git config --get commit.template [416ms]
2026-09-07 19:49:24.838 [info] > git status -z -uall [544ms]
2026-09-07 19:49:24.844 [info] > git for-each-ref --sort -committerdate --format %(refname)%00%(objectname)%00%(*objectname) [527ms]
2026-09-07 19:49:31.089 [info] > git for-each-ref --format=%(refname)%00%(upstream:short)%00%(objectname)%00%(upstream:track)%00%(upstream:remotename)%00%(upstream:remoteref) --ignore-case refs/heads/main refs/remotes/main [1073ms]
2026-09-07 19:49:31.186 [info] > git config --get commit.template [1206ms]
2026-09-07 19:49:31.750 [info] > git for-each-ref --sort -committerdate --format %(refname)%00%(objectname)%00%(*objectname) [531ms]
2026-09-07 19:49:31.788 [info] > git status -z -uall [593ms]
2026-09-07 19:49:37.054 [info] > git config --get commit.template [226ms]
2026-09-07 19:49:37.073 [info] > git for-each-ref --format=%(refname)%00%(upstream:short)%00%(objectname)%00%(upstream:track)%00%(upstream:remotename)%00%(upstream:remoteref) --ignore-case refs/heads/main refs/remotes/main [236ms]
2026-09-07 19:49:37.377 [info] > git for-each-ref --sort -committerdate --format %(refname)%00%(objectname)%00%(*objectname) [279ms]
2026-09-07 19:49:37.390 [info] > git status -z -uall [308ms]
2026-09-07 19:49:42.704 [info] > git config --get commit.template [275ms]
2026-09-07 19:49:42.710 [info] > git for-each-ref --format=%(refname)%00%(upstream:short)%00%(objectname)%00%(upstream:track)%00%(upstream:remotename)%00%(upstream:remoteref) --ignore-case refs/heads/main refs/remotes/main [246ms]
2026-09-07 19:49:43.013 [info] > git for-each-ref --sort -committerdate --format %(refname)%00%(objectname)%00%(*objectname) [282ms]
2026-09-07 19:49:43.043 [info] > git status -z -uall [321ms]
2026-09-07 19:49:52.173 [info] > git config --get commit.template [3251ms]
2026-09-07 19:49:52.603 [info] > git for-each-ref --format=%(refname)%00%(upstream:short)%00%(objectname)%00%(upstream:track)%00%(upstream:remotename)%00%(upstream:remoteref) --ignore-case refs/heads/main refs/remotes/main [2929ms]
2026-09-07 19:49:53.739 [info] > git status -z -uall [1031ms]
2026-09-07 19:49:55.849 [info] > git for-each-ref --sort -committerdate --format %(refname)%00%(objectname)%00%(*objectname) [3047ms]
2026-09-07 19:50:01.955 [info] > git config --get commit.template [1056ms]
2026-09-07 19:50:02.036 [info] > git for-each-ref --format=%(refname)%00%(upstream:short)%00%(objectname)%00%(upstream:track)%00%(upstream:remotename)%00%(upstream:remoteref) --ignore-case refs/heads/main refs/remotes/main [1098ms]
2026-09-07 19:50:02.371 [info] > git for-each-ref --sort -committerdate --format %(refname)%00%(objectname)%00%(*objectname) [283ms]
2026-09-07 19:50:02.386 [info] > git status -z -uall [340ms]
2026-09-07 19:50:07.646 [info] > git config --get commit.template [199ms]
2026-09-07 19:50:07.655 [info] > git for-each-ref --format=%(refname)%00%(upstream:short)%00%(objectname)%00%(upstream:track)%00%(upstream:remotename)%00%(upstream:remoteref) --ignore-case refs/heads/main refs/remotes/main [200ms]
2026-09-07 19:50:08.147 [info] > git for-each-ref --sort -committerdate --format %(refname)%00%(objectname)%00%(*objectname) [117ms]
2026-09-07 19:50:08.477 [info] > git status -z -uall [455ms]
2026-09-07 19:50:56.318 [info] > git for-each-ref --format=%(refname)%00%(upstream:short)%00%(objectname)%00%(upstream:track)%00%(upstream:remotename)%00%(upstream:remoteref) --ignore-case refs/heads/main refs/remotes/main [1415ms]
2026-09-07 19:50:56.328 [info] > git config --get commit.template [1449ms]
2026-09-07 19:50:56.706 [info] > git for-each-ref --sort -committerdate --format %(refname)%00%(objectname)%00%(*objectname) [358ms]
2026-09-07 19:50:56.742 [info] > git status -z -uall [405ms]
2026-09-07 19:51:36.340 [info] > git config --get commit.template [651ms]
2026-09-07 19:51:36.348 [info] > git for-each-ref --format=%(refname)%00%(upstream:short)%00%(objectname)%00%(upstream:track)%00%(upstream:remotename)%00%(upstream:remoteref) --ignore-case refs/heads/main refs/remotes/main [589ms]
2026-09-07 19:51:36.767 [info] > git for-each-ref --sort -committerdate --format %(refname)%00%(objectname)%00%(*objectname) [387ms]
2026-09-07 19:51:36.780 [info] > git status -z -uall [417ms]
2026-09-07 19:51:48.563 [info] > git config --get commit.template [250ms]
2026-09-07 19:51:48.580 [info] > git for-each-ref --format=%(refname)%00%(upstream:short)%00%(objectname)%00%(upstream:track)%00%(upstream:remotename)%00%(upstream:remoteref) --ignore-case refs/heads/main refs/remotes/main [258ms]
2026-09-07 19:51:48.829 [info] > git for-each-ref --sort -committerdate --format %(refname)%00%(objectname)%00%(*objectname) [218ms]
2026-09-07 19:51:48.842 [info] > git status -z -uall [249ms]
2026-09-07 19:51:54.165 [info] > git config --get commit.template [269ms]
2026-09-07 19:51:54.181 [info] > git for-each-ref --format=%(refname)%00%(upstream:short)%00%(objectname)%00%(upstream:track)%00%(upstream:remotename)%00%(upstream:remoteref) --ignore-case refs/heads/main refs/remotes/main [266ms]
2026-09-07 19:51:54.431 [info] > git status -z -uall [239ms]
2026-09-07 19:51:54.456 [info] > git for-each-ref --sort -committerdate --format %(refname)%00%(objectname)%00%(*objectname) [243ms]
2026-09-07 19:52:00.187 [info] > git for-each-ref --format=%(refname)%00%(upstream:short)%00%(objectname)%00%(upstream:track)%00%(upstream:remotename)%00%(upstream:remoteref) --ignore-case refs/heads/main refs/remotes/main [588ms]
2026-09-07 19:52:00.258 [info] > git config --get commit.template [702ms]
2026-09-07 19:52:00.621 [info] > git status -z -uall [354ms]
2026-09-07 19:52:00.626 [info] > git for-each-ref --sort -committerdate --format %(refname)%00%(objectname)%00%(*objectname) [345ms]
2026-09-07 19:52:06.794 [info] > git for-each-ref --format=%(refname)%00%(upstream:short)%00%(objectname)%00%(upstream:track)%00%(upstream:remotename)%00%(upstream:remoteref) --ignore-case refs/heads/main refs/remotes/main [755ms]
2026-09-07 19:52:07.081 [info] > git config --get commit.template [1141ms]
2026-09-07 19:52:09.466 [info] > git status -z -uall [2310ms]
2026-09-07 19:52:09.495 [info] > git for-each-ref --sort -committerdate --format %(refname)%00%(objectname)%00%(*objectname) [2267ms]
2026-09-07 19:52:15.309 [info] > git config --get commit.template [787ms]
2026-09-07 19:52:15.349 [info] > git for-each-ref --format=%(refname)%00%(upstream:short)%00%(objectname)%00%(upstream:track)%00%(upstream:remotename)%00%(upstream:remoteref) --ignore-case refs/heads/main refs/remotes/main [820ms]
2026-09-07 19:52:15.846 [info] > git for-each-ref --sort -committerdate --format %(refname)%00%(objectname)%00%(*objectname) [434ms]
2026-09-07 19:52:16.050 [info] > git status -z -uall [647ms]
2026-09-07 19:52:22.378 [info] > git config --get commit.template [1198ms]
2026-09-07 19:52:22.405 [info] > git for-each-ref --format=%(refname)%00%(upstream:short)%00%(objectname)%00%(upstream:track)%00%(upstream:remotename)%00%(upstream:remoteref) --ignore-case refs/heads/main refs/remotes/main [869ms]
2026-09-07 19:52:23.045 [info] > git status -z -uall [630ms]
2026-09-07 19:52:23.598 [info] > git for-each-ref --sort -committerdate --format %(refname)%00%(objectname)%00%(*objectname) [1171ms]
2026-09-07 19:52:29.658 [info] > git config --get commit.template [1012ms]
2026-09-07 19:52:29.699 [info] > git for-each-ref --format=%(refname)%00%(upstream:short)%00%(objectname)%00%(upstream:track)%00%(upstream:remotename)%00%(upstream:remoteref) --ignore-case refs/heads/main refs/remotes/main [1038ms]
2026-09-07 19:52:32.347 [info] > git for-each-ref --sort -committerdate --format %(refname)%00%(objectname)%00%(*objectname) [2577ms]
2026-09-07 19:52:33.342 [info] > git status -z -uall [3625ms]
2026-09-07 19:52:38.735 [info] > git for-each-ref --format=%(refname)%00%(upstream:short)%00%(objectname)%00%(upstream:track)%00%(upstream:remotename)%00%(upstream:remoteref) --ignore-case refs/heads/main refs/remotes/main [344ms]
2026-09-07 19:52:38.751 [info] > git config --get commit.template [385ms]
2026-09-07 19:52:39.204 [info] > git for-each-ref --sort -committerdate --format %(refname)%00%(objectname)%00%(*objectname) [433ms]
2026-09-07 19:52:39.231 [info] > git status -z -uall [470ms]
2026-09-07 19:53:13.146 [info] > git for-each-ref --format=%(refname)%00%(upstream:short)%00%(objectname)%00%(upstream:track)%00%(upstream:remotename)%00%(upstream:remoteref) --ignore-case refs/heads/main refs/remotes/main [701ms]
2026-09-07 19:53:13.156 [info] > git config --get commit.template [943ms]
2026-09-07 19:53:13.695 [info] > git for-each-ref --sort -committerdate --format %(refname)%00%(objectname)%00%(*objectname) [484ms]
2026-09-07 19:53:13.762 [info] > git status -z -uall [597ms]
2026-09-07 19:53:19.708 [info] > git config --get commit.template [662ms]
2026-09-07 19:53:19.851 [info] > git for-each-ref --format=%(refname)%00%(upstream:short)%00%(objectname)%00%(upstream:track)%00%(upstream:remotename)%00%(upstream:remoteref) --ignore-case refs/heads/main refs/remotes/main [364ms]
2026-09-07 19:53:20.363 [info] > git status -z -uall [478ms]
2026-09-07 19:53:20.468 [info] > git for-each-ref --sort -committerdate --format %(refname)%00%(objectname)%00%(*objectname) [397ms]
2026-09-07 19:53:26.245 [info] > git for-each-ref --format=%(refname)%00%(upstream:short)%00%(objectname)%00%(upstream:track)%00%(upstream:remotename)%00%(upstream:remoteref) --ignore-case refs/heads/main refs/remotes/main [721ms]
2026-09-07 19:53:26.261 [info] > git config --get commit.template [747ms]
2026-09-07 19:53:26.585 [info] > git for-each-ref --sort -committerdate --format %(refname)%00%(objectname)%00%(*objectname) [295ms]
2026-09-07 19:53:26.613 [info] > git status -z -uall [340ms]
2026-09-07 19:53:32.304 [info] > git config --get commit.template [494ms]
2026-09-07 19:53:32.425 [info] > git for-each-ref --format=%(refname)%00%(upstream:short)%00%(objectname)%00%(upstream:track)%00%(upstream:remotename)%00%(upstream:remoteref) --ignore-case refs/heads/main refs/remotes/main [569ms]
2026-09-07 19:53:32.889 [info] > git status -z -uall [455ms]
2026-09-07 19:53:32.897 [info] > git for-each-ref --sort -committerdate --format %(refname)%00%(objectname)%00%(*objectname) [454ms]
2026-09-07 19:53:39.389 [info] > git for-each-ref --format=%(refname)%00%(upstream:short)%00%(objectname)%00%(upstream:track)%00%(upstream:remotename)%00%(upstream:remoteref) --ignore-case refs/heads/main refs/remotes/main [1262ms]
2026-09-07 19:53:39.445 [info] > git config --get commit.template [1368ms]
2026-09-07 19:53:40.886 [info] > git status -z -uall [1433ms]
2026-09-07 19:53:40.938 [info] > git for-each-ref --sort -committerdate --format %(refname)%00%(objectname)%00%(*objectname) [242ms]
2026-09-07 19:54:00.027 [info] > git config --get commit.template [955ms]
2026-09-07 19:54:00.065 [info] > git for-each-ref --format=%(refname)%00%(upstream:short)%00%(objectname)%00%(upstream:track)%00%(upstream:remotename)%00%(upstream:remoteref) --ignore-case refs/heads/main refs/remotes/main [980ms]
2026-09-07 19:54:00.395 [info] > git for-each-ref --sort -committerdate --format %(refname)%00%(objectname)%00%(*objectname) [282ms]
2026-09-07 19:54:00.416 [info] > git status -z -uall [340ms]
2026-09-07 19:54:05.634 [info] > git for-each-ref --format=%(refname)%00%(upstream:short)%00%(objectname)%00%(upstream:track)%00%(upstream:remotename)%00%(upstream:remoteref) --ignore-case refs/heads/main refs/remotes/main [164ms]
2026-09-07 19:54:05.634 [info] > git config --get commit.template [174ms]
2026-09-07 19:54:05.857 [info] > git status -z -uall [215ms]
2026-09-07 19:54:05.860 [info] > git for-each-ref --sort -committerdate --format %(refname)%00%(objectname)%00%(*objectname) [208ms]
2026-09-07 19:54:11.091 [info] > git config --get commit.template [192ms]
2026-09-07 19:54:11.105 [info] > git for-each-ref --format=%(refname)%00%(upstream:short)%00%(objectname)%00%(upstream:track)%00%(upstream:remotename)%00%(upstream:remoteref) --ignore-case refs/heads/main refs/remotes/main [185ms]
2026-09-07 19:54:11.340 [info] > git for-each-ref --sort -committerdate --format %(refname)%00%(objectname)%00%(*objectname) [218ms]
2026-09-07 19:54:11.342 [info] > git status -z -uall [228ms]
2026-09-07 19:54:33.737 [info] > git config --get commit.template [441ms]
2026-09-07 19:54:33.821 [info] > git for-each-ref --format=%(refname)%00%(upstream:short)%00%(objectname)%00%(upstream:track)%00%(upstream:remotename)%00%(upstream:remoteref) --ignore-case refs/heads/main refs/remotes/main [499ms]
2026-09-07 19:54:34.129 [info] > git status -z -uall [293ms]
2026-09-07 19:54:34.137 [info] > git for-each-ref --sort -committerdate --format %(refname)%00%(objectname)%00%(*objectname) [289ms]
2026-09-07 19:54:43.529 [info] > git config --get commit.template [605ms]
2026-09-07 19:54:43.600 [info] > git for-each-ref --format=%(refname)%00%(upstream:short)%00%(objectname)%00%(upstream:track)%00%(upstream:remotename)%00%(upstream:remoteref) --ignore-case refs/heads/main refs/remotes/main [662ms]
2026-09-07 19:54:43.965 [info] > git for-each-ref --sort -committerdate --format %(refname)%00%(objectname)%00%(*objectname) [208ms]
2026-09-07 19:54:47.192 [info] > git status -z -uall [3466ms]
2026-09-07 19:54:50.140 [info] > git check-ignore -v -z --stdin [599ms]
2026-09-07 19:54:55.789 [info] > git show --textconv :src/app/pages/dashboard/dashboard.css [5497ms]
2026-09-07 19:54:55.789 [info] > git show --textconv HEAD:src/app/pages/dashboard/dashboard.css [1024ms]
2026-09-07 19:54:55.789 [info] > git ls-files --stage -- src/app/pages/dashboard/dashboard.css [951ms]
2026-09-07 19:54:56.345 [info] > git cat-file -s a144600715a28dcd011be49d73c26b028502613b [500ms]
2026-09-07 19:54:56.875 [info] > git ls-tree -l HEAD -- src/app/pages/dashboard/dashboard.css [1087ms]
2026-09-07 19:54:56.923 [info] > git config --get commit.template [965ms]
2026-09-07 19:54:57.031 [info] > git for-each-ref --format=%(refname)%00%(upstream:short)%00%(objectname)%00%(upstream:track)%00%(upstream:remotename)%00%(upstream:remoteref) --ignore-case refs/heads/main refs/remotes/main [1052ms]
2026-09-07 19:54:58.076 [info] > git status -z -uall [1033ms]
2026-09-07 19:54:58.133 [info] > git for-each-ref --sort -committerdate --format %(refname)%00%(objectname)%00%(*objectname) [1048ms]
2026-09-07 19:54:58.388 [info] > git check-ignore -v -z --stdin [324ms]
2026-09-07 19:54:58.931 [info] > git check-ignore -v -z --stdin [164ms]
2026-09-07 19:55:04.355 [info] > git check-ignore -v -z --stdin [209ms]
2026-09-07 19:55:04.775 [info] > git check-ignore -v -z --stdin [255ms]
2026-09-07 19:55:06.821 [info] > git check-ignore -v -z --stdin [958ms]
2026-09-07 19:55:08.017 [info] > git config --get commit.template [427ms]
2026-09-07 19:55:08.082 [info] > git for-each-ref --format=%(refname)%00%(upstream:short)%00%(objectname)%00%(upstream:track)%00%(upstream:remotename)%00%(upstream:remoteref) --ignore-case refs/heads/main refs/remotes/main [466ms]
2026-09-07 19:55:08.318 [info] > git check-ignore -v -z --stdin [318ms]
2026-09-07 19:55:08.497 [info] > git for-each-ref --sort -committerdate --format %(refname)%00%(objectname)%00%(*objectname) [392ms]
2026-09-07 19:55:08.557 [info] > git status -z -uall [465ms]
2026-09-07 19:55:09.205 [info] > git check-ignore -v -z --stdin [265ms]
2026-09-07 19:55:11.481 [info] > git check-ignore -v -z --stdin [287ms]
2026-09-07 19:55:12.051 [info] > git check-ignore -v -z --stdin [431ms]
2026-09-07 19:55:12.966 [info] > git check-ignore -v -z --stdin [712ms]
2026-09-07 19:55:13.362 [info] > git check-ignore -v -z --stdin [241ms]
2026-09-07 19:55:13.703 [info] > git check-ignore -v -z --stdin [215ms]
2026-09-07 19:55:13.919 [info] > git config --get commit.template [308ms]
2026-09-07 19:55:13.929 [info] > git for-each-ref --format=%(refname)%00%(upstream:short)%00%(objectname)%00%(upstream:track)%00%(upstream:remotename)%00%(upstream:remoteref) --ignore-case refs/heads/main refs/remotes/main [309ms]
2026-09-07 19:55:14.145 [info] > git for-each-ref --sort -committerdate --format %(refname)%00%(objectname)%00%(*objectname) [196ms]
2026-09-07 19:55:14.192 [info] > git status -z -uall [254ms]
2026-09-07 19:55:15.408 [info] > git check-ignore -v -z --stdin [826ms]
2026-09-07 19:55:16.461 [info] > git check-ignore -v -z --stdin [609ms]
2026-09-07 19:55:18.553 [info] > git check-ignore -v -z --stdin [1820ms]
2026-09-07 19:55:19.386 [info] > git check-ignore -v -z --stdin [522ms]
2026-09-07 19:55:20.072 [info] > git config --get commit.template [802ms]
2026-09-07 19:55:20.116 [info] > git for-each-ref --format=%(refname)%00%(upstream:short)%00%(objectname)%00%(upstream:track)%00%(upstream:remotename)%00%(upstream:remoteref) --ignore-case refs/heads/main refs/remotes/main [835ms]
2026-09-07 19:55:20.691 [info] > git for-each-ref --sort -committerdate --format %(refname)%00%(objectname)%00%(*objectname) [545ms]
2026-09-07 19:55:20.772 [info] > git status -z -uall [639ms]
2026-09-07 19:55:21.393 [info] > git check-ignore -v -z --stdin [281ms]
2026-09-07 19:55:25.954 [info] > git check-ignore -v -z --stdin [469ms]
2026-09-07 19:55:27.989 [info] > git for-each-ref --format=%(refname)%00%(upstream:short)%00%(objectname)%00%(upstream:track)%00%(upstream:remotename)%00%(upstream:remoteref) --ignore-case refs/heads/main refs/remotes/main [2120ms]
2026-09-07 19:55:27.990 [info] > git config --get commit.template [2134ms]
2026-09-07 19:55:28.072 [info] > git check-ignore -v -z --stdin [1869ms]
2026-09-07 19:55:29.030 [info] > git for-each-ref --sort -committerdate --format %(refname)%00%(objectname)%00%(*objectname) [811ms]
2026-09-07 19:55:29.120 [info] > git check-ignore -v -z --stdin [731ms]
2026-09-07 19:55:29.418 [info] > git status -z -uall [1216ms]
2026-09-07 19:55:35.957 [info] > git check-ignore -v -z --stdin [241ms]
2026-09-07 19:55:37.288 [info] > git check-ignore -v -z --stdin [308ms]
2026-09-07 19:55:37.498 [info] > git config --get commit.template [370ms]
2026-09-07 19:55:37.545 [info] > git for-each-ref --format=%(refname)%00%(upstream:short)%00%(objectname)%00%(upstream:track)%00%(upstream:remotename)%00%(upstream:remoteref) --ignore-case refs/heads/main refs/remotes/main [404ms]
2026-09-07 19:55:37.871 [info] > git for-each-ref --sort -committerdate --format %(refname)%00%(objectname)%00%(*objectname) [293ms]
2026-09-07 19:55:37.883 [info] > git status -z -uall [330ms]
2026-09-07 19:55:38.806 [info] > git check-ignore -v -z --stdin [420ms]
2026-09-07 19:55:39.222 [info] > git check-ignore -v -z --stdin [275ms]
2026-09-07 19:55:39.724 [info] > git check-ignore -v -z --stdin [168ms]
2026-09-07 19:55:40.282 [info] > git check-ignore -v -z --stdin [198ms]
2026-09-07 19:55:40.747 [info] > git check-ignore -v -z --stdin [168ms]
2026-09-07 19:55:41.273 [info] > git check-ignore -v -z --stdin [196ms]
2026-09-07 19:55:41.820 [info] > git check-ignore -v -z --stdin [269ms]
2026-09-07 19:55:43.348 [info] > git config --get commit.template [372ms]
2026-09-07 19:55:43.386 [info] > git for-each-ref --format=%(refname)%00%(upstream:short)%00%(objectname)%00%(upstream:track)%00%(upstream:remotename)%00%(upstream:remoteref) --ignore-case refs/heads/main refs/remotes/main [403ms]
2026-09-07 19:55:43.840 [info] > git status -z -uall [436ms]
2026-09-07 19:55:43.849 [info] > git for-each-ref --sort -committerdate --format %(refname)%00%(objectname)%00%(*objectname) [420ms]
2026-09-07 19:55:44.377 [info] > git check-ignore -v -z --stdin [179ms]
2026-09-07 19:55:49.771 [info] > git for-each-ref --format=%(refname)%00%(upstream:short)%00%(objectname)%00%(upstream:track)%00%(upstream:remotename)%00%(upstream:remoteref) --ignore-case refs/heads/main refs/remotes/main [763ms]
2026-09-07 19:55:49.825 [info] > git config --get commit.template [862ms]
2026-09-07 19:55:50.042 [info] > git for-each-ref --sort -committerdate --format %(refname)%00%(objectname)%00%(*objectname) [201ms]
2026-09-07 19:55:50.070 [info] > git status -z -uall [237ms]
2026-09-07 19:55:50.565 [info] > git check-ignore -v -z --stdin [135ms]
2026-09-07 19:57:57.933 [info] > git check-ignore -v -z --stdin [288ms]
2026-09-07 19:57:59.542 [info] > git check-ignore -v -z --stdin [266ms]
2026-09-07 19:58:00.107 [info] > git for-each-ref --format=%(refname)%00%(upstream:short)%00%(objectname)%00%(upstream:track)%00%(upstream:remotename)%00%(upstream:remoteref) --ignore-case refs/heads/main refs/remotes/main [334ms]
2026-09-07 19:58:00.121 [info] > git config --get commit.template [446ms]
2026-09-07 19:58:00.364 [info] > git for-each-ref --sort -committerdate --format %(refname)%00%(objectname)%00%(*objectname) [225ms]
2026-09-07 19:58:00.503 [info] > git status -z -uall [373ms]
2026-09-07 19:58:02.141 [info] > git check-ignore -v -z --stdin [1211ms]
2026-09-07 19:58:22.772 [info] > git for-each-ref --format=%(refname)%00%(upstream:short)%00%(objectname)%00%(upstream:track)%00%(upstream:remotename)%00%(upstream:remoteref) --ignore-case refs/heads/main refs/remotes/main [602ms]
2026-09-07 19:58:22.778 [info] > git config --get commit.template [724ms]
2026-09-07 19:58:22.993 [info] > git status -z -uall [198ms]
2026-09-07 19:58:23.013 [info] > git for-each-ref --sort -committerdate --format %(refname)%00%(objectname)%00%(*objectname) [205ms]
2026-09-07 19:58:23.496 [info] > git check-ignore -v -z --stdin [121ms]
2026-09-07 19:58:31.615 [info] > git check-ignore -v -z --stdin [134ms]
2026-09-07 19:58:32.240 [info] > git check-ignore -v -z --stdin [125ms]
2026-09-07 19:58:35.211 [info] > git check-ignore -v -z --stdin [1510ms]
2026-09-07 19:58:36.275 [info] > git for-each-ref --format=%(refname)%00%(upstream:short)%00%(objectname)%00%(upstream:track)%00%(upstream:remotename)%00%(upstream:remoteref) --ignore-case refs/heads/main refs/remotes/main [856ms]
2026-09-07 19:58:36.275 [info] > git config --get commit.template [1699ms]
2026-09-07 19:58:36.959 [info] > git check-ignore -v -z --stdin [686ms]
2026-09-07 19:58:36.990 [info] > git for-each-ref --sort -committerdate --format %(refname)%00%(objectname)%00%(*objectname) [686ms]
2026-09-07 19:58:37.025 [info] > git status -z -uall [735ms]
2026-09-07 19:58:37.475 [info] > git check-ignore -v -z --stdin [295ms]
2026-09-07 19:58:37.913 [info] > git check-ignore -v -z --stdin [319ms]
2026-09-07 19:58:39.902 [info] > git check-ignore -v -z --stdin [188ms]
2026-09-07 19:58:42.518 [info] > git config --get commit.template [456ms]
2026-09-07 19:58:42.529 [info] > git for-each-ref --format=%(refname)%00%(upstream:short)%00%(objectname)%00%(upstream:track)%00%(upstream:remotename)%00%(upstream:remoteref) --ignore-case refs/heads/main refs/remotes/main [355ms]
2026-09-07 19:58:43.394 [info] > git check-ignore -v -z --stdin [1935ms]
2026-09-07 19:58:43.673 [info] > git status -z -uall [1131ms]
2026-09-07 19:58:43.724 [info] > git for-each-ref --sort -committerdate --format %(refname)%00%(objectname)%00%(*objectname) [1172ms]
2026-09-07 19:58:44.264 [info] > git check-ignore -v -z --stdin [249ms]
2026-09-07 19:58:45.229 [info] > git check-ignore -v -z --stdin [684ms]
2026-09-07 19:58:45.768 [info] > git check-ignore -v -z --stdin [430ms]
2026-09-07 19:58:50.684 [info] > git config --get commit.template [975ms]
2026-09-07 19:58:50.836 [info] > git for-each-ref --format=%(refname)%00%(upstream:short)%00%(objectname)%00%(upstream:track)%00%(upstream:remotename)%00%(upstream:remoteref) --ignore-case refs/heads/main refs/remotes/main [892ms]
2026-09-07 19:58:50.971 [info] > git check-ignore -v -z --stdin [429ms]
2026-09-07 19:58:51.260 [info] > git for-each-ref --sort -committerdate --format %(refname)%00%(objectname)%00%(*objectname) [354ms]
2026-09-07 19:58:51.418 [info] > git status -z -uall [573ms]
2026-09-07 19:58:52.726 [info] > git check-ignore -v -z --stdin [587ms]
2026-09-07 19:58:54.335 [info] > git check-ignore -v -z --stdin [420ms]
2026-09-07 19:58:55.240 [info] > git check-ignore -v -z --stdin [636ms]
2026-09-07 19:58:55.515 [info] > git check-ignore -v -z --stdin [137ms]
2026-09-07 19:58:56.854 [info] > git config --get commit.template [379ms]
2026-09-07 19:58:56.896 [info] > git for-each-ref --format=%(refname)%00%(upstream:short)%00%(objectname)%00%(upstream:track)%00%(upstream:remotename)%00%(upstream:remoteref) --ignore-case refs/heads/main refs/remotes/main [411ms]
2026-09-07 19:58:57.170 [info] > git for-each-ref --sort -committerdate --format %(refname)%00%(objectname)%00%(*objectname) [252ms]
2026-09-07 19:58:57.186 [info] > git status -z -uall [279ms]
2026-09-07 19:58:57.675 [info] > git check-ignore -v -z --stdin [152ms]
2026-09-07 19:58:59.619 [info] > git check-ignore -v -z --stdin [626ms]
2026-09-07 19:58:59.893 [info] > git check-ignore -v -z --stdin [169ms]
2026-09-07 19:59:02.475 [info] > git config --get commit.template [213ms]
2026-09-07 19:59:02.483 [info] > git for-each-ref --format=%(refname)%00%(upstream:short)%00%(objectname)%00%(upstream:track)%00%(upstream:remotename)%00%(upstream:remoteref) --ignore-case refs/heads/main refs/remotes/main [213ms]
2026-09-07 19:59:02.709 [info] > git for-each-ref --sort -committerdate --format %(refname)%00%(objectname)%00%(*objectname) [201ms]
2026-09-07 19:59:02.725 [info] > git status -z -uall [233ms]
2026-09-07 19:59:03.197 [info] > git check-ignore -v -z --stdin [121ms]
2026-09-07 19:59:07.987 [info] > git config --get commit.template [210ms]
2026-09-07 19:59:08.004 [info] > git for-each-ref --format=%(refname)%00%(upstream:short)%00%(objectname)%00%(upstream:track)%00%(upstream:remotename)%00%(upstream:remoteref) --ignore-case refs/heads/main refs/remotes/main [208ms]
2026-09-07 19:59:08.236 [info] > git status -z -uall [222ms]
2026-09-07 19:59:08.241 [info] > git for-each-ref --sort -committerdate --format %(refname)%00%(objectname)%00%(*objectname) [218ms]
2026-09-07 19:59:08.750 [info] > git check-ignore -v -z --stdin [116ms]
2026-09-07 20:03:39.339 [info] > git check-ignore -v -z --stdin [1226ms]
2026-09-07 20:03:39.442 [info] > git config --get commit.template [531ms]
2026-09-07 20:03:39.978 [info] > git for-each-ref --format=%(refname)%00%(upstream:short)%00%(objectname)%00%(upstream:track)%00%(upstream:remotename)%00%(upstream:remoteref) --ignore-case refs/heads/main refs/remotes/main [1023ms]
2026-09-07 20:03:40.830 [info] > git check-ignore -v -z --stdin [855ms]
2026-09-07 20:03:40.965 [info] > git for-each-ref --sort -committerdate --format %(refname)%00%(objectname)%00%(*objectname) [713ms]
2026-09-07 20:03:41.043 [info] > git status -z -uall [916ms]
2026-09-07 20:03:41.661 [info] > git check-ignore -v -z --stdin [254ms]
2026-09-07 20:03:43.379 [info] > git check-ignore -v -z --stdin [1283ms]
2026-09-07 20:04:32.083 [info] > git for-each-ref --format=%(refname)%00%(upstream:short)%00%(objectname)%00%(upstream:track)%00%(upstream:remotename)%00%(upstream:remoteref) --ignore-case refs/heads/main refs/remotes/main [887ms]
2026-09-07 20:04:32.084 [info] > git config --get commit.template [998ms]
2026-09-07 20:04:33.239 [info] > git for-each-ref --sort -committerdate --format %(refname)%00%(objectname)%00%(*objectname) [1101ms]
2026-09-07 20:04:33.984 [info] > git check-ignore -v -z --stdin [1177ms]
2026-09-07 20:04:34.653 [info] > git status -z -uall [2559ms]
2026-09-07 20:04:36.836 [info] > git check-ignore -v -z --stdin [511ms]
2026-09-07 20:04:37.406 [info] > git check-ignore -v -z --stdin [282ms]
2026-09-07 20:04:40.375 [info] > git for-each-ref --format=%(refname)%00%(upstream:short)%00%(objectname)%00%(upstream:track)%00%(upstream:remotename)%00%(upstream:remoteref) --ignore-case refs/heads/main refs/remotes/main [443ms]
2026-09-07 20:04:40.391 [info] > git config --get commit.template [619ms]
2026-09-07 20:04:41.260 [info] > git status -z -uall [784ms]
2026-09-07 20:04:41.567 [info] > git for-each-ref --sort -committerdate --format %(refname)%00%(objectname)%00%(*objectname) [1076ms]
2026-09-07 20:04:47.389 [info] > git config --get commit.template [769ms]
2026-09-07 20:04:47.503 [info] > git for-each-ref --format=%(refname)%00%(upstream:short)%00%(objectname)%00%(upstream:track)%00%(upstream:remotename)%00%(upstream:remoteref) --ignore-case refs/heads/main refs/remotes/main [740ms]
2026-09-07 20:04:48.503 [info] > git for-each-ref --sort -committerdate --format %(refname)%00%(objectname)%00%(*objectname) [708ms]
2026-09-07 20:04:48.511 [info] > git status -z -uall [889ms]
2026-09-07 20:04:48.794 [info] > git check-ignore -v -z --stdin [526ms]
2026-09-07 20:04:50.743 [info] > git check-ignore -v -z --stdin [952ms]
2026-09-07 20:04:53.183 [info] > git check-ignore -v -z --stdin [200ms]
2026-09-07 20:04:55.738 [info] > git config --get commit.template [821ms]
2026-09-07 20:04:55.771 [info] > git for-each-ref --format=%(refname)%00%(upstream:short)%00%(objectname)%00%(upstream:track)%00%(upstream:remotename)%00%(upstream:remoteref) --ignore-case refs/heads/main refs/remotes/main [843ms]
2026-09-07 20:04:56.595 [info] > git status -z -uall [811ms]
2026-09-07 20:04:56.620 [info] > git for-each-ref --sort -committerdate --format %(refname)%00%(objectname)%00%(*objectname) [793ms]
2026-09-07 20:04:57.907 [info] > git check-ignore -v -z --stdin [568ms]
2026-09-07 20:05:25.021 [info] > git check-ignore -v -z --stdin [756ms]
2026-09-07 20:05:27.105 [info] > git ls-files --stage -- src/app/pages/dashboard/dashboard.css [2001ms]
2026-09-07 20:05:28.359 [info] > git ls-tree -l HEAD -- src/app/pages/dashboard/dashboard.css [3163ms]
2026-09-07 20:05:28.747 [info] > git cat-file -s a144600715a28dcd011be49d73c26b028502613b [1512ms]
2026-09-07 20:05:28.819 [info] > git show --textconv :src/app/pages/dashboard/dashboard.css [3767ms]
2026-09-07 20:05:28.841 [info] > git show --textconv HEAD:src/app/pages/dashboard/dashboard.css [3756ms]
2026-09-07 20:05:32.252 [info] > git check-ignore -v -z --stdin [139ms]
2026-09-07 20:05:35.284 [info] > git for-each-ref --format=%(refname)%00%(upstream:short)%00%(objectname)%00%(upstream:track)%00%(upstream:remotename)%00%(upstream:remoteref) --ignore-case refs/heads/main refs/remotes/main [259ms]
2026-09-07 20:05:35.300 [info] > git config --get commit.template [288ms]
2026-09-07 20:05:35.583 [info] > git for-each-ref --sort -committerdate --format %(refname)%00%(objectname)%00%(*objectname) [263ms]
2026-09-07 20:05:35.595 [info] > git status -z -uall [287ms]
2026-09-07 20:05:37.034 [info] > git check-ignore -v -z --stdin [876ms]
2026-09-07 20:05:44.302 [info] > git config --get commit.template [411ms]
2026-09-07 20:05:44.321 [info] > git for-each-ref --format=%(refname)%00%(upstream:short)%00%(objectname)%00%(upstream:track)%00%(upstream:remotename)%00%(upstream:remoteref) --ignore-case refs/heads/main refs/remotes/main [409ms]
2026-09-07 20:05:44.799 [info] > git status -z -uall [419ms]
2026-09-07 20:05:44.801 [info] > git for-each-ref --sort -committerdate --format %(refname)%00%(objectname)%00%(*objectname) [410ms]
2026-09-07 20:05:45.316 [info] > git check-ignore -v -z --stdin [179ms]
2026-09-07 20:06:05.207 [info] > git check-ignore -v -z --stdin [494ms]
2026-09-07 20:06:05.811 [info] > git show --textconv :src/app/pages/dashboard/dashboard.css [578ms]
2026-09-07 20:06:05.869 [info] > git show --textconv HEAD:src/app/pages/dashboard/dashboard.css [616ms]
2026-09-07 20:06:05.871 [info] > git ls-files --stage -- src/app/pages/dashboard/dashboard.css [594ms]
2026-09-07 20:06:05.982 [info] > git ls-tree -l HEAD -- src/app/pages/dashboard/dashboard.css [596ms]
2026-09-07 20:06:06.165 [info] > git cat-file -s a144600715a28dcd011be49d73c26b028502613b [282ms]
2026-09-07 20:06:08.936 [info] > git check-ignore -v -z --stdin [167ms]
2026-09-07 20:06:12.517 [info] > git config --get commit.template [329ms]
2026-09-07 20:06:12.549 [info] > git for-each-ref --format=%(refname)%00%(upstream:short)%00%(objectname)%00%(upstream:track)%00%(upstream:remotename)%00%(upstream:remoteref) --ignore-case refs/heads/main refs/remotes/main [350ms]
2026-09-07 20:06:13.652 [info] > git status -z -uall [1084ms]
2026-09-07 20:06:13.707 [info] > git for-each-ref --sort -committerdate --format %(refname)%00%(objectname)%00%(*objectname) [1129ms]
2026-09-07 20:06:14.386 [info] > git check-ignore -v -z --stdin [310ms]
2026-09-07 20:06:19.548 [info] > git config --get commit.template [736ms]
2026-09-07 20:06:19.575 [info] > git for-each-ref --format=%(refname)%00%(upstream:short)%00%(objectname)%00%(upstream:track)%00%(upstream:remotename)%00%(upstream:remoteref) --ignore-case refs/heads/main refs/remotes/main [712ms]
2026-09-07 20:06:19.879 [info] > git status -z -uall [284ms]
2026-09-07 20:06:19.884 [info] > git for-each-ref --sort -committerdate --format %(refname)%00%(objectname)%00%(*objectname) [278ms]
2026-09-07 20:06:20.680 [info] > git check-ignore -v -z --stdin [281ms]
2026-09-07 20:12:10.762 [info] > git check-ignore -v -z --stdin [1284ms]
2026-09-07 20:12:11.223 [info] > git config --get commit.template [487ms]
2026-09-07 20:12:12.069 [info] > git for-each-ref --format=%(refname)%00%(upstream:short)%00%(objectname)%00%(upstream:track)%00%(upstream:remotename)%00%(upstream:remoteref) --ignore-case refs/heads/main refs/remotes/main [1098ms]
2026-09-07 20:12:12.229 [info] > git check-ignore -v -z --stdin [955ms]
2026-09-07 20:12:12.677 [info] > git for-each-ref --sort -committerdate --format %(refname)%00%(objectname)%00%(*objectname) [561ms]
2026-09-07 20:12:12.819 [info] > git status -z -uall [669ms]
2026-09-07 20:12:13.653 [info] > git check-ignore -v -z --stdin [459ms]
2026-09-07 20:12:40.625 [info] > git check-ignore -v -z --stdin [1807ms]
2026-09-07 20:13:03.887 [info] > git for-each-ref --format=%(refname)%00%(upstream:short)%00%(objectname)%00%(upstream:track)%00%(upstream:remotename)%00%(upstream:remoteref) --ignore-case refs/heads/main refs/remotes/main [23277ms]
2026-09-07 20:13:03.888 [info] > git config --get commit.template [23366ms]
2026-09-07 20:13:05.169 [info] > git for-each-ref --sort -committerdate --format %(refname)%00%(objectname)%00%(*objectname) [863ms]
2026-09-07 20:13:05.190 [info] > git check-ignore -v -z --stdin [682ms]
2026-09-07 20:13:05.641 [info] > git status -z -uall [1361ms]
2026-09-07 20:13:06.569 [info] > git check-ignore -v -z --stdin [235ms]
2026-09-07 20:13:43.443 [info] > git check-ignore -v -z --stdin [895ms]
2026-09-07 20:13:48.067 [info] > git for-each-ref --format=%(refname)%00%(upstream:short)%00%(objectname)%00%(upstream:track)%00%(upstream:remotename)%00%(upstream:remoteref) --ignore-case refs/heads/main refs/remotes/main [2654ms]
2026-09-07 20:13:48.067 [info] > git config --get commit.template [3037ms]
2026-09-07 20:13:48.337 [info] > git check-ignore -v -z --stdin [2969ms]
2026-09-07 20:13:49.028 [info] > git for-each-ref --sort -committerdate --format %(refname)%00%(objectname)%00%(*objectname) [694ms]
2026-09-07 20:13:49.068 [info] > git status -z -uall [770ms]
2026-09-07 20:13:49.127 [info] > git check-ignore -v -z --stdin [570ms]
2026-09-07 20:13:49.891 [info] > git check-ignore -v -z --stdin [438ms]
2026-09-07 20:13:52.654 [info] > git check-ignore -v -z --stdin [195ms]
2026-09-07 20:13:54.750 [info] > git config --get commit.template [242ms]
2026-09-07 20:13:54.781 [info] > git for-each-ref --format=%(refname)%00%(upstream:short)%00%(objectname)%00%(upstream:track)%00%(upstream:remotename)%00%(upstream:remoteref) --ignore-case refs/heads/main refs/remotes/main [263ms]
2026-09-07 20:13:55.979 [info] > git for-each-ref --sort -committerdate --format %(refname)%00%(objectname)%00%(*objectname) [1165ms]
2026-09-07 20:13:56.413 [info] > git status -z -uall [1621ms]
2026-09-07 20:13:56.914 [info] > git check-ignore -v -z --stdin [136ms]
2026-09-07 20:14:18.219 [info] > git check-ignore -v -z --stdin [240ms]
2026-09-07 20:14:18.519 [info] > git check-ignore -v -z --stdin [148ms]
2026-09-07 20:14:18.976 [info] > git check-ignore -v -z --stdin [160ms]
2026-09-07 20:14:19.349 [info] > git check-ignore -v -z --stdin [136ms]
2026-09-07 20:14:21.854 [info] > git check-ignore -v -z --stdin [1332ms]
2026-09-07 20:14:22.368 [info] > git check-ignore -v -z --stdin [362ms]
2026-09-07 20:14:22.724 [info] > git config --get commit.template [602ms]
2026-09-07 20:14:22.787 [info] > git for-each-ref --format=%(refname)%00%(upstream:short)%00%(objectname)%00%(upstream:track)%00%(upstream:remotename)%00%(upstream:remoteref) --ignore-case refs/heads/main refs/remotes/main [653ms]
2026-09-07 20:14:23.390 [info] > git for-each-ref --sort -committerdate --format %(refname)%00%(objectname)%00%(*objectname) [560ms]
2026-09-07 20:14:23.441 [info] > git status -z -uall [639ms]
2026-09-07 20:14:24.087 [info] > git check-ignore -v -z --stdin [286ms]
2026-09-07 20:14:24.409 [info] > git check-ignore -v -z --stdin [190ms]
2026-09-07 20:14:26.811 [info] > git check-ignore -v -z --stdin [511ms]
2026-09-07 20:14:27.932 [info] > git check-ignore -v -z --stdin [224ms]
2026-09-07 20:14:28.245 [info] > git check-ignore -v -z --stdin [197ms]
2026-09-07 20:14:28.934 [info] > git for-each-ref --format=%(refname)%00%(upstream:short)%00%(objectname)%00%(upstream:track)%00%(upstream:remotename)%00%(upstream:remoteref) --ignore-case refs/heads/main refs/remotes/main [446ms]
2026-09-07 20:14:28.949 [info] > git config --get commit.template [472ms]
2026-09-07 20:14:29.339 [info] > git status -z -uall [382ms]
2026-09-07 20:14:29.344 [info] > git for-each-ref --sort -committerdate --format %(refname)%00%(objectname)%00%(*objectname) [345ms]
2026-09-07 20:14:29.915 [info] > git check-ignore -v -z --stdin [190ms]
2026-09-07 20:14:31.818 [info] > git check-ignore -v -z --stdin [484ms]
2026-09-07 20:14:33.636 [info] > git check-ignore -v -z --stdin [901ms]
2026-09-07 20:14:35.953 [info] > git for-each-ref --format=%(refname)%00%(upstream:short)%00%(objectname)%00%(upstream:track)%00%(upstream:remotename)%00%(upstream:remoteref) --ignore-case refs/heads/main refs/remotes/main [1532ms]
2026-09-07 20:14:35.954 [info] > git config --get commit.template [1550ms]
2026-09-07 20:14:37.614 [info] > git check-ignore -v -z --stdin [3234ms]
2026-09-07 20:14:38.984 [info] > git status -z -uall [760ms]
2026-09-07 20:14:39.016 [info] > git for-each-ref --sort -committerdate --format %(refname)%00%(objectname)%00%(*objectname) [777ms]
2026-09-07 20:14:39.113 [info] > git check-ignore -v -z --stdin [804ms]
2026-09-07 20:14:39.616 [info] > git check-ignore -v -z --stdin [204ms]
2026-09-07 20:14:40.205 [info] > git check-ignore -v -z --stdin [214ms]
2026-09-07 20:14:40.820 [info] > git check-ignore -v -z --stdin [322ms]
2026-09-07 20:14:54.284 [info] > git config --get commit.template [1731ms]
2026-09-07 20:14:54.313 [info] > git for-each-ref --format=%(refname)%00%(upstream:short)%00%(objectname)%00%(upstream:track)%00%(upstream:remotename)%00%(upstream:remoteref) --ignore-case refs/heads/main refs/remotes/main [1540ms]
2026-09-07 20:14:55.166 [info] > git for-each-ref --sort -committerdate --format %(refname)%00%(objectname)%00%(*objectname) [808ms]
2026-09-07 20:14:56.662 [info] > git status -z -uall [2337ms]
2026-09-07 20:15:05.845 [info] > git check-ignore -v -z --stdin [375ms]
2026-09-07 20:15:31.283 [info] > git config --get commit.template [3733ms]
2026-09-07 20:15:31.357 [info] > git for-each-ref --format=%(refname)%00%(upstream:short)%00%(objectname)%00%(upstream:track)%00%(upstream:remotename)%00%(upstream:remoteref) --ignore-case refs/heads/main refs/remotes/main [3505ms]
2026-09-07 20:15:32.104 [info] > git for-each-ref --sort -committerdate --format %(refname)%00%(objectname)%00%(*objectname) [658ms]
2026-09-07 20:15:33.917 [info] > git status -z -uall [2484ms]
2026-09-07 20:15:41.067 [info] > git check-ignore -v -z --stdin [184ms]
2026-09-07 20:15:48.240 [info] > git check-ignore -v -z --stdin [255ms]
2026-09-07 20:15:48.547 [info] > git check-ignore -v -z --stdin [150ms]
2026-09-07 20:15:51.001 [info] > git config --get commit.template [434ms]
2026-09-07 20:15:51.016 [info] > git for-each-ref --format=%(refname)%00%(upstream:short)%00%(objectname)%00%(upstream:track)%00%(upstream:remotename)%00%(upstream:remoteref) --ignore-case refs/heads/main refs/remotes/main [435ms]
2026-09-07 20:15:51.309 [info] > git for-each-ref --sort -committerdate --format %(refname)%00%(objectname)%00%(*objectname) [273ms]
2026-09-07 20:15:51.317 [info] > git status -z -uall [292ms]
2026-09-07 20:15:51.853 [info] > git check-ignore -v -z --stdin [175ms]
2026-09-07 20:15:57.002 [info] > git for-each-ref --format=%(refname)%00%(upstream:short)%00%(objectname)%00%(upstream:track)%00%(upstream:remotename)%00%(upstream:remoteref) --ignore-case refs/heads/main refs/remotes/main [626ms]
2026-09-07 20:15:57.011 [info] > git config --get commit.template [644ms]
2026-09-07 20:15:57.487 [info] > git check-ignore -v -z --stdin [554ms]
2026-09-07 20:15:57.598 [info] > git status -z -uall [539ms]
2026-09-07 20:15:57.615 [info] > git for-each-ref --sort -committerdate --format %(refname)%00%(objectname)%00%(*objectname) [521ms]
2026-09-07 20:16:01.179 [info] > git check-ignore -v -z --stdin [1635ms]
2026-09-07 20:16:03.449 [info] > git for-each-ref --format=%(refname)%00%(upstream:short)%00%(objectname)%00%(upstream:track)%00%(upstream:remotename)%00%(upstream:remoteref) --ignore-case refs/heads/main refs/remotes/main [285ms]
2026-09-07 20:16:03.590 [info] > git config --get commit.template [433ms]
2026-09-07 20:16:04.036 [info] > git status -z -uall [437ms]
2026-09-07 20:16:04.857 [info] > git for-each-ref --sort -committerdate --format %(refname)%00%(objectname)%00%(*objectname) [1207ms]
2026-09-07 20:16:11.236 [info] > git check-ignore -v -z --stdin [1789ms]
2026-09-07 20:16:12.898 [info] > git for-each-ref --format=%(refname)%00%(upstream:short)%00%(objectname)%00%(upstream:track)%00%(upstream:remotename)%00%(upstream:remoteref) --ignore-case refs/heads/main refs/remotes/main [581ms]
2026-09-07 20:16:12.917 [info] > git config --get commit.template [629ms]
2026-09-07 20:16:13.699 [info] > git for-each-ref --sort -committerdate --format %(refname)%00%(objectname)%00%(*objectname) [751ms]
2026-09-07 20:16:13.735 [info] > git status -z -uall [805ms]
2026-09-07 20:16:13.895 [info] > git check-ignore -v -z --stdin [637ms]
2026-09-07 20:16:14.903 [info] > git check-ignore -v -z --stdin [755ms]
2026-09-07 20:16:19.394 [info] > git for-each-ref --format=%(refname)%00%(upstream:short)%00%(objectname)%00%(upstream:track)%00%(upstream:remotename)%00%(upstream:remoteref) --ignore-case refs/heads/main refs/remotes/main [483ms]
2026-09-07 20:16:19.405 [info] > git config --get commit.template [547ms]
2026-09-07 20:16:19.927 [info] > git for-each-ref --sort -committerdate --format %(refname)%00%(objectname)%00%(*objectname) [440ms]
2026-09-07 20:16:19.952 [info] > git status -z -uall [476ms]
2026-09-07 20:16:20.517 [info] > git check-ignore -v -z --stdin [214ms]
2026-09-07 20:16:37.973 [info] > git config --get commit.template [2484ms]
2026-09-07 20:16:37.999 [info] > git for-each-ref --format=%(refname)%00%(upstream:short)%00%(objectname)%00%(upstream:track)%00%(upstream:remotename)%00%(upstream:remoteref) --ignore-case refs/heads/main refs/remotes/main [2449ms]
2026-09-07 20:16:39.044 [info] > git for-each-ref --sort -committerdate --format %(refname)%00%(objectname)%00%(*objectname) [493ms]
2026-09-07 20:16:40.629 [info] > git status -z -uall [2604ms]
2026-09-07 20:16:46.656 [info] > git config --get commit.template [990ms]
2026-09-07 20:16:46.666 [info] > git for-each-ref --format=%(refname)%00%(upstream:short)%00%(objectname)%00%(upstream:track)%00%(upstream:remotename)%00%(upstream:remoteref) --ignore-case refs/heads/main refs/remotes/main [659ms]
2026-09-07 20:16:48.094 [info] > git for-each-ref --sort -committerdate --format %(refname)%00%(objectname)%00%(*objectname) [1409ms]
2026-09-07 20:16:49.113 [info] > git status -z -uall [2436ms]
2026-09-07 20:17:01.472 [info] > git check-ignore -v -z --stdin [310ms]
2026-09-07 20:17:02.841 [info] > git ls-tree -l HEAD -- src/app/pages/dashboard/dashboard.css [563ms]
2026-09-07 20:17:02.845 [info] > git show --textconv HEAD:src/app/pages/dashboard/dashboard.css [701ms]
2026-09-07 20:17:02.846 [info] > git ls-files --stage -- src/app/pages/dashboard/dashboard.css [595ms]
2026-09-07 20:17:02.999 [info] > git show --textconv :src/app/pages/dashboard/dashboard.css [908ms]
2026-09-07 20:17:03.274 [info] > git cat-file -s a144600715a28dcd011be49d73c26b028502613b [388ms]
2026-09-07 20:17:10.735 [info] > git check-ignore -v -z --stdin [217ms]
2026-09-07 20:17:12.307 [info] > git check-ignore -v -z --stdin [710ms]
2026-09-07 20:17:13.333 [info] > git check-ignore -v -z --stdin [576ms]
2026-09-07 20:17:14.941 [info] > git config --get commit.template [463ms]
2026-09-07 20:17:17.422 [info] > git for-each-ref --format=%(refname)%00%(upstream:short)%00%(objectname)%00%(upstream:track)%00%(upstream:remotename)%00%(upstream:remoteref) --ignore-case refs/heads/main refs/remotes/main [2935ms]
2026-09-07 20:17:17.532 [info] > git check-ignore -v -z --stdin [2544ms]
2026-09-07 20:17:18.311 [info] > git for-each-ref --sort -committerdate --format %(refname)%00%(objectname)%00%(*objectname) [803ms]
2026-09-07 20:17:20.623 [info] > git status -z -uall [3191ms]
2026-09-07 20:17:20.846 [info] > git check-ignore -v -z --stdin [665ms]
2026-09-07 20:17:23.157 [info] > git check-ignore -v -z --stdin [498ms]
2026-09-07 20:17:24.842 [info] > git check-ignore -v -z --stdin [364ms]
2026-09-07 20:17:26.604 [info] > git config --get commit.template [957ms]
2026-09-07 20:17:30.847 [info] > git check-ignore -v -z --stdin [4972ms]
2026-09-07 20:17:30.855 [info] > git for-each-ref --format=%(refname)%00%(upstream:short)%00%(objectname)%00%(upstream:track)%00%(upstream:remotename)%00%(upstream:remoteref) --ignore-case refs/heads/main refs/remotes/main [5198ms]
2026-09-07 20:17:35.276 [info] > git for-each-ref --sort -committerdate --format %(refname)%00%(objectname)%00%(*objectname) [4040ms]
2026-09-07 20:17:36.554 [info] > git status -z -uall [5600ms]
2026-09-07 20:17:38.082 [info] > git check-ignore -v -z --stdin [1000ms]
2026-09-07 20:17:39.480 [info] > git check-ignore -v -z --stdin [1240ms]
2026-09-07 20:17:43.674 [info] > git config --get commit.template [1809ms]
2026-09-07 20:17:43.684 [info] > git for-each-ref --format=%(refname)%00%(upstream:short)%00%(objectname)%00%(upstream:track)%00%(upstream:remotename)%00%(upstream:remoteref) --ignore-case refs/heads/main refs/remotes/main [1775ms]
2026-09-07 20:17:45.890 [info] > git for-each-ref --sort -committerdate --format %(refname)%00%(objectname)%00%(*objectname) [2177ms]
2026-09-07 20:17:46.010 [info] > git status -z -uall [2313ms]
2026-09-07 20:17:46.888 [info] > git check-ignore -v -z --stdin [279ms]
2026-09-07 20:18:18.253 [info] > git check-ignore -v -z --stdin [664ms]
2026-09-07 20:18:20.062 [info] > git for-each-ref --format=%(refname)%00%(upstream:short)%00%(objectname)%00%(upstream:track)%00%(upstream:remotename)%00%(upstream:remoteref) --ignore-case refs/heads/main refs/remotes/main [506ms]
2026-09-07 20:18:20.174 [info] > git check-ignore -v -z --stdin [698ms]
2026-09-07 20:18:20.190 [info] > git config --get commit.template [652ms]
2026-09-07 20:18:20.826 [info] > git for-each-ref --sort -committerdate --format %(refname)%00%(objectname)%00%(*objectname) [578ms]
2026-09-07 20:18:20.992 [info] > git status -z -uall [787ms]
2026-09-07 20:18:23.927 [info] > git check-ignore -v -z --stdin [2402ms]
2026-09-07 20:18:47.787 [info] > git check-ignore -v -z --stdin [190ms]
2026-09-07 20:18:49.883 [info] > git config --get commit.template [355ms]
2026-09-07 20:18:49.904 [info] > git for-each-ref --format=%(refname)%00%(upstream:short)%00%(objectname)%00%(upstream:track)%00%(upstream:remotename)%00%(upstream:remoteref) --ignore-case refs/heads/main refs/remotes/main [336ms]
2026-09-07 20:18:50.391 [info] > git for-each-ref --sort -committerdate --format %(refname)%00%(objectname)%00%(*objectname) [466ms]
2026-09-07 20:18:50.453 [info] > git status -z -uall [537ms]
2026-09-07 20:18:51.016 [info] > git check-ignore -v -z --stdin [190ms]
2026-09-07 20:18:51.682 [info] > git check-ignore -v -z --stdin [151ms]
2026-09-07 20:18:52.876 [info] > git check-ignore -v -z --stdin [320ms]
2026-09-07 20:18:53.490 [info] > git check-ignore -v -z --stdin [466ms]
2026-09-07 20:19:57.098 [info] > git config --get commit.template [1548ms]
2026-09-07 20:19:57.130 [info] > git for-each-ref --format=%(refname)%00%(upstream:short)%00%(objectname)%00%(upstream:track)%00%(upstream:remotename)%00%(upstream:remoteref) --ignore-case refs/heads/main refs/remotes/main [1349ms]
2026-09-07 20:19:57.375 [info] > git for-each-ref --sort -committerdate --format %(refname)%00%(objectname)%00%(*objectname) [211ms]
2026-09-07 20:19:57.397 [info] > git status -z -uall [253ms]
2026-09-07 20:19:57.885 [info] > git check-ignore -v -z --stdin [151ms]
2026-09-07 20:20:02.164 [info] > git check-ignore -v -z --stdin [139ms]
2026-09-07 20:20:22.480 [info] > git check-ignore -v -z --stdin [12546ms]
2026-09-07 20:20:25.445 [info] > git config --get commit.template [3081ms]
2026-09-07 20:20:26.238 [info] > git for-each-ref --format=%(refname)%00%(upstream:short)%00%(objectname)%00%(upstream:track)%00%(upstream:remotename)%00%(upstream:remoteref) --ignore-case refs/heads/main refs/remotes/main [3297ms]
2026-09-07 20:20:27.549 [info] > git check-ignore -v -z --stdin [921ms]
2026-09-07 20:20:27.561 [info] > git for-each-ref --sort -committerdate --format %(refname)%00%(objectname)%00%(*objectname) [1161ms]
2026-09-07 20:20:30.458 [info] > git status -z -uall [4078ms]
2026-09-07 20:20:34.004 [info] > git check-ignore -v -z --stdin [262ms]
2026-09-07 20:20:37.236 [info] > git config --get commit.template [1699ms]
2026-09-07 20:20:37.299 [info] > git for-each-ref --format=%(refname)%00%(upstream:short)%00%(objectname)%00%(upstream:track)%00%(upstream:remotename)%00%(upstream:remoteref) --ignore-case refs/heads/main refs/remotes/main [1713ms]
2026-09-07 20:20:38.263 [info] > git for-each-ref --sort -committerdate --format %(refname)%00%(objectname)%00%(*objectname) [792ms]
2026-09-07 20:20:38.405 [info] > git status -z -uall [1070ms]
2026-09-07 20:20:38.928 [info] > git check-ignore -v -z --stdin [163ms]
2026-09-07 20:21:11.408 [info] > git check-ignore -v -z --stdin [302ms]
2026-09-07 20:21:11.998 [info] > git check-ignore -v -z --stdin [187ms]
2026-09-07 20:21:12.918 [info] > git check-ignore -v -z --stdin [185ms]
2026-09-07 20:21:15.037 [info] > git config --get commit.template [522ms]
2026-09-07 20:21:15.210 [info] > git for-each-ref --format=%(refname)%00%(upstream:short)%00%(objectname)%00%(upstream:track)%00%(upstream:remotename)%00%(upstream:remoteref) --ignore-case refs/heads/main refs/remotes/main [644ms]
2026-09-07 20:21:15.684 [info] > git for-each-ref --sort -committerdate --format %(refname)%00%(objectname)%00%(*objectname) [324ms]
2026-09-07 20:21:15.704 [info] > git status -z -uall [357ms]
2026-09-07 20:21:16.363 [info] > git check-ignore -v -z --stdin [289ms]
2026-09-07 20:21:18.418 [info] > git check-ignore -v -z --stdin [208ms]
2026-09-07 20:21:19.178 [info] > git check-ignore -v -z --stdin [141ms]
2026-09-07 20:21:20.973 [info] > git check-ignore -v -z --stdin [457ms]
2026-09-07 20:21:21.495 [info] > git config --get commit.template [568ms]
2026-09-07 20:21:21.517 [info] > git for-each-ref --format=%(refname)%00%(upstream:short)%00%(objectname)%00%(upstream:track)%00%(upstream:remotename)%00%(upstream:remoteref) --ignore-case refs/heads/main refs/remotes/main [576ms]
2026-09-07 20:21:22.524 [info] > git status -z -uall [991ms]
2026-09-07 20:21:22.561 [info] > git for-each-ref --sort -committerdate --format %(refname)%00%(objectname)%00%(*objectname) [1013ms]
2026-09-07 20:21:22.651 [info] > git check-ignore -v -z --stdin [658ms]
2026-09-07 20:21:23.736 [info] > git check-ignore -v -z --stdin [599ms]
2026-09-07 20:21:31.114 [info] > git config --get commit.template [1794ms]
2026-09-07 20:21:31.124 [info] > git for-each-ref --format=%(refname)%00%(upstream:short)%00%(objectname)%00%(upstream:track)%00%(upstream:remotename)%00%(upstream:remoteref) --ignore-case refs/heads/main refs/remotes/main [1522ms]
2026-09-07 20:21:31.366 [info] > git for-each-ref --sort -committerdate --format %(refname)%00%(objectname)%00%(*objectname) [219ms]
2026-09-07 20:21:31.381 [info] > git status -z -uall [246ms]
2026-09-07 20:21:31.873 [info] > git check-ignore -v -z --stdin [149ms]
2026-09-07 20:21:59.824 [info] > git config --get commit.template [691ms]
2026-09-07 20:21:59.901 [info] > git for-each-ref --format=%(refname)%00%(upstream:short)%00%(objectname)%00%(upstream:track)%00%(upstream:remotename)%00%(upstream:remoteref) --ignore-case refs/heads/main refs/remotes/main [749ms]
2026-09-07 20:22:00.557 [info] > git status -z -uall [603ms]
2026-09-07 20:22:00.635 [info] > git for-each-ref --sort -committerdate --format %(refname)%00%(objectname)%00%(*objectname) [659ms]
2026-09-07 20:22:01.394 [info] > git check-ignore -v -z --stdin [295ms]
2026-09-07 20:22:03.760 [info] > git check-ignore -v -z --stdin [312ms]
2026-09-07 20:22:08.671 [info] > git for-each-ref --format=%(refname)%00%(upstream:short)%00%(objectname)%00%(upstream:track)%00%(upstream:remotename)%00%(upstream:remoteref) --ignore-case refs/heads/main refs/remotes/main [2668ms]
2026-09-07 20:22:08.672 [info] > git config --get commit.template [2974ms]
2026-09-07 20:22:09.155 [info] > git check-ignore -v -z --stdin [534ms]
2026-09-07 20:22:09.467 [info] > git for-each-ref --sort -committerdate --format %(refname)%00%(objectname)%00%(*objectname) [758ms]
2026-09-07 20:22:10.104 [info] > git status -z -uall [1407ms]
2026-09-07 20:22:26.128 [info] > git check-ignore -v -z --stdin [5213ms]
2026-09-07 20:22:30.165 [info] > git check-ignore -v -z --stdin [132ms]
2026-09-07 20:22:41.061 [info] > git config --get commit.template [564ms]
2026-09-07 20:22:41.079 [info] > git for-each-ref --format=%(refname)%00%(upstream:short)%00%(objectname)%00%(upstream:track)%00%(upstream:remotename)%00%(upstream:remoteref) --ignore-case refs/heads/main refs/remotes/main [436ms]
2026-09-07 20:22:41.592 [info] > git status -z -uall [498ms]
2026-09-07 20:22:41.630 [info] > git for-each-ref --sort -committerdate --format %(refname)%00%(objectname)%00%(*objectname) [410ms]
2026-09-07 20:22:43.143 [info] > git check-ignore -v -z --stdin [815ms]
2026-09-07 20:22:46.995 [info] > git for-each-ref --format=%(refname)%00%(upstream:short)%00%(objectname)%00%(upstream:track)%00%(upstream:remotename)%00%(upstream:remoteref) --ignore-case refs/heads/main refs/remotes/main [319ms]
2026-09-07 20:22:46.999 [info] > git config --get commit.template [332ms]
2026-09-07 20:22:47.429 [info] > git for-each-ref --sort -committerdate --format %(refname)%00%(objectname)%00%(*objectname) [411ms]
2026-09-07 20:22:47.455 [info] > git status -z -uall [448ms]
2026-09-07 20:22:48.179 [info] > git check-ignore -v -z --stdin [363ms]
2026-09-07 20:22:53.369 [info] > git check-ignore -v -z --stdin [350ms]
2026-09-07 20:22:53.920 [info] > git check-ignore -v -z --stdin [252ms]
2026-09-07 20:22:54.414 [info] > git check-ignore -v -z --stdin [196ms]
2026-09-07 20:22:56.744 [info] > git config --get commit.template [621ms]
2026-09-07 20:22:56.778 [info] > git for-each-ref --format=%(refname)%00%(upstream:short)%00%(objectname)%00%(upstream:track)%00%(upstream:remotename)%00%(upstream:remoteref) --ignore-case refs/heads/main refs/remotes/main [644ms]
2026-09-07 20:22:57.158 [info] > git for-each-ref --sort -committerdate --format %(refname)%00%(objectname)%00%(*objectname) [333ms]
2026-09-07 20:22:57.159 [info] > git status -z -uall [366ms]
2026-09-07 20:23:01.099 [info] > git check-ignore -v -z --stdin [2525ms]
2026-09-07 20:29:04.441 [info] > git config --get commit.template [638ms]
2026-09-07 20:29:04.446 [info] > git for-each-ref --format=%(refname)%00%(upstream:short)%00%(objectname)%00%(upstream:track)%00%(upstream:remotename)%00%(upstream:remoteref) --ignore-case refs/heads/main refs/remotes/main [476ms]
2026-09-07 20:29:04.658 [info] > git for-each-ref --sort -committerdate --format %(refname)%00%(objectname)%00%(*objectname) [189ms]
2026-09-07 20:29:04.701 [info] > git status -z -uall [242ms]
2026-09-07 20:29:10.732 [info] > git check-ignore -v -z --stdin [678ms]
2026-09-07 20:29:26.419 [info] > git log --format=%H%n%aN%n%aE%n%at%n%ct%n%P%n%D%n%B -z --shortstat --diff-merges=first-parent -n50 --skip=0 --topo-order --decorate=full --stdin [2235ms]
2026-09-07 20:29:27.087 [info] > git merge-base main origin/main [498ms]
2026-09-07 20:33:09.514 [info] > git -c user.useConfigOnly=true commit --quiet --allow-empty-message --file - [642ms]
2026-09-07 20:33:09.525 [info] error: Committing is not possible because you have unmerged files.
hint: Fix them up in the work tree, and then use 'git add/rm <file>'
hint: as appropriate to mark resolution and make a commit.
fatal: Exiting because of an unresolved conflict.
2026-09-07 20:33:09.830 [info] > git config --get commit.template [263ms]
2026-09-07 20:33:09.837 [info] > git for-each-ref --format=%(refname)%00%(upstream:short)%00%(objectname)%00%(upstream:track)%00%(upstream:remotename)%00%(upstream:remoteref) --ignore-case refs/heads/main refs/remotes/main [238ms]
2026-09-07 20:33:10.099 [info] > git for-each-ref --sort -committerdate --format %(refname)%00%(objectname)%00%(*objectname) [240ms]
2026-09-07 20:33:10.139 [info] > git status -z -uall [292ms]
2026-09-07 20:33:11.616 [info] > git check-ignore -v -z --stdin [300ms]
2026-09-07 21:28:53.196 [info] > git config --get commit.template [587ms]
2026-09-07 21:28:53.244 [info] > git for-each-ref --format=%(refname)%00%(upstream:short)%00%(objectname)%00%(upstream:track)%00%(upstream:remotename)%00%(upstream:remoteref) --ignore-case refs/heads/main refs/remotes/main [478ms]
2026-09-07 21:28:59.711 [info] > git status -z -uall [5043ms]
2026-09-07 21:29:00.129 [info] > git for-each-ref --sort -committerdate --format %(refname)%00%(objectname)%00%(*objectname) [4071ms]
